SEQN,CVD,age,pir,BMXWAIST,TCHOL,LBXMCVSI,LBXRDW,LBXPLTSI,LBXWBCSI,HSCRP
130378,0.0,43,5.0,98.3,264.0,87.4,12.9,259.0,4.7,1.78
130379,0.0,66,5.0,114.7,214.0,95.8,12.8,221.0,6.3,2.03
130380,0.0,44,1.41,93.5,187.0,82.5,13.3,235.0,5.7,5.62
130381,0.0,5,1.53,70.4,178.0,87.9,13.5,259.0,6.7,1.45
130382,0.0,2,3.6,92.7,178.0,79.2,14.6,342.0,11.4,1.45
130383,0.0,3,2.5,92.7,178.0,87.9,13.5,259.0,6.7,1.45
130384,0.0,43,0.63,92.7,178.0,87.9,13.5,259.0,6.7,1.45
130385,0.0,65,5.0,92.7,178.0,87.9,13.5,259.0,6.7,1.45
130386,0.0,34,1.33,106.1,183.0,86.1,12.8,250.0,5.5,1.05
130387,0.0,68,1.32,122.0,203.0,86.9,14.3,237.0,6.0,3.96
130388,0.0,27,0.81,118.5,178.0,76.4,14.9,267.0,8.3,1.45
130389,0.0,59,5.0,98.7,178.0,90.1,13.6,130.0,5.8,1.45
130390,0.0,31,2.16,131.0,159.0,81.1,15.5,195.0,9.7,11.2
130391,0.0,33,0.93,123.8,157.0,82.3,14.5,329.0,9.5,3.55
130392,0.0,74,3.04,92.7,191.0,84.3,15.8,178.0,5.6,9.46
130393,0.0,39,5.0,143.8,179.0,82.9,14.8,297.0,5.4,4.36
130394,0.0,51,5.0,92.1,183.0,87.0,12.9,232.0,6.6,0.92
130395,0.0,33,1.1,142.5,178.0,91.9,14.1,248.0,10.0,11.83
130396,0.0,56,4.82,97.9,214.0,91.9,13.1,261.0,6.8,0.94
130397,1.0,67,4.48,136.1,178.0,85.6,13.6,199.0,5.5,1.41
130398,0.0,47,1.67,94.8,189.0,85.7,13.3,292.0,6.2,5.22
130399,0.0,68,5.0,86.0,193.0,92.2,13.0,189.0,4.5,0.26
130400,0.0,26,0.91,97.0,173.0,83.3,13.0,238.0,8.5,4.86
130401,0.0,18,3.36,100.3,178.0,87.9,13.5,259.0,6.7,1.45
130402,0.0,26,5.0,92.7,135.0,86.2,12.4,275.0,5.3,0.49
130403,0.0,12,5.0,92.7,174.0,81.5,13.8,288.0,10.6,6.67
130404,0.0,73,4.42,103.0,179.0,90.7,13.3,235.0,6.4,13.7
130405,0.0,3,1.3,51.1,178.0,87.9,13.5,259.0,6.7,1.45
130406,0.0,26,3.22,82.6,141.0,90.3,13.1,294.0,9.3,1.89
130407,0.0,73,4.37,89.9,231.0,94.0,12.6,205.0,5.5,0.24
130408,0.0,80,1.02,77.6,169.0,96.3,13.3,178.0,4.0,0.95
130409,0.0,68,3.14,108.4,163.0,86.1,13.5,215.0,6.2,3.84
130410,0.0,77,3.62,92.7,178.0,87.9,13.5,259.0,6.7,1.45
130411,0.0,4,2.16,52.0,178.0,87.9,13.5,259.0,6.7,1.45
130412,0.0,7,0.63,69.8,178.0,87.9,13.5,259.0,6.7,1.45
130413,0.0,67,0.05,111.5,217.0,86.4,13.2,233.0,8.0,10.26
130414,0.0,16,0.02,132.2,178.0,87.1,13.5,328.0,9.3,1.45
130415,0.0,61,0.11,114.5,157.0,82.3,15.2,313.0,8.8,18.05
130416,0.0,59,2.5,88.3,189.0,86.5,13.7,226.0,5.7,2.71
130417,0.0,58,5.0,92.7,178.0,87.9,13.5,259.0,6.7,1.45
130418,1.0,53,0.2,107.0,155.0,83.7,19.5,217.0,8.1,3.14
130419,0.0,18,2.64,101.0,166.0,77.7,15.0,272.0,10.4,6.41
130420,0.0,18,1.02,112.0,219.0,88.7,13.4,381.0,8.2,3.2
130421,0.0,13,2.09,92.7,178.0,87.9,13.5,259.0,6.7,1.45
130422,0.0,66,3.82,98.1,165.0,91.3,12.7,184.0,6.2,0.34
130423,0.0,15,1.99,106.2,162.0,88.3,14.3,190.0,6.8,3.53
130424,0.0,19,2.5,92.7,165.0,86.4,13.4,220.0,6.4,1.83
130425,0.0,68,1.91,113.8,125.0,69.3,19.3,171.0,4.7,4.67
130426,0.0,67,0.88,98.3,178.0,91.4,14.3,278.0,8.8,7.31
130427,0.0,80,2.46,92.7,178.0,87.9,13.5,259.0,6.7,1.45
130428,0.0,2,2.5,92.7,178.0,87.9,13.5,259.0,6.7,1.45
130429,0.0,14,3.42,58.9,214.0,83.2,13.2,350.0,6.3,0.33
130430,0.0,27,3.43,77.4,123.0,90.6,12.3,328.0,5.7,0.33
130431,0.0,80,1.19,100.1,161.0,92.9,13.5,188.0,5.6,0.59
130432,0.0,11,1.14,90.9,264.0,77.2,14.5,343.0,14.3,13.18
130433,0.0,14,5.0,65.2,169.0,87.4,12.6,256.0,5.4,0.11
130434,1.0,54,0.67,150.5,154.0,89.3,14.7,203.0,7.8,5.31
130435,0.0,17,5.0,81.6,116.0,63.8,15.6,359.0,5.9,0.98
130436,0.0,50,5.0,105.0,129.0,91.1,13.4,197.0,7.0,0.71
130437,0.0,43,1.09,109.0,194.0,86.0,13.9,304.0,8.7,2.75
130438,0.0,63,5.0,98.0,168.0,86.3,13.1,274.0,5.5,0.52
130439,0.0,42,1.03,92.7,178.0,87.9,13.5,259.0,6.7,1.45
130440,0.0,19,4.22,94.7,178.0,81.8,14.7,241.0,7.7,1.45
130441,0.0,33,5.0,77.5,192.0,96.9,12.3,256.0,5.0,0.39
130442,0.0,43,5.0,92.7,165.0,89.6,12.5,264.0,12.1,8.18
130443,0.0,41,0.65,93.2,151.0,94.2,13.3,236.0,5.8,0.44
130444,0.0,77,4.36,101.8,188.0,84.6,12.7,277.0,4.5,2.93
130445,0.0,38,5.0,92.7,178.0,87.9,13.5,259.0,6.7,1.45
130446,0.0,57,2.5,92.7,178.0,87.9,13.5,259.0,6.7,1.45
130447,0.0,14,5.0,63.6,148.0,88.4,14.1,289.0,5.2,0.16
130448,0.0,13,1.81,92.7,178.0,87.9,13.5,259.0,6.7,1.45
130449,0.0,26,3.47,117.2,177.0,88.1,12.9,331.0,7.1,2.09
130450,1.0,54,1.65,116.0,205.0,92.3,13.5,222.0,6.1,0.93
130451,0.0,6,0.53,92.7,178.0,87.9,13.5,259.0,6.7,1.45
130452,0.0,30,2.5,92.7,178.0,87.9,13.5,259.0,6.7,1.45
130453,0.0,70,3.82,133.3,165.0,93.0,13.1,249.0,7.6,4.5
130454,0.0,12,1.15,88.1,143.0,79.4,13.5,226.0,8.2,1.54
130455,0.0,2,2.5,92.7,178.0,87.9,13.5,259.0,6.7,1.45
130456,0.0,24,2.33,77.2,198.0,90.5,12.9,272.0,8.1,0.68
130457,0.0,38,5.0,78.0,168.0,89.0,14.3,379.0,10.3,6.67
130458,0.0,6,4.46,49.8,178.0,87.9,13.5,259.0,6.7,1.45
130459,0.0,41,0.44,92.7,178.0,87.9,13.5,259.0,6.7,1.45
130460,0.0,15,5.0,77.0,154.0,85.6,13.7,296.0,13.3,0.8
130461,0.0,71,5.0,138.0,196.0,90.4,13.6,333.0,11.9,17.05
130462,0.0,27,1.12,92.7,178.0,87.9,13.5,259.0,6.7,1.45
130463,0.0,7,1.99,53.2,178.0,87.9,13.5,259.0,6.7,1.45
130464,1.0,72,0.48,92.7,178.0,87.9,13.5,259.0,6.7,1.45
130465,1.0,77,5.0,125.0,84.0,103.6,14.3,177.0,8.2,4.67
130466,0.0,69,2.5,81.2,200.0,100.0,13.5,154.0,4.5,0.34
130467,0.0,53,1.08,89.2,167.0,88.9,13.6,320.0,11.8,0.68
130468,0.0,28,5.0,92.7,178.0,87.9,13.5,259.0,6.7,1.45
130469,0.0,26,1.14,92.7,178.0,87.9,13.5,259.0,6.7,1.45
130470,0.0,64,2.5,92.7,178.0,87.9,13.5,259.0,6.7,1.45
130471,0.0,10,2.92,59.5,178.0,86.1,13.6,317.0,5.8,0.18
130472,0.0,11,0.86,98.2,171.0,72.1,14.7,354.0,6.6,12.15
130473,0.0,26,5.0,76.1,216.0,95.9,12.6,301.0,6.5,0.55
130474,0.0,55,5.0,77.6,234.0,92.6,13.1,196.0,6.1,0.5
130475,0.0,55,5.0,105.8,155.0,87.0,12.6,236.0,8.7,7.24
130476,0.0,30,2.11,92.7,178.0,87.9,13.5,259.0,6.7,1.45
130477,0.0,50,5.0,87.6,264.0,86.3,13.7,266.0,4.9,0.9
130478,0.0,69,2.5,66.0,197.0,88.5,13.4,258.0,7.4,2.07
130479,0.0,7,0.77,66.5,178.0,87.9,13.5,259.0,6.7,1.45
130480,0.0,16,1.13,79.5,120.0,85.1,14.1,252.0,6.2,0.9
130481,0.0,5,2.68,51.0,178.0,74.7,13.1,329.0,6.6,0.26
130482,0.0,17,2.5,106.5,178.0,90.9,13.0,226.0,6.4,1.47
130483,0.0,27,1.14,92.7,178.0,87.9,13.5,259.0,6.7,1.45
130484,0.0,22,1.27,117.5,178.0,87.9,13.5,259.0,6.7,1.45
130485,0.0,76,1.29,92.7,178.0,87.9,13.5,259.0,6.7,1.45
130486,0.0,22,0.44,92.7,178.0,87.9,13.5,259.0,6.7,1.45
130487,0.0,72,0.12,92.7,178.0,87.9,13.5,259.0,6.7,1.45
130488,0.0,11,0.03,55.5,178.0,87.9,13.5,259.0,6.7,1.45
130489,0.0,57,2.73,97.0,172.0,91.2,12.7,213.0,7.6,0.42
130490,0.0,4,1.15,48.9,178.0,82.3,13.0,347.0,8.8,0.11
130491,1.0,69,0.79,125.0,175.0,95.7,13.8,310.0,8.2,5.65
130492,0.0,18,2.98,118.6,133.0,79.5,14.8,334.0,8.7,1.32
130493,1.0,72,2.5,105.4,157.0,89.2,14.7,199.0,5.7,1.89
130494,0.0,73,1.52,100.6,217.0,87.7,13.5,230.0,4.8,2.17
130495,0.0,60,0.96,116.2,164.0,89.3,13.2,440.0,8.1,2.44
130496,0.0,40,5.0,92.7,178.0,87.9,13.5,259.0,6.7,1.45
130497,0.0,74,2.06,109.1,204.0,91.2,13.8,256.0,6.5,1.11
130498,0.0,10,0.41,82.4,134.0,78.8,13.2,278.0,8.0,0.49
130499,0.0,14,2.67,92.7,178.0,87.9,13.5,259.0,6.7,1.45
130500,0.0,60,3.97,82.3,146.0,87.4,14.5,242.0,7.5,1.05
130501,0.0,8,2.82,92.7,178.0,87.9,13.5,259.0,6.7,1.45
130502,0.0,71,4.06,96.9,196.0,95.1,13.0,158.0,4.9,0.66
130503,0.0,75,3.44,140.3,146.0,95.6,13.0,266.0,6.6,4.66
130504,0.0,67,3.43,92.7,167.0,88.6,14.0,156.0,4.5,2.53
130505,0.0,59,0.42,92.7,178.0,87.9,13.5,259.0,6.7,1.45
130506,0.0,22,2.43,74.0,136.0,71.7,18.2,270.0,6.4,0.11
130507,0.0,1,1.7,92.7,178.0,78.3,12.9,369.0,6.4,0.11
130508,0.0,69,0.73,85.6,194.0,87.7,13.1,300.0,10.6,7.35
130509,0.0,51,5.0,117.0,178.0,86.3,14.5,426.0,13.9,29.89
130510,0.0,9,2.09,62.7,178.0,87.9,13.5,259.0,6.7,1.45
130511,0.0,5,1.98,56.2,178.0,80.0,13.4,285.0,4.2,0.11
130512,0.0,80,0.7,92.7,178.0,87.9,13.5,259.0,6.7,1.45
130513,0.0,11,5.0,58.0,178.0,82.1,13.5,312.0,5.9,0.22
130514,0.0,15,2.92,92.7,178.0,87.9,13.5,259.0,6.7,1.45
130515,0.0,54,1.64,88.4,210.0,88.6,13.7,218.0,6.4,0.36
130516,0.0,30,0.65,92.7,178.0,87.9,13.5,259.0,6.7,1.45
130517,0.0,30,3.02,91.1,193.0,84.5,13.2,424.0,6.3,0.37
130518,0.0,5,2.5,50.5,178.0,87.9,13.5,259.0,6.7,1.45
130519,0.0,80,2.5,92.7,178.0,87.9,13.5,259.0,6.7,1.45
130520,0.0,29,5.0,77.2,145.0,87.7,12.6,187.0,5.3,0.35
130521,0.0,9,0.91,71.6,178.0,87.9,13.5,259.0,6.7,1.45
130522,1.0,58,1.46,106.5,144.0,97.2,13.3,264.0,13.4,4.47
130523,0.0,61,5.0,84.0,237.0,94.9,14.2,249.0,5.5,0.43
130524,0.0,14,0.96,68.1,160.0,82.4,13.9,233.0,5.7,0.35
130525,0.0,70,2.5,92.9,189.0,93.6,13.5,211.0,5.6,0.72
130526,0.0,15,2.92,92.7,178.0,87.9,13.5,259.0,6.7,1.45
130527,0.0,79,4.31,99.5,161.0,91.5,13.0,243.0,5.2,0.33
130528,0.0,17,2.5,65.7,178.0,87.9,13.5,259.0,6.7,1.45
130529,0.0,6,2.5,92.7,178.0,87.9,13.5,259.0,6.7,1.45
130530,0.0,69,1.23,80.1,239.0,86.5,12.3,269.0,4.0,1.09
130531,0.0,11,0.05,62.7,178.0,87.9,13.5,259.0,6.7,1.45
130532,0.0,10,3.02,92.7,178.0,87.9,13.5,259.0,6.7,1.45
130533,1.0,80,4.71,92.7,103.0,91.1,16.1,141.0,6.3,3.88
130534,0.0,10,1.83,65.4,154.0,85.9,12.9,307.0,6.6,0.21
130535,0.0,7,0.58,51.4,178.0,87.9,13.5,259.0,6.7,1.45
130536,0.0,9,1.13,59.9,175.0,81.5,14.0,250.0,6.0,0.17
130537,0.0,62,3.58,99.0,159.0,89.2,13.9,299.0,3.9,3.8
130538,0.0,63,5.0,103.1,170.0,94.6,13.4,199.0,5.8,0.4
130539,0.0,15,5.0,71.6,178.0,87.9,13.5,259.0,6.7,1.45
130540,0.0,31,0.86,139.7,178.0,79.7,18.1,328.0,10.1,1.45
130541,0.0,30,2.5,76.7,177.0,88.1,13.7,380.0,8.5,0.82
130542,0.0,17,0.87,99.8,113.0,77.4,16.0,243.0,6.8,2.38
130543,0.0,14,1.29,92.7,178.0,87.9,13.5,259.0,6.7,1.45
130544,0.0,46,4.02,92.7,178.0,87.9,13.5,259.0,6.7,1.45
130545,0.0,32,2.5,91.3,203.0,84.9,13.8,263.0,5.9,0.8
130546,0.0,24,2.5,75.0,165.0,88.2,13.0,266.0,4.6,0.22
130547,0.0,78,5.0,92.7,197.0,97.6,14.8,165.0,6.4,0.69
130549,0.0,43,2.33,92.7,178.0,87.9,13.5,259.0,6.7,1.45
130550,0.0,66,5.0,83.4,231.0,91.3,12.9,252.0,4.7,1.67
130551,0.0,1,3.17,92.7,178.0,87.9,13.5,259.0,6.7,1.45
130552,0.0,54,0.92,99.1,188.0,88.3,15.9,195.0,4.0,1.51
130553,0.0,28,5.0,92.8,229.0,73.5,15.6,332.0,7.2,3.24
130554,0.0,77,2.5,92.7,178.0,87.9,13.5,259.0,6.7,1.45
130555,0.0,64,5.0,101.8,251.0,89.5,13.2,162.0,5.2,0.55
130556,0.0,15,1.57,70.5,186.0,89.1,13.3,304.0,8.3,0.27
130557,1.0,62,3.57,130.4,130.0,90.7,14.7,350.0,13.7,4.64
130558,0.0,69,0.92,106.8,210.0,91.7,14.5,235.0,11.3,1.5
130559,0.0,66,5.0,95.3,199.0,95.5,13.2,213.0,4.9,0.69
130560,0.0,41,2.52,92.7,178.0,87.9,13.5,259.0,6.7,1.45
130561,0.0,8,1.85,92.7,178.0,87.9,13.5,259.0,6.7,1.45
130562,0.0,63,0.51,104.7,217.0,82.7,13.8,266.0,6.9,4.74
130563,0.0,78,4.62,98.0,171.0,84.7,14.9,226.0,5.5,3.31
130564,0.0,2,0.43,48.5,178.0,78.5,14.0,288.0,9.3,1.45
130565,0.0,3,2.5,92.7,178.0,87.9,13.5,259.0,6.7,1.45
130566,0.0,66,0.07,107.6,196.0,88.9,13.6,194.0,6.6,6.36
130567,0.0,39,1.82,92.7,178.0,87.9,13.5,259.0,6.7,1.45
130568,0.0,80,1.94,99.6,201.0,94.9,13.2,260.0,7.1,1.41
130569,0.0,47,1.41,84.2,200.0,90.0,13.8,198.0,4.2,8.57
130570,0.0,56,1.2,118.5,178.0,90.6,13.5,353.0,7.3,1.45
130571,1.0,77,2.5,104.9,207.0,88.6,13.9,259.0,6.5,0.8
130572,0.0,24,1.79,92.7,178.0,87.9,13.5,259.0,6.7,1.45
130573,0.0,65,3.97,104.0,153.0,87.7,12.8,303.0,8.3,2.32
130574,0.0,20,2.5,78.0,178.0,87.9,13.5,259.0,6.7,1.45
130575,0.0,15,2.5,91.0,225.0,88.9,12.5,377.0,7.4,0.6
130576,0.0,50,0.18,102.8,107.0,88.5,14.5,254.0,6.0,0.17
130577,0.0,61,1.66,109.3,232.0,87.8,16.3,189.0,6.5,4.74
130578,0.0,51,3.24,90.7,178.0,87.9,13.5,259.0,6.7,1.45
130579,1.0,80,5.0,100.1,108.0,91.1,14.2,213.0,6.6,0.84
130580,0.0,51,2.5,107.4,203.0,84.6,13.7,308.0,5.2,2.88
130581,0.0,1,0.3,92.7,178.0,87.9,13.5,259.0,6.7,1.45
130582,0.0,32,2.16,100.3,214.0,84.6,13.3,221.0,4.5,0.65
130583,0.0,2,1.91,44.4,178.0,79.8,12.1,426.0,6.2,0.48
130584,0.0,11,2.88,74.7,153.0,84.4,12.6,232.0,6.6,0.31
130585,0.0,60,2.61,113.7,183.0,76.2,15.9,196.0,7.8,3.17
130586,0.0,8,1.37,92.7,178.0,87.9,13.5,259.0,6.7,1.45
130587,0.0,18,1.72,89.2,172.0,85.6,14.7,296.0,5.8,13.36
130588,0.0,32,2.61,91.6,178.0,79.1,13.6,258.0,4.9,1.45
130589,1.0,58,0.69,92.7,178.0,87.9,13.5,259.0,6.7,1.45
130590,0.0,51,4.08,98.7,142.0,89.3,13.4,282.0,12.9,3.52
130591,0.0,16,2.5,93.2,126.0,91.5,12.6,259.0,5.0,1.9
130592,0.0,62,5.0,92.7,178.0,87.9,13.5,259.0,6.7,1.45
130593,1.0,79,2.41,112.6,178.0,94.9,14.8,174.0,8.1,1.97
130594,0.0,12,1.13,97.5,178.0,87.9,13.5,259.0,6.7,1.45
130595,0.0,25,2.5,92.7,178.0,87.9,13.5,259.0,6.7,1.45
130596,0.0,66,2.5,122.0,215.0,82.9,14.3,306.0,5.7,5.08
130597,0.0,57,2.17,92.7,178.0,87.9,13.5,259.0,6.7,1.45
130598,0.0,60,5.0,97.0,164.0,91.8,12.9,165.0,7.2,0.31
130599,0.0,54,2.17,133.0,184.0,88.1,14.9,234.0,8.5,3.15
130600,0.0,42,0.57,98.6,178.0,89.0,14.0,205.0,5.1,1.45
130601,0.0,56,4.54,86.2,211.0,88.9,13.6,227.0,5.8,1.66
130602,0.0,7,5.0,55.2,137.0,79.4,14.0,393.0,15.4,1.32
130603,1.0,75,4.17,109.0,156.0,92.2,15.1,231.0,5.5,0.77
130604,1.0,61,2.31,118.0,176.0,84.6,15.8,153.0,6.6,2.45
130605,0.0,1,1.97,92.7,178.0,79.2,13.6,406.0,10.7,0.11
130606,0.0,29,4.68,110.8,183.0,87.2,13.0,303.0,9.2,2.34
130607,0.0,36,0.61,109.0,237.0,86.4,13.2,254.0,6.8,3.1
130608,0.0,5,1.71,92.7,178.0,87.9,13.5,259.0,6.7,1.45
130609,0.0,40,2.5,80.9,218.0,88.6,14.3,326.0,6.9,0.89
130610,0.0,22,2.5,92.7,178.0,87.9,13.5,259.0,6.7,1.45
130611,0.0,70,2.5,101.9,291.0,95.5,13.3,290.0,7.4,3.29
130612,0.0,52,2.18,92.7,178.0,87.9,13.5,259.0,6.7,1.45
130613,0.0,13,2.5,81.6,178.0,87.9,13.5,259.0,6.7,1.45
130614,0.0,8,2.5,92.7,178.0,87.9,13.5,259.0,6.7,1.45
130615,0.0,16,0.69,92.7,178.0,87.9,13.5,259.0,6.7,1.45
130616,0.0,43,5.0,95.0,179.0,94.5,13.4,266.0,5.2,1.19
130617,0.0,36,5.0,72.5,166.0,93.6,12.6,351.0,10.8,0.75
130618,0.0,48,5.0,92.7,178.0,87.9,13.5,259.0,6.7,1.45
130619,0.0,27,0.87,94.4,150.0,82.0,13.8,251.0,5.8,0.25
130620,0.0,76,1.84,92.7,178.0,87.9,13.5,259.0,6.7,1.45
130621,0.0,68,5.0,102.8,123.0,85.7,13.3,281.0,7.3,0.86
130622,0.0,12,1.49,92.7,178.0,87.9,13.5,259.0,6.7,1.45
130623,0.0,46,3.7,88.5,194.0,84.3,14.5,238.0,7.5,1.02
130624,0.0,5,0.93,51.7,178.0,87.9,13.5,259.0,6.7,1.45
130625,0.0,13,2.85,92.7,178.0,87.9,13.5,259.0,6.7,1.45
130626,0.0,69,3.3,92.7,178.0,87.9,13.5,259.0,6.7,1.45
130627,0.0,73,3.0,121.8,150.0,85.0,13.5,232.0,10.5,2.3
130628,0.0,22,2.52,75.5,125.0,92.1,13.1,172.0,6.4,0.98
130629,0.0,73,5.0,99.5,147.0,96.1,14.5,103.0,3.4,0.6
130630,0.0,17,3.47,92.7,178.0,87.9,13.5,259.0,6.7,1.45
130631,0.0,29,2.5,92.7,178.0,87.9,13.5,259.0,6.7,1.45
130633,0.0,47,2.85,92.7,178.0,87.9,13.5,259.0,6.7,1.45
130634,0.0,51,2.82,73.7,224.0,85.2,13.6,221.0,5.9,0.53
130635,0.0,14,5.0,92.7,178.0,87.9,13.5,259.0,6.7,1.45
130636,0.0,57,2.5,92.7,244.0,87.9,14.0,199.0,6.3,0.32
130637,0.0,61,5.0,99.2,239.0,86.9,13.7,299.0,6.7,1.71
130638,0.0,17,1.01,95.9,123.0,90.6,14.3,225.0,4.5,1.39
130639,0.0,4,1.41,50.4,178.0,83.0,14.1,281.0,7.0,1.45
130640,0.0,31,0.23,81.5,106.0,76.7,15.4,215.0,6.7,3.62
130642,0.0,43,5.0,106.0,240.0,82.2,14.8,437.0,15.1,9.05
130643,0.0,73,2.5,101.8,102.0,98.1,15.3,130.0,5.0,0.91
130644,0.0,30,3.02,99.7,168.0,89.8,13.8,381.0,8.3,3.75
130645,0.0,47,0.39,72.3,171.0,93.9,13.5,179.0,4.7,0.43
130646,0.0,79,2.5,123.2,188.0,91.6,17.1,314.0,8.4,9.19
130647,1.0,65,1.04,168.0,151.0,91.7,13.9,244.0,7.2,2.14
130648,0.0,12,5.0,92.7,178.0,87.9,13.5,259.0,6.7,1.45
130649,0.0,40,0.85,92.7,178.0,87.9,13.5,259.0,6.7,1.45
130650,0.0,2,2.5,92.7,178.0,87.9,13.5,259.0,6.7,1.45
130651,0.0,80,3.68,92.7,140.0,92.0,14.1,195.0,4.7,15.37
130652,0.0,34,1.97,87.0,208.0,88.4,13.0,269.0,8.0,0.76
130653,0.0,11,2.0,92.7,178.0,87.9,13.5,259.0,6.7,1.45
130654,0.0,72,2.29,92.0,331.0,89.0,14.3,341.0,10.6,1.51
130655,0.0,69,5.0,89.8,203.0,93.2,12.9,203.0,3.5,0.29
130656,0.0,64,1.01,98.0,219.0,89.5,13.5,277.0,12.2,1.61
130657,0.0,3,2.5,92.7,178.0,87.9,13.5,259.0,6.7,1.45
130658,0.0,69,0.77,116.9,120.0,84.3,14.6,242.0,9.9,6.82
130659,0.0,55,2.5,92.7,178.0,87.9,13.5,259.0,6.7,1.45
130660,0.0,5,4.56,51.3,178.0,82.9,14.2,374.0,6.5,0.11
130661,0.0,16,2.69,67.9,178.0,87.9,13.5,259.0,6.7,1.45
130662,1.0,52,0.85,98.8,191.0,91.1,16.1,264.0,4.9,1.75
130663,0.0,76,2.73,93.2,190.0,79.8,14.6,328.0,6.9,3.96
130664,0.0,37,0.89,92.7,246.0,90.3,14.9,310.0,7.8,4.17
130665,0.0,55,0.88,80.8,171.0,89.5,12.9,413.0,8.0,1.67
130666,0.0,57,3.28,127.3,180.0,84.2,13.8,169.0,7.6,12.22
130667,0.0,36,2.5,80.7,178.0,87.9,13.5,259.0,6.7,1.45
130668,0.0,34,1.35,106.8,150.0,91.2,13.9,275.0,6.5,1.7
130669,1.0,80,5.0,92.7,178.0,87.9,13.5,259.0,6.7,1.45
130670,0.0,70,1.61,115.7,162.0,90.3,14.7,249.0,6.4,2.71
130671,0.0,25,1.84,98.0,132.0,91.3,12.2,244.0,6.7,4.34
130672,0.0,15,3.15,92.7,178.0,87.9,13.5,259.0,6.7,1.45
130673,0.0,12,2.5,67.2,158.0,79.2,13.5,228.0,4.5,8.08
130674,0.0,68,2.21,86.4,228.0,93.7,13.1,285.0,7.1,0.74
130675,1.0,67,5.0,92.7,178.0,87.9,13.5,259.0,6.7,1.45
130676,0.0,25,1.37,76.7,173.0,93.2,12.1,167.0,5.2,0.52
130677,0.0,10,2.5,88.0,154.0,77.1,12.3,308.0,7.9,1.4
130678,0.0,45,2.5,92.7,178.0,87.9,13.5,259.0,6.7,1.45
130679,0.0,5,0.56,92.7,178.0,87.9,13.5,259.0,6.7,1.45
130680,0.0,12,2.03,65.6,178.0,87.9,13.5,259.0,6.7,1.45
130681,0.0,37,2.5,92.7,178.0,87.9,13.5,259.0,6.7,1.45
130682,0.0,9,0.51,55.5,172.0,77.4,14.6,301.0,7.0,0.23
130683,0.0,62,5.0,89.5,211.0,89.3,13.6,245.0,7.1,0.96
130684,0.0,16,2.98,78.9,178.0,87.9,13.5,259.0,6.7,1.45
130685,0.0,5,2.5,92.7,178.0,87.9,13.5,259.0,6.7,1.45
130686,0.0,58,1.4,102.6,191.0,99.5,12.2,281.0,11.7,0.9
130687,1.0,73,2.13,107.9,126.0,84.4,14.2,259.0,7.4,8.94
130688,0.0,72,2.17,115.1,194.0,83.9,14.0,190.0,7.4,7.53
130689,0.0,8,2.43,61.4,178.0,87.9,13.5,259.0,6.7,1.45
130690,0.0,61,2.5,91.1,293.0,91.7,13.2,327.0,6.3,2.13
130691,0.0,32,5.0,84.0,205.0,93.8,13.5,266.0,6.0,1.18
130692,0.0,44,3.18,92.7,184.0,93.0,16.7,169.0,7.2,1.04
130693,0.0,14,0.83,122.0,186.0,73.6,18.0,262.0,4.7,1.2
130694,0.0,27,1.15,92.7,178.0,87.9,13.5,259.0,6.7,1.45
130695,0.0,12,2.21,104.1,131.0,81.1,12.8,223.0,4.4,1.42
130696,0.0,1,1.22,92.7,178.0,73.1,14.0,347.0,5.8,0.11
130697,0.0,20,1.91,75.9,124.0,90.0,12.6,240.0,5.9,2.22
130698,0.0,15,1.44,99.3,148.0,91.4,13.3,186.0,7.7,1.61
130699,0.0,5,4.0,49.5,178.0,87.9,13.5,259.0,6.7,1.45
130700,0.0,11,0.49,92.7,178.0,87.9,13.5,259.0,6.7,1.45
130701,0.0,33,3.09,76.7,125.0,86.3,13.0,318.0,7.4,0.35
130702,0.0,7,3.24,54.3,187.0,84.0,12.5,537.0,8.5,1.5
130703,0.0,51,1.09,126.2,207.0,89.0,13.9,262.0,9.1,7.73
130704,0.0,66,0.88,89.3,178.0,87.9,13.5,259.0,6.7,1.45
130705,0.0,64,5.0,132.2,223.0,84.5,13.7,175.0,4.9,1.92
130706,0.0,2,1.14,92.7,178.0,87.9,13.5,259.0,6.7,1.45
130707,0.0,22,4.37,68.5,185.0,84.3,13.9,280.0,3.5,1.66
130708,0.0,58,5.0,99.8,183.0,92.9,13.6,251.0,5.4,1.25
130709,0.0,4,2.85,92.7,178.0,87.9,13.5,259.0,6.7,1.45
130710,0.0,77,2.87,101.5,233.0,92.7,13.3,318.0,6.6,1.57
130711,0.0,28,1.44,72.2,204.0,90.7,13.3,237.0,6.8,0.54
130712,0.0,46,0.0,92.7,178.0,87.9,13.5,259.0,6.7,1.45
130713,1.0,69,4.42,97.2,120.0,86.0,13.7,192.0,6.0,1.31
130714,0.0,8,0.75,92.7,178.0,87.9,13.5,259.0,6.7,1.45
130715,0.0,48,3.88,87.5,196.0,85.6,13.0,240.0,5.6,18.09
130716,0.0,5,1.03,51.0,178.0,81.6,13.6,299.0,5.7,0.32
130717,0.0,68,2.13,101.3,119.0,85.9,13.0,374.0,6.1,10.82
130718,0.0,65,1.51,113.3,143.0,91.7,13.4,141.0,6.1,3.88
130719,0.0,54,2.5,92.7,178.0,87.9,13.5,259.0,6.7,1.45
130720,1.0,46,0.79,76.5,155.0,87.8,12.9,293.0,6.3,0.4
130721,0.0,14,0.41,69.0,178.0,87.9,13.5,259.0,6.7,1.45
130722,0.0,62,1.75,92.7,113.0,91.4,13.5,194.0,7.4,1.16
130723,0.0,76,1.85,101.4,178.0,85.9,14.4,248.0,6.3,1.45
130724,0.0,68,5.0,92.7,178.0,87.9,13.5,259.0,6.7,1.45
130725,0.0,15,1.99,111.9,143.0,86.1,14.0,238.0,9.6,6.86
130726,0.0,29,2.5,92.7,178.0,87.9,13.5,259.0,6.7,1.45
130727,0.0,8,2.5,88.7,133.0,75.8,12.4,364.0,5.1,6.39
130728,0.0,13,5.0,67.2,179.0,80.0,12.5,245.0,5.1,0.75
130729,0.0,19,0.24,92.1,151.0,83.5,14.3,361.0,10.2,2.08
130730,0.0,76,5.0,100.2,235.0,85.1,13.9,353.0,5.1,0.87
130731,0.0,2,1.81,46.8,178.0,77.8,13.7,259.0,6.2,1.45
130732,0.0,6,5.0,92.7,178.0,87.9,13.5,259.0,6.7,1.45
130733,0.0,68,2.57,92.7,178.0,87.9,13.5,259.0,6.7,1.45
130734,0.0,40,2.58,86.8,119.0,91.5,15.2,241.0,9.8,2.6
130735,0.0,10,2.5,68.7,159.0,85.7,12.8,225.0,5.4,0.41
130736,0.0,1,2.5,92.7,178.0,87.9,13.5,259.0,6.7,1.45
130737,0.0,2,4.33,40.3,178.0,79.4,14.5,396.0,9.0,0.23
130738,0.0,80,2.5,92.7,178.0,87.9,13.5,259.0,6.7,1.45
130739,0.0,64,1.26,103.0,113.0,89.4,14.6,245.0,5.9,0.53
130740,0.0,4,5.0,48.3,178.0,87.9,13.0,357.0,10.7,2.51
130741,0.0,29,2.82,92.7,178.0,87.9,13.5,259.0,6.7,1.45
130742,0.0,62,4.57,127.8,204.0,90.0,12.9,266.0,5.1,1.89
130743,1.0,80,2.5,85.7,144.0,91.5,14.7,196.0,6.0,0.83
130744,0.0,33,1.81,122.0,200.0,87.6,13.8,289.0,8.7,5.95
130745,0.0,38,1.85,93.5,187.0,86.1,13.4,325.0,6.6,2.99
130746,0.0,45,0.86,115.4,161.0,57.8,20.1,351.0,6.8,1.73
130747,0.0,50,2.5,92.7,178.0,87.9,13.5,259.0,6.7,1.45
130748,0.0,68,4.31,92.7,178.0,87.9,13.5,259.0,6.7,1.45
130749,0.0,34,5.0,92.7,178.0,87.9,13.5,259.0,6.7,1.45
130750,0.0,80,1.16,92.7,178.0,87.9,13.5,259.0,6.7,1.45
130751,0.0,6,0.01,92.7,178.0,87.9,13.5,259.0,6.7,1.45
130752,1.0,68,0.18,99.9,180.0,88.9,14.4,205.0,6.2,12.28
130753,1.0,57,0.0,92.7,178.0,87.9,13.5,259.0,6.7,1.45
130754,1.0,62,0.0,111.5,160.0,99.0,12.8,315.0,7.2,0.5
130755,0.0,4,1.05,57.0,178.0,87.9,13.5,259.0,6.7,1.45
130756,0.0,4,0.91,92.7,178.0,87.9,13.5,259.0,6.7,1.45
130757,0.0,9,3.41,55.5,161.0,80.7,13.2,344.0,6.9,0.2
130758,0.0,15,2.5,69.1,167.0,87.7,13.5,230.0,4.8,0.25
130759,0.0,65,1.03,83.3,222.0,93.0,14.2,239.0,7.8,0.33
130760,0.0,36,4.32,80.8,169.0,89.3,13.3,298.0,7.4,0.44
130761,0.0,43,1.91,80.9,222.0,92.7,13.2,359.0,7.4,1.07
130762,0.0,28,2.5,79.7,233.0,89.3,13.0,268.0,7.9,2.22
130763,0.0,13,2.5,74.5,227.0,89.4,12.9,308.0,5.4,0.24
130764,0.0,22,0.34,92.7,178.0,87.9,13.5,259.0,6.7,1.45
130765,0.0,14,3.33,73.8,178.0,87.9,13.5,259.0,6.7,1.45
130766,0.0,80,2.5,92.7,178.0,87.9,13.5,259.0,6.7,1.45
130767,0.0,70,1.62,102.4,172.0,89.4,12.4,212.0,5.4,0.37
130768,0.0,71,1.23,81.1,269.0,92.0,13.3,291.0,5.6,0.46
130769,0.0,22,1.48,89.3,136.0,87.3,12.5,236.0,5.8,0.41
130770,0.0,4,3.13,92.7,178.0,87.9,13.5,259.0,6.7,1.45
130771,0.0,57,1.61,84.7,325.0,83.9,15.0,220.0,6.7,1.27
130772,0.0,5,3.41,53.0,178.0,87.9,13.5,259.0,6.7,1.45
130773,0.0,11,1.55,92.7,178.0,87.9,13.5,259.0,6.7,1.45
130774,0.0,50,0.23,89.0,178.0,74.6,17.1,215.0,5.8,1.45
130775,0.0,67,5.0,101.9,284.0,91.0,13.6,175.0,6.1,1.47
130776,0.0,40,0.75,74.2,193.0,80.8,17.9,207.0,6.4,1.78
130777,0.0,30,0.0,100.3,254.0,87.9,12.9,317.0,7.8,0.81
130778,0.0,15,5.0,92.7,178.0,87.9,13.5,259.0,6.7,1.45
130779,0.0,19,4.88,66.0,111.0,86.6,12.4,208.0,6.4,0.32
130780,0.0,58,1.39,97.7,111.0,98.3,14.8,155.0,6.8,8.64
130781,1.0,66,1.84,112.3,129.0,95.7,18.6,352.0,7.0,1.11
130782,0.0,43,5.0,77.6,251.0,90.9,12.9,224.0,4.1,0.11
130783,0.0,11,0.84,92.4,150.0,84.1,13.3,294.0,10.5,1.96
130784,0.0,4,0.72,53.4,178.0,87.9,13.5,259.0,6.7,1.45
130785,0.0,33,1.69,74.5,162.0,87.9,13.5,259.0,6.7,1.73
130786,0.0,73,2.5,100.8,226.0,87.8,13.8,285.0,5.6,1.48
130787,0.0,80,2.47,92.7,178.0,87.9,13.5,259.0,6.7,1.45
130788,0.0,39,5.0,80.5,201.0,91.6,13.7,108.0,5.9,1.02
130789,0.0,15,2.26,75.5,152.0,83.7,13.4,331.0,5.8,0.22
130790,0.0,5,0.83,51.0,178.0,87.9,13.5,259.0,6.7,1.45
130791,0.0,52,3.22,117.0,178.0,86.8,12.9,242.0,4.9,8.09
130792,0.0,12,3.69,66.7,194.0,89.1,13.4,312.0,4.7,0.11
130793,0.0,71,2.5,109.5,153.0,86.3,13.9,327.0,8.7,2.63
130794,0.0,4,2.39,52.4,178.0,82.6,14.6,454.0,7.1,0.2
130795,0.0,14,5.0,68.4,128.0,81.4,13.6,297.0,11.4,1.73
130796,0.0,47,3.45,108.4,145.0,93.9,14.5,420.0,9.2,5.99
130797,1.0,73,5.0,113.6,151.0,91.7,13.6,160.0,7.3,2.64
130798,0.0,7,2.5,92.7,178.0,87.9,13.5,259.0,6.7,1.45
130799,1.0,47,2.5,129.6,178.0,87.9,13.5,259.0,6.7,1.45
130800,0.0,28,2.5,69.8,133.0,85.8,14.2,300.0,5.8,0.22
130801,0.0,56,0.88,86.1,88.0,87.3,14.8,179.0,7.9,1.71
130802,0.0,63,4.37,93.5,160.0,94.8,13.2,317.0,6.5,3.08
130803,0.0,4,3.37,72.8,178.0,87.9,13.5,259.0,6.7,1.45
130804,0.0,52,0.92,124.8,178.0,87.9,13.5,259.0,6.7,1.45
130805,0.0,35,0.65,155.5,341.0,84.4,14.0,291.0,8.6,4.74
130806,0.0,77,3.11,83.5,178.0,92.5,13.3,192.0,5.0,1.45
130807,0.0,60,0.66,79.0,139.0,85.3,14.7,141.0,5.2,0.5
130808,0.0,12,2.5,88.0,201.0,74.7,15.2,261.0,8.2,1.27
130809,0.0,80,1.16,92.7,178.0,87.9,13.5,259.0,6.7,1.45
130810,0.0,69,1.44,95.1,210.0,94.0,14.3,256.0,7.2,0.7
130811,0.0,59,0.85,101.9,249.0,84.9,16.4,241.0,8.0,4.46
130813,0.0,13,0.0,92.7,178.0,87.9,13.5,259.0,6.7,1.45
130814,0.0,22,4.62,92.7,178.0,87.9,13.5,259.0,6.7,1.45
130815,0.0,51,2.58,88.0,169.0,92.1,14.1,227.0,5.7,1.52
130816,0.0,12,1.09,89.7,162.0,71.9,15.7,274.0,9.5,1.38
130817,0.0,4,2.5,92.7,178.0,87.9,13.5,259.0,6.7,1.45
130818,0.0,36,2.8,92.7,226.0,74.4,15.5,245.0,7.8,17.86
130819,0.0,4,0.97,92.7,178.0,87.9,13.5,259.0,6.7,1.45
130820,0.0,3,2.7,92.7,178.0,87.9,13.5,259.0,6.7,1.45
130821,1.0,71,5.0,92.7,178.0,87.9,13.5,259.0,6.7,1.45
130822,0.0,8,1.71,72.0,178.0,87.9,13.5,259.0,6.7,1.45
130823,0.0,11,5.0,66.1,145.0,83.9,11.9,222.0,5.2,0.11
130824,0.0,8,2.54,60.1,199.0,87.2,12.6,303.0,8.5,0.27
130825,0.0,14,1.61,92.7,178.0,87.9,13.5,259.0,6.7,1.45
130826,0.0,79,3.3,126.8,166.0,90.5,15.6,221.0,8.1,8.74
130827,0.0,33,5.0,101.2,225.0,87.0,12.8,240.0,10.0,0.72
130828,0.0,22,0.0,87.7,227.0,86.0,13.1,288.0,6.0,0.91
130829,0.0,73,3.55,108.4,144.0,88.8,13.5,200.0,5.0,1.67
130830,0.0,62,4.23,92.6,209.0,90.9,12.9,210.0,8.1,0.65
130831,0.0,16,5.0,87.8,133.0,88.2,13.6,254.0,7.2,1.48
130832,1.0,63,2.25,113.4,168.0,91.5,13.1,287.0,8.1,7.13
130833,0.0,42,3.68,72.8,276.0,93.7,12.8,387.0,3.4,0.17
130834,0.0,30,2.5,94.8,195.0,87.9,13.5,259.0,6.7,16.72
130835,0.0,45,5.0,92.7,178.0,87.9,13.5,259.0,6.7,1.45
130836,0.0,61,1.13,126.9,195.0,90.3,13.4,197.0,5.4,1.53
130837,0.0,44,2.0,92.7,178.0,87.9,13.5,259.0,6.7,1.45
130838,1.0,60,5.0,104.8,131.0,89.5,13.3,159.0,7.3,0.51
130839,1.0,56,0.88,92.7,217.0,88.1,14.9,185.0,13.0,11.53
130840,0.0,16,1.4,70.2,145.0,79.9,14.7,244.0,3.5,0.16
130841,0.0,79,1.85,100.4,225.0,92.5,12.8,219.0,6.5,1.17
130842,0.0,27,4.83,143.4,147.0,85.4,12.8,268.0,9.2,4.58
130843,0.0,46,1.1,88.5,193.0,96.0,13.8,372.0,6.5,0.36
130844,0.0,43,5.0,92.7,178.0,87.9,13.5,259.0,6.7,1.45
130845,0.0,72,5.0,107.6,235.0,87.6,13.6,294.0,12.8,10.02
130846,0.0,16,0.02,81.6,140.0,90.6,13.4,214.0,5.4,4.3
130847,0.0,74,1.69,122.3,173.0,90.4,13.7,224.0,5.9,1.17
130848,0.0,33,2.5,78.1,171.0,71.3,15.7,410.0,5.3,0.88
130849,0.0,6,1.44,92.7,178.0,87.9,13.5,259.0,6.7,1.45
130850,0.0,13,0.88,93.3,150.0,79.3,13.9,319.0,8.6,0.34
130851,0.0,8,5.0,58.5,124.0,85.6,13.0,325.0,5.1,0.38
130852,0.0,3,2.5,52.9,178.0,85.0,12.8,395.0,7.4,1.05
130853,0.0,2,5.0,44.9,178.0,78.7,14.6,513.0,8.4,1.45
130854,0.0,80,2.5,81.5,132.0,94.2,14.1,181.0,4.5,4.09
130855,0.0,14,1.91,125.7,102.0,87.2,14.0,340.0,9.7,3.26
130856,1.0,80,3.28,98.0,166.0,92.7,13.8,282.0,9.3,13.32
130857,0.0,13,2.17,72.4,167.0,86.0,13.3,195.0,5.9,0.24
130858,0.0,4,2.5,92.7,178.0,87.9,13.5,259.0,6.7,1.45
130859,0.0,4,4.43,52.8,178.0,82.8,12.7,253.0,7.0,0.28
130860,0.0,50,5.0,92.7,178.0,87.9,13.5,259.0,6.7,1.45
130861,1.0,78,4.92,99.8,184.0,90.2,13.5,271.0,7.7,3.53
130862,0.0,10,0.48,75.0,163.0,85.8,12.2,296.0,5.3,0.11
130863,0.0,80,5.0,105.2,139.0,92.0,18.0,320.0,8.6,1.16
130864,1.0,52,2.5,106.3,267.0,87.5,17.0,178.0,6.6,9.09
130865,1.0,65,3.3,89.2,243.0,92.0,12.8,191.0,8.3,0.85
130866,0.0,11,5.0,55.0,178.0,89.7,12.1,248.0,5.0,2.78
130867,0.0,49,0.94,95.9,216.0,90.2,16.7,358.0,6.4,2.25
130868,0.0,23,2.94,84.6,202.0,88.2,13.0,308.0,6.4,0.45
130869,0.0,1,2.5,92.7,178.0,87.9,13.5,259.0,6.7,1.45
130870,0.0,80,2.5,92.7,178.0,87.9,13.5,259.0,6.7,1.45
130871,1.0,65,5.0,121.1,101.0,86.5,20.3,231.0,6.7,3.52
130872,0.0,57,2.5,92.7,178.0,87.9,13.5,259.0,6.7,1.45
130873,0.0,12,0.61,68.6,128.0,81.6,15.2,277.0,4.8,0.24
130874,0.0,19,3.36,76.8,178.0,87.9,13.5,259.0,6.7,1.45
130875,0.0,71,2.54,101.6,193.0,87.3,13.0,263.0,6.1,5.64
130876,0.0,4,4.5,49.3,178.0,83.7,13.9,227.0,4.2,1.45
130877,0.0,10,2.2,87.0,178.0,87.9,13.5,259.0,6.7,1.45
130878,0.0,39,2.88,122.9,159.0,80.7,14.8,344.0,8.8,12.76
130879,0.0,30,1.75,92.7,165.0,84.5,13.5,228.0,7.1,3.81
130880,0.0,67,3.82,115.9,218.0,90.7,13.5,162.0,9.0,3.6
130881,0.0,46,5.0,93.5,180.0,89.8,13.0,238.0,6.1,1.99
130882,1.0,60,3.69,122.0,157.0,91.8,13.1,165.0,5.0,2.14
130883,0.0,40,2.5,84.6,178.0,87.9,13.5,259.0,6.7,1.45
130884,0.0,64,5.0,104.9,205.0,89.0,14.6,234.0,6.0,3.75
130885,1.0,64,5.0,92.7,178.0,87.9,13.5,259.0,6.7,1.45
130886,0.0,2,5.0,50.7,178.0,73.6,13.7,425.0,9.7,0.36
130887,0.0,4,1.31,92.7,178.0,87.9,13.5,259.0,6.7,1.45
130888,0.0,12,3.07,96.0,169.0,77.2,14.1,348.0,10.6,4.03
130889,0.0,16,0.96,100.3,184.0,83.2,13.3,244.0,8.8,7.51
130890,0.0,28,2.15,114.6,226.0,90.2,13.1,192.0,7.5,2.7
130891,0.0,3,2.17,50.0,178.0,87.9,13.5,259.0,6.7,1.45
130892,0.0,70,4.69,149.1,154.0,90.2,14.2,261.0,5.7,1.24
130893,0.0,46,1.16,82.9,171.0,86.5,13.4,184.0,5.3,0.77
130894,0.0,6,0.87,92.7,178.0,87.9,13.5,259.0,6.7,1.45
130895,0.0,34,1.12,74.4,210.0,91.2,12.7,323.0,7.1,0.53
130896,0.0,2,2.26,92.7,178.0,87.9,13.5,259.0,6.7,1.45
130897,0.0,29,2.5,112.4,139.0,89.6,13.8,203.0,5.8,1.61
130898,0.0,13,3.77,71.0,93.0,82.2,13.8,296.0,4.8,0.57
130899,0.0,51,5.0,111.9,254.0,85.1,12.5,351.0,7.3,2.81
130900,0.0,49,4.68,78.6,180.0,94.4,13.1,277.0,6.8,0.84
130901,0.0,79,1.64,103.2,214.0,83.0,14.3,300.0,6.0,1.48
130902,0.0,8,0.92,68.8,178.0,87.9,13.5,259.0,6.7,1.45
130903,0.0,13,2.5,92.7,178.0,87.9,13.5,259.0,6.7,1.45
130904,0.0,28,5.0,85.8,218.0,87.8,15.1,234.0,6.2,2.76
130905,0.0,9,5.0,55.2,153.0,84.5,13.5,222.0,8.1,1.25
130906,0.0,13,0.66,92.7,178.0,87.9,13.5,259.0,6.7,1.45
130907,0.0,80,1.11,92.7,178.0,87.9,13.5,259.0,6.7,1.45
130908,1.0,57,2.21,103.3,156.0,93.3,12.9,407.0,10.0,6.03
130909,0.0,59,3.42,92.7,178.0,87.9,13.5,259.0,6.7,1.45
130910,0.0,32,0.72,98.5,161.0,88.8,13.2,227.0,5.4,0.11
130911,0.0,67,2.81,64.6,178.0,91.9,13.0,300.0,4.5,0.18
130912,0.0,43,0.55,124.0,146.0,80.5,14.7,207.0,4.6,40.98
130913,0.0,37,5.0,118.9,206.0,81.1,12.7,230.0,5.2,1.21
130914,0.0,40,0.04,92.7,197.0,82.3,14.3,350.0,5.1,0.87
130915,0.0,31,5.0,82.6,169.0,85.0,12.3,287.0,6.6,0.89
130916,0.0,9,2.5,62.4,143.0,91.3,12.8,240.0,6.7,0.18
130917,0.0,80,2.5,92.7,178.0,87.9,13.5,259.0,6.7,1.45
130918,0.0,44,5.0,90.2,127.0,83.1,12.3,261.0,7.3,2.2
130919,0.0,7,2.75,56.1,178.0,87.9,13.5,259.0,6.7,1.45
130920,0.0,52,2.19,134.6,268.0,81.0,14.4,298.0,8.6,15.68
130921,0.0,37,0.41,79.2,210.0,89.3,14.3,211.0,13.4,0.9
130922,0.0,44,5.0,105.0,158.0,93.0,12.5,302.0,9.0,18.3
130923,0.0,77,2.5,117.4,230.0,87.9,13.5,259.0,6.7,3.83
130924,0.0,41,3.06,118.7,174.0,71.1,17.1,266.0,5.0,4.37
130925,0.0,3,2.39,62.0,178.0,87.9,13.5,259.0,6.7,1.45
130926,0.0,66,5.0,108.0,180.0,91.9,13.1,298.0,9.2,1.56
130927,0.0,8,0.04,56.0,178.0,87.9,13.5,259.0,6.7,1.45
130928,0.0,14,4.1,71.4,167.0,81.9,12.7,308.0,7.5,0.36
130930,0.0,62,1.48,85.9,199.0,90.5,15.3,306.0,5.1,4.13
130931,0.0,61,2.07,123.1,202.0,89.1,13.6,231.0,6.8,2.92
130932,0.0,49,0.27,112.0,178.0,88.0,13.6,212.0,10.8,1.45
130933,0.0,23,0.58,91.5,179.0,82.8,13.1,210.0,7.4,2.21
130934,0.0,37,2.17,112.7,227.0,88.2,13.8,292.0,6.6,0.74
130935,0.0,32,2.21,89.0,178.0,87.9,13.5,259.0,6.7,1.45
130936,0.0,63,4.05,94.7,208.0,90.0,13.0,175.0,4.3,1.42
130938,0.0,80,0.96,121.0,178.0,85.0,14.7,551.0,15.6,31.01
130939,0.0,33,2.5,102.1,139.0,82.5,13.3,391.0,4.0,0.69
130940,0.0,48,2.5,92.7,178.0,87.9,13.5,259.0,6.7,1.45
130941,0.0,45,2.34,103.0,178.0,86.1,13.1,311.0,8.8,1.45
130942,0.0,65,2.5,96.0,178.0,87.9,13.5,259.0,6.7,1.45
130943,1.0,70,1.69,122.7,178.0,101.4,14.5,114.0,5.7,1.45
130944,0.0,30,1.09,102.1,125.0,86.3,14.0,267.0,6.9,7.24
130945,0.0,80,2.5,92.1,145.0,72.7,16.0,326.0,7.0,1.69
130946,0.0,30,5.0,92.7,178.0,87.9,13.5,259.0,6.7,1.45
130947,0.0,66,3.23,100.2,198.0,80.8,16.2,471.0,10.6,2.62
130948,0.0,80,0.43,95.3,223.0,93.7,13.1,199.0,6.7,2.07
130949,0.0,12,0.73,75.7,145.0,84.3,12.6,244.0,6.4,0.17
130950,0.0,60,0.13,123.0,233.0,86.6,13.5,231.0,7.1,43.91
130951,0.0,27,5.0,103.3,220.0,88.2,12.5,275.0,5.4,2.29
130952,0.0,32,5.0,100.8,260.0,87.9,13.5,259.0,6.7,3.31
130953,0.0,80,2.5,92.7,178.0,87.9,13.5,259.0,6.7,1.45
130954,0.0,3,4.31,92.7,178.0,87.9,13.5,259.0,6.7,1.45
130955,0.0,17,0.76,109.8,127.0,82.1,13.5,232.0,7.5,0.82
130956,0.0,43,2.16,104.8,255.0,93.4,13.1,262.0,8.7,2.41
130957,0.0,13,2.96,92.7,178.0,87.9,13.5,259.0,6.7,1.45
130958,0.0,3,0.87,50.4,178.0,81.4,14.0,366.0,11.0,1.39
130959,0.0,11,0.72,57.0,144.0,83.3,12.7,328.0,6.2,0.29
130960,0.0,69,3.3,99.4,195.0,92.4,13.0,298.0,7.5,0.67
130961,0.0,29,5.0,74.7,119.0,87.2,12.7,209.0,4.5,3.23
130962,0.0,17,2.48,78.9,170.0,87.3,13.4,271.0,9.5,0.2
130963,0.0,18,0.52,75.5,146.0,92.2,12.1,209.0,5.5,0.39
130964,0.0,58,5.0,96.7,250.0,91.9,13.0,297.0,6.6,3.08
130965,0.0,70,4.37,92.7,178.0,87.9,13.5,259.0,6.7,1.45
130966,0.0,51,5.0,75.4,212.0,96.5,13.5,146.0,4.9,0.39
130967,0.0,32,2.5,92.7,178.0,87.9,13.5,259.0,6.7,1.45
130968,0.0,35,2.38,113.9,185.0,84.8,14.1,343.0,8.4,3.46
130969,0.0,17,1.22,103.8,196.0,85.6,13.0,379.0,8.7,3.42
130970,1.0,76,3.28,106.4,148.0,88.6,15.0,194.0,7.1,1.79
130971,0.0,8,5.0,92.7,178.0,87.9,13.5,259.0,6.7,1.45
130972,0.0,37,1.39,150.5,202.0,73.6,15.9,387.0,8.1,13.64
130973,0.0,4,0.16,53.3,178.0,74.5,15.9,250.0,4.7,0.11
130974,0.0,43,2.5,101.9,238.0,92.7,13.5,299.0,10.8,5.69
130975,0.0,34,2.5,89.7,223.0,84.4,12.9,319.0,6.7,0.59
130976,0.0,13,0.87,64.8,153.0,78.6,15.9,310.0,6.0,0.23
130977,0.0,59,0.03,107.4,126.0,82.6,15.0,228.0,9.4,0.34
130978,0.0,75,2.75,122.3,158.0,85.5,14.0,279.0,8.0,2.17
130979,0.0,3,2.5,92.7,178.0,87.9,13.5,259.0,6.7,1.45
130980,0.0,71,0.37,126.3,131.0,83.1,14.8,213.0,5.8,6.21
130981,0.0,51,0.96,93.5,262.0,88.8,13.8,297.0,6.7,3.69
130982,0.0,71,2.5,115.1,171.0,84.0,15.3,180.0,7.4,16.7
130983,0.0,50,5.0,121.7,178.0,63.0,16.8,400.0,7.8,1.45
130984,0.0,35,5.0,92.7,178.0,87.9,13.5,259.0,6.7,1.45
130985,0.0,23,2.74,89.5,204.0,84.0,13.8,210.0,7.1,0.68
130986,0.0,62,5.0,96.4,143.0,87.5,13.4,193.0,5.1,1.34
130987,0.0,3,5.0,59.2,178.0,79.9,13.1,340.0,8.1,0.71
130988,0.0,15,1.71,71.2,142.0,74.1,15.5,132.0,6.8,0.79
130989,0.0,1,2.63,92.7,178.0,87.9,13.5,259.0,6.7,1.45
130990,0.0,8,2.0,92.7,178.0,87.9,13.5,259.0,6.7,1.45
130991,0.0,19,3.42,100.6,142.0,91.6,12.7,251.0,6.4,2.58
130992,0.0,28,2.47,158.7,173.0,82.0,13.6,250.0,9.6,5.5
130993,0.0,6,5.0,92.7,178.0,87.9,13.5,259.0,6.7,1.45
130994,0.0,60,2.5,92.7,178.0,87.9,13.5,259.0,6.7,1.45
130995,0.0,33,2.43,117.8,188.0,86.3,13.4,366.0,7.5,13.81
130996,0.0,59,2.8,92.7,178.0,87.9,13.5,259.0,6.7,1.45
130997,0.0,14,0.81,92.7,178.0,87.9,13.5,259.0,6.7,1.45
130998,0.0,12,0.27,66.6,179.0,85.5,13.5,256.0,5.0,0.37
130999,0.0,3,0.64,50.0,178.0,75.4,13.2,346.0,8.1,0.11
131000,0.0,52,2.28,82.1,211.0,84.9,12.1,321.0,5.5,5.51
131001,0.0,23,1.53,73.3,238.0,93.6,13.0,309.0,5.2,0.15
131002,0.0,63,5.0,81.2,229.0,91.3,12.8,231.0,5.0,0.57
131003,0.0,65,2.5,92.7,178.0,87.9,13.5,259.0,6.7,1.45
131004,0.0,25,5.0,92.7,178.0,87.9,13.5,259.0,6.7,1.45
131005,0.0,64,1.94,109.4,306.0,77.5,14.0,270.0,8.6,2.93
131006,0.0,34,4.42,98.2,201.0,93.4,13.4,347.0,6.8,6.79
131007,0.0,67,4.55,102.0,147.0,86.1,13.6,297.0,9.2,9.23
131008,0.0,12,2.5,92.7,178.0,87.9,13.5,259.0,6.7,1.45
131009,0.0,16,0.61,91.5,176.0,82.0,14.2,385.0,5.3,0.15
131010,0.0,73,2.32,71.5,220.0,95.0,12.4,216.0,6.8,1.07
131011,1.0,63,1.8,92.7,178.0,87.9,13.5,259.0,6.7,1.45
131012,0.0,58,5.0,137.4,166.0,90.4,14.2,240.0,8.9,14.99
131013,0.0,64,1.58,109.6,178.0,91.5,13.6,152.0,6.6,1.45
131014,1.0,73,3.29,98.1,160.0,93.2,13.6,169.0,6.2,1.19
131015,0.0,11,2.5,61.1,213.0,82.8,13.1,314.0,7.2,0.17
131016,0.0,37,0.96,127.0,203.0,86.9,13.3,256.0,10.4,8.35
131017,0.0,36,5.0,74.5,195.0,86.5,13.7,208.0,6.3,0.47
131018,0.0,13,1.08,82.1,146.0,82.9,14.8,202.0,5.4,0.66
131019,0.0,46,2.5,92.7,161.0,83.1,15.6,359.0,5.2,4.0
131020,0.0,61,0.74,92.7,178.0,87.9,13.5,259.0,6.7,1.45
131021,1.0,80,3.26,92.7,178.0,87.9,13.5,259.0,6.7,1.45
131022,0.0,11,0.06,92.7,178.0,87.9,13.5,259.0,6.7,1.45
131023,0.0,66,2.59,87.1,162.0,94.1,12.6,220.0,3.0,0.18
131024,0.0,63,3.82,107.7,180.0,93.8,13.4,203.0,7.6,0.73
131025,0.0,29,1.07,94.6,310.0,85.3,13.4,277.0,13.2,0.72
131026,0.0,71,2.73,92.7,178.0,87.9,13.5,259.0,6.7,1.45
131027,0.0,41,2.5,92.7,178.0,87.9,13.5,259.0,6.7,1.45
131028,0.0,64,3.8,92.7,178.0,87.9,13.5,259.0,6.7,1.45
131029,0.0,5,3.47,92.7,178.0,87.9,13.5,259.0,6.7,1.45
131030,0.0,35,1.51,92.7,178.0,87.9,13.5,259.0,6.7,1.45
131031,0.0,25,2.5,81.0,200.0,90.1,12.8,124.0,4.9,0.39
131032,0.0,18,5.0,130.6,198.0,82.2,13.8,209.0,9.4,6.43
131033,0.0,63,3.3,87.0,205.0,93.8,14.2,232.0,7.8,1.28
131034,0.0,31,2.5,92.7,154.0,85.1,14.7,254.0,6.7,0.82
131035,0.0,18,5.0,84.4,211.0,86.9,13.5,261.0,9.8,1.84
131036,0.0,46,1.55,92.7,178.0,87.9,13.5,259.0,6.7,1.45
131037,0.0,26,3.7,92.7,178.0,87.9,13.5,259.0,6.7,1.45
131038,0.0,40,1.05,90.8,178.0,87.9,13.5,259.0,6.7,1.45
131039,0.0,37,2.93,92.7,178.0,87.9,13.5,259.0,6.7,1.45
131040,0.0,8,1.07,92.7,178.0,87.9,13.5,259.0,6.7,1.45
131041,0.0,80,2.62,84.7,175.0,83.0,15.7,199.0,6.0,12.01
131042,0.0,60,1.25,90.4,178.0,87.9,14.4,351.0,6.1,1.45
131043,0.0,2,2.5,92.7,178.0,87.9,13.5,259.0,6.7,1.45
131044,0.0,64,5.0,85.8,134.0,84.3,13.7,215.0,4.4,1.82
131045,1.0,66,5.0,92.7,178.0,87.9,13.5,259.0,6.7,1.45
131046,0.0,43,4.05,90.9,176.0,91.3,13.5,242.0,8.6,0.64
131047,0.0,4,2.5,46.8,178.0,87.9,13.5,259.0,6.7,1.45
131048,0.0,18,2.5,80.8,181.0,87.0,12.7,325.0,4.5,0.76
131049,0.0,13,2.96,75.7,133.0,75.4,14.9,248.0,4.6,0.18
131050,0.0,75,1.86,105.6,146.0,91.9,14.2,179.0,4.5,0.87
131051,0.0,62,0.81,86.2,258.0,84.1,14.8,268.0,4.0,1.69
131052,0.0,80,2.5,97.5,142.0,90.3,14.3,293.0,7.5,0.56
131053,0.0,58,1.57,123.1,137.0,84.6,14.9,284.0,7.8,5.12
131054,0.0,56,0.75,84.0,149.0,78.3,17.8,216.0,4.6,16.81
131055,0.0,71,0.19,92.7,178.0,87.9,13.5,259.0,6.7,1.45
131056,0.0,35,2.4,100.7,181.0,84.6,14.2,229.0,9.3,0.95
131057,1.0,80,2.18,105.6,143.0,69.6,18.6,294.0,7.1,1.85
131058,0.0,55,0.61,98.1,199.0,88.0,14.1,202.0,4.2,3.66
131059,0.0,70,5.0,100.4,164.0,93.0,13.6,247.0,4.8,0.82
131060,0.0,36,4.49,115.3,187.0,89.9,12.5,295.0,8.4,3.0
131061,0.0,72,3.34,102.3,188.0,101.8,14.6,147.0,4.7,2.06
131062,0.0,78,2.94,92.7,178.0,87.9,13.5,259.0,6.7,1.45
131063,0.0,37,5.0,98.1,163.0,89.4,13.1,333.0,8.3,5.64
131064,0.0,16,2.5,100.0,151.0,85.3,13.0,421.0,8.8,2.6
131065,0.0,65,1.37,98.5,156.0,95.5,12.9,256.0,10.6,0.62
131066,0.0,60,3.6,103.7,202.0,90.0,13.4,213.0,3.9,1.99
131067,0.0,46,2.5,92.7,178.0,87.9,13.5,259.0,6.7,1.45
131068,0.0,4,0.57,50.3,178.0,82.2,12.9,525.0,9.3,1.8
131069,0.0,8,0.4,57.1,178.0,87.9,13.5,259.0,6.7,1.45
131070,0.0,39,2.5,103.8,281.0,85.6,13.4,250.0,6.6,0.73
131072,0.0,4,2.5,92.7,178.0,87.9,13.5,259.0,6.7,1.45
131073,0.0,63,5.0,131.1,135.0,87.6,14.2,154.0,5.5,4.1
131074,0.0,43,5.0,92.7,178.0,87.9,13.5,259.0,6.7,1.45
131075,1.0,61,0.0,82.7,178.0,91.2,14.0,438.0,9.9,1.59
131076,0.0,75,3.47,105.7,198.0,86.7,13.9,290.0,4.2,3.63
131077,0.0,47,3.22,104.9,240.0,88.8,13.6,283.0,6.8,3.26
131078,0.0,18,2.5,92.7,178.0,87.9,13.5,259.0,6.7,1.45
131079,0.0,38,3.77,104.7,187.0,86.9,12.5,265.0,5.2,0.56
131080,0.0,8,1.34,52.8,177.0,80.1,13.7,439.0,9.3,0.43
131081,0.0,6,5.0,52.2,178.0,87.9,13.5,259.0,6.7,1.45
131082,0.0,31,2.05,120.7,164.0,81.4,13.0,398.0,7.8,13.5
131083,1.0,52,1.18,120.5,176.0,96.3,13.6,243.0,7.5,3.04
131084,0.0,36,5.0,85.4,185.0,90.2,13.4,348.0,11.2,0.79
131085,0.0,80,2.32,101.8,158.0,102.6,14.3,122.0,4.6,2.13
131086,0.0,15,0.99,93.5,138.0,84.2,15.2,449.0,6.6,4.53
131087,0.0,6,5.0,53.4,118.0,82.7,12.7,344.0,6.9,0.36
131088,0.0,20,1.37,92.7,178.0,87.9,13.5,259.0,6.7,1.45
131089,0.0,2,0.3,92.7,178.0,87.9,13.5,259.0,6.7,1.45
131090,0.0,80,2.5,92.7,178.0,87.9,13.5,259.0,6.7,1.45
131091,0.0,63,5.0,92.7,178.0,87.9,13.5,259.0,6.7,1.45
131092,0.0,79,5.0,92.7,178.0,87.9,13.5,259.0,6.7,1.45
131093,0.0,36,3.4,123.8,211.0,90.4,12.3,224.0,7.6,2.85
131094,0.0,26,5.0,86.8,223.0,86.8,12.5,273.0,9.8,3.2
131095,0.0,50,4.1,107.8,257.0,91.9,13.7,393.0,7.3,3.74
131096,0.0,15,2.03,82.6,163.0,86.0,13.3,310.0,9.1,0.3
131097,0.0,75,1.51,91.0,121.0,87.2,13.7,177.0,5.2,6.62
131098,0.0,65,4.15,85.7,211.0,93.5,12.6,145.0,7.4,3.27
131099,0.0,62,5.0,113.6,153.0,90.1,14.5,260.0,9.7,6.89
131100,0.0,70,1.3,101.2,178.0,90.0,14.5,378.0,2.7,3.57
131101,0.0,2,2.5,92.7,178.0,87.9,13.5,259.0,6.7,1.45
131102,0.0,32,2.5,94.6,177.0,81.0,14.8,391.0,13.0,0.55
131103,0.0,7,2.5,83.5,99.0,86.2,12.4,196.0,3.9,37.78
131104,0.0,4,5.0,61.1,178.0,87.9,13.5,259.0,6.7,1.45
131105,0.0,2,1.25,48.9,178.0,73.4,14.3,466.0,11.2,0.11
131106,0.0,57,5.0,96.1,210.0,90.3,13.3,230.0,5.5,1.77
131107,0.0,80,2.33,92.7,178.0,87.9,13.5,259.0,6.7,1.45
131108,0.0,68,3.39,72.8,184.0,82.7,16.3,319.0,5.9,0.26
131109,0.0,67,0.96,120.8,202.0,91.5,14.3,196.0,9.3,3.12
131110,0.0,13,0.02,80.1,148.0,92.7,13.0,186.0,4.9,0.36
131111,0.0,13,2.5,73.1,158.0,85.5,12.9,316.0,5.6,0.64
131112,0.0,42,4.6,102.5,224.0,80.7,13.6,154.0,7.6,0.8
131113,0.0,10,3.06,92.7,178.0,87.9,13.5,259.0,6.7,1.45
131114,0.0,48,0.49,92.7,178.0,87.9,13.5,259.0,6.7,1.45
131115,0.0,18,2.5,92.7,178.0,87.9,13.5,259.0,6.7,1.45
131116,0.0,55,3.13,92.7,178.0,87.9,13.5,259.0,6.7,1.45
131117,0.0,61,4.67,108.0,178.0,86.7,13.4,204.0,5.5,1.45
131118,0.0,73,2.5,131.4,146.0,91.6,13.0,138.0,6.9,2.99
131119,1.0,80,1.03,92.7,178.0,87.9,13.5,259.0,6.7,1.45
131120,0.0,62,2.73,80.9,197.0,96.9,13.6,207.0,4.9,2.02
131121,0.0,80,1.65,77.7,168.0,86.6,13.4,332.0,5.8,2.91
131122,0.0,51,2.5,92.7,267.0,83.8,13.8,298.0,7.8,6.8
131123,0.0,2,1.03,92.7,178.0,87.9,13.5,259.0,6.7,1.45
131124,0.0,80,1.64,93.5,202.0,92.8,14.3,272.0,8.5,0.32
131125,0.0,2,2.5,92.7,178.0,87.9,13.5,259.0,6.7,1.45
131126,0.0,76,5.0,120.5,169.0,91.4,12.9,199.0,6.8,2.26
131127,0.0,54,2.21,104.2,212.0,92.5,12.6,334.0,7.9,1.56
131128,0.0,14,1.91,70.4,90.0,84.2,13.1,261.0,4.5,4.98
131129,0.0,69,2.18,98.6,177.0,84.5,13.4,275.0,6.5,1.19
131130,0.0,75,2.5,120.6,168.0,88.3,13.9,186.0,4.4,3.78
131131,1.0,55,0.0,92.6,230.0,89.9,13.0,243.0,6.5,0.71
131132,1.0,80,1.91,116.5,127.0,87.2,13.9,107.0,6.1,11.41
131133,0.0,2,5.0,56.7,178.0,87.9,13.5,259.0,6.7,1.45
131134,0.0,15,5.0,92.7,178.0,87.9,13.5,259.0,6.7,1.45
131135,0.0,64,2.71,101.7,261.0,83.9,12.6,223.0,6.8,2.75
131136,0.0,38,4.31,92.7,178.0,87.9,13.5,259.0,6.7,1.45
131137,0.0,67,4.05,88.3,166.0,91.7,13.7,340.0,5.6,0.71
131138,0.0,16,2.17,92.5,151.0,87.8,12.9,295.0,6.5,1.05
131139,0.0,40,5.0,116.1,211.0,84.1,15.9,466.0,10.1,15.21
131140,0.0,11,1.0,92.7,178.0,87.9,13.5,259.0,6.7,1.45
131141,0.0,15,0.01,92.7,178.0,87.9,13.5,259.0,6.7,1.45
131142,0.0,12,1.59,72.2,174.0,78.8,13.5,278.0,6.5,0.25
131143,0.0,46,2.5,92.7,178.0,87.9,13.5,259.0,6.7,1.45
131144,0.0,43,3.28,81.5,141.0,89.4,14.7,245.0,7.8,2.34
131145,0.0,10,1.61,92.7,178.0,87.9,13.5,259.0,6.7,1.45
131146,0.0,10,2.5,92.7,178.0,87.9,13.5,259.0,6.7,1.45
131147,0.0,25,3.62,86.2,181.0,71.7,16.5,254.0,6.7,1.15
131148,0.0,66,3.7,88.3,155.0,89.0,13.4,221.0,10.5,4.05
131149,0.0,19,2.5,92.7,178.0,87.9,13.5,259.0,6.7,1.45
131150,0.0,52,3.27,92.7,178.0,87.9,13.5,259.0,6.7,1.45
131151,0.0,3,5.0,49.0,178.0,79.6,13.2,298.0,8.2,0.11
131152,0.0,56,5.0,92.7,178.0,87.9,13.5,259.0,6.7,1.45
131153,0.0,51,2.5,126.2,159.0,87.9,15.4,178.0,5.3,14.71
131154,0.0,9,3.84,55.6,185.0,90.5,12.5,363.0,7.8,0.37
131155,0.0,59,5.0,100.2,180.0,88.7,13.8,243.0,5.4,0.24
131156,0.0,33,5.0,117.0,212.0,88.7,13.6,381.0,9.0,5.53
131157,1.0,80,1.65,103.5,280.0,93.2,14.0,269.0,6.2,1.9
131158,0.0,45,0.82,92.7,178.0,87.9,13.5,259.0,6.7,1.45
131159,1.0,56,1.07,117.5,139.0,96.9,13.2,191.0,8.0,0.28
131160,0.0,43,5.0,102.0,217.0,86.9,13.0,225.0,7.8,1.28
131161,0.0,43,1.97,92.7,178.0,87.9,13.5,259.0,6.7,1.45
131162,0.0,8,2.42,56.9,171.0,74.0,13.8,380.0,9.5,1.83
131163,0.0,34,2.85,98.7,196.0,87.6,12.8,191.0,5.6,1.35
131164,0.0,27,2.5,125.3,226.0,87.2,12.8,263.0,15.6,3.42
131165,0.0,11,1.3,60.3,178.0,87.9,13.5,259.0,6.7,1.45
131166,0.0,7,0.48,69.6,127.0,83.3,12.4,309.0,11.1,0.9
131168,0.0,16,2.5,92.7,178.0,87.9,13.5,259.0,6.7,1.45
131169,0.0,78,5.0,87.3,186.0,84.6,13.7,283.0,6.1,0.71
131170,0.0,25,0.37,92.7,178.0,87.9,13.5,259.0,6.7,1.45
131171,0.0,11,2.5,70.7,147.0,90.2,12.5,144.0,5.1,0.21
131172,0.0,74,3.55,92.7,105.0,87.8,14.2,155.0,7.3,1.32
131173,0.0,13,2.98,78.9,139.0,83.1,13.6,277.0,6.7,1.07
131174,0.0,4,5.0,55.2,178.0,84.9,12.8,323.0,5.6,0.35
131175,0.0,10,4.33,75.6,179.0,79.0,13.1,418.0,6.8,5.4
131176,0.0,2,2.83,92.7,178.0,81.5,13.4,471.0,8.6,1.45
131177,1.0,79,1.75,107.1,150.0,99.1,13.6,197.0,6.1,1.17
131178,0.0,65,0.79,125.0,141.0,84.5,13.9,258.0,9.0,1.95
131179,0.0,4,1.19,92.7,178.0,87.9,13.5,259.0,6.7,1.45
131180,0.0,73,4.62,107.1,126.0,90.6,14.0,230.0,9.0,4.06
131181,0.0,32,4.86,92.7,202.0,82.2,13.4,414.0,9.0,4.75
131182,0.0,14,2.31,97.0,119.0,86.4,12.7,324.0,10.3,5.02
131183,0.0,75,3.57,126.5,131.0,87.6,14.2,207.0,8.9,3.34
131184,0.0,8,5.0,79.6,148.0,87.1,12.8,223.0,5.8,0.51
131185,0.0,65,0.38,92.7,178.0,87.9,13.5,259.0,6.7,1.45
131186,0.0,15,2.5,112.8,127.0,89.6,13.2,268.0,5.7,0.96
131187,0.0,59,1.9,109.3,206.0,94.6,13.9,209.0,10.6,1.45
131188,0.0,75,0.88,92.7,178.0,87.9,13.5,259.0,6.7,1.45
131189,0.0,12,2.28,89.4,161.0,81.5,13.9,308.0,6.4,1.12
131190,0.0,16,2.5,92.7,178.0,87.9,13.5,259.0,6.7,1.45
131191,0.0,65,4.92,100.0,178.0,92.6,13.7,298.0,8.4,3.29
131192,0.0,51,0.0,92.7,178.0,87.9,13.5,259.0,6.7,1.45
131193,0.0,71,3.3,125.6,203.0,87.0,13.9,208.0,6.2,3.59
131194,0.0,49,3.11,91.5,204.0,95.9,14.1,332.0,7.8,0.86
131195,0.0,48,0.34,99.8,272.0,91.5,14.0,235.0,9.7,2.65
131196,0.0,23,0.93,102.3,149.0,81.1,13.2,306.0,7.0,4.56
131197,0.0,59,2.5,127.9,120.0,80.8,15.2,279.0,5.9,2.3
131198,0.0,1,2.5,92.7,178.0,87.9,13.5,259.0,6.7,1.45
131199,0.0,79,3.91,92.7,178.0,87.9,13.5,259.0,6.7,1.45
131200,0.0,32,2.31,75.0,163.0,88.8,12.5,274.0,8.3,0.23
131201,0.0,64,2.5,92.7,178.0,87.9,13.5,259.0,6.7,1.45
131202,0.0,80,5.0,85.6,171.0,98.2,13.5,189.0,3.8,1.61
131203,0.0,78,2.46,104.4,215.0,89.3,14.5,261.0,6.1,3.13
131204,0.0,64,2.18,92.7,203.0,89.4,13.1,211.0,7.2,0.99
131205,0.0,62,2.79,120.5,200.0,72.8,14.5,106.0,8.4,11.14
131206,0.0,2,1.07,92.7,178.0,87.9,13.5,259.0,6.7,1.45
131207,0.0,14,5.0,92.7,178.0,87.9,13.5,259.0,6.7,1.45
131208,0.0,61,4.59,111.0,178.0,109.3,14.6,376.0,9.7,29.14
131209,1.0,20,2.5,112.9,222.0,86.7,14.6,358.0,9.7,2.32
131210,0.0,35,5.0,92.7,178.0,87.9,13.5,259.0,6.7,1.45
131211,0.0,30,4.4,90.4,188.0,90.6,13.1,240.0,6.3,2.47
131212,0.0,1,2.5,92.7,178.0,87.9,13.5,259.0,6.7,1.45
131213,0.0,8,0.23,54.6,178.0,87.9,13.5,259.0,6.7,1.45
131214,0.0,17,1.22,81.6,208.0,83.1,13.4,234.0,4.6,0.47
131215,0.0,68,2.5,99.5,205.0,87.4,13.6,303.0,9.5,3.04
131216,0.0,15,1.94,72.7,134.0,91.8,12.2,205.0,5.8,1.2
131217,0.0,6,2.5,92.7,178.0,87.9,13.5,259.0,6.7,1.45
131218,0.0,27,5.0,92.7,178.0,87.9,13.5,259.0,6.7,1.45
131219,0.0,57,2.5,92.7,178.0,87.9,13.5,259.0,6.7,1.45
131220,0.0,35,3.57,99.0,147.0,84.9,13.3,236.0,5.0,0.8
131221,0.0,13,3.42,68.0,173.0,86.8,12.9,259.0,8.0,0.16
131222,0.0,33,1.86,92.7,178.0,87.9,13.5,259.0,6.7,1.45
131223,0.0,2,5.0,50.5,178.0,87.9,13.5,259.0,6.7,1.45
131224,0.0,80,2.5,92.7,178.0,87.9,13.5,259.0,6.7,1.45
131225,0.0,32,0.42,92.3,169.0,98.3,12.9,273.0,8.9,0.44
131226,0.0,16,2.19,74.8,128.0,83.0,15.5,229.0,6.8,0.74
131227,0.0,70,5.0,94.4,248.0,90.6,13.1,154.0,6.1,1.03
131228,0.0,61,5.0,101.3,221.0,94.2,13.4,196.0,6.0,1.12
131229,0.0,58,2.33,89.3,178.0,87.9,13.5,259.0,6.7,1.45
131230,0.0,21,0.52,92.7,178.0,87.9,13.5,259.0,6.7,1.45
131232,0.0,41,2.5,92.7,178.0,87.9,13.5,259.0,6.7,1.45
131233,0.0,15,0.65,92.7,178.0,87.9,13.5,259.0,6.7,1.45
131234,0.0,67,4.8,129.3,117.0,87.5,16.3,302.0,7.4,3.05
131235,0.0,8,2.5,92.7,178.0,87.9,13.5,259.0,6.7,1.45
131236,0.0,5,4.45,92.7,178.0,87.9,13.5,259.0,6.7,1.45
131237,0.0,2,0.23,47.5,178.0,75.2,13.5,246.0,4.8,1.45
131238,0.0,44,2.34,102.4,197.0,91.7,13.1,380.0,7.2,1.44
131239,1.0,68,4.12,92.7,178.0,87.9,13.5,259.0,6.7,1.45
131240,0.0,48,3.17,74.0,213.0,94.4,12.5,268.0,6.6,1.48
131241,0.0,58,5.0,122.1,187.0,92.6,13.4,305.0,7.9,18.0
131242,0.0,35,1.78,137.5,199.0,89.5,13.0,239.0,7.6,10.83
131243,0.0,14,2.5,92.7,178.0,87.9,13.5,259.0,6.7,1.45
131244,1.0,79,2.5,121.5,187.0,83.1,15.6,239.0,4.8,2.63
131245,0.0,63,1.99,124.6,179.0,81.3,14.1,287.0,7.2,12.91
131246,0.0,73,2.5,92.7,178.0,87.9,13.5,259.0,6.7,1.45
131247,0.0,62,5.0,92.7,178.0,87.9,13.5,259.0,6.7,1.45
131248,0.0,20,1.94,101.9,151.0,88.3,13.7,351.0,6.9,4.68
131249,0.0,52,5.0,77.3,202.0,89.8,13.2,216.0,5.8,0.36
131250,0.0,18,1.89,98.4,176.0,92.6,12.3,234.0,6.6,1.2
131251,0.0,65,2.86,94.2,189.0,93.5,13.1,517.0,13.5,2.31
131252,0.0,6,0.06,92.7,178.0,87.9,13.5,259.0,6.7,1.45
131253,0.0,80,5.0,92.7,178.0,87.9,13.5,259.0,6.7,1.45
131254,0.0,53,2.8,132.0,219.0,83.1,13.9,234.0,6.9,10.91
131255,0.0,40,2.5,92.7,178.0,87.9,13.5,259.0,6.7,1.45
131256,0.0,22,2.5,90.0,173.0,88.6,13.8,217.0,6.0,0.4
131257,0.0,67,2.5,92.7,178.0,87.9,13.5,259.0,6.7,1.45
131258,0.0,41,2.33,83.9,172.0,91.3,12.7,165.0,5.7,0.52
131259,0.0,9,3.08,92.7,178.0,87.9,13.5,259.0,6.7,1.45
131260,0.0,33,0.88,92.7,178.0,87.9,13.5,259.0,6.7,1.45
131261,0.0,2,0.38,45.7,178.0,87.9,13.5,259.0,6.7,1.45
131262,0.0,16,3.06,92.7,178.0,87.9,13.5,259.0,6.7,1.45
131263,0.0,48,5.0,82.0,164.0,87.3,12.9,216.0,4.2,0.17
131264,0.0,36,2.74,128.5,178.0,87.9,13.5,259.0,6.7,1.45
131266,0.0,44,4.34,92.7,178.0,87.9,13.5,259.0,6.7,1.45
131267,0.0,15,1.3,92.7,178.0,87.9,13.5,259.0,6.7,1.45
131268,0.0,42,2.08,92.7,167.0,78.1,23.6,260.0,5.4,11.82
131269,0.0,33,3.68,101.8,318.0,64.5,15.2,303.0,9.3,1.87
131270,1.0,62,1.4,105.9,238.0,82.4,14.3,405.0,6.2,6.47
131271,0.0,55,3.44,97.5,178.0,93.3,13.6,216.0,7.4,1.45
131272,0.0,19,0.23,92.7,178.0,87.9,13.5,259.0,6.7,1.45
131273,0.0,63,5.0,107.2,209.0,91.3,13.9,355.0,7.4,1.17
131274,0.0,3,5.0,92.7,178.0,87.9,13.5,259.0,6.7,1.45
131275,0.0,5,5.0,51.3,178.0,86.8,13.4,307.0,8.8,14.15
131277,0.0,39,2.5,82.0,161.0,94.7,12.7,314.0,8.7,0.52
131278,0.0,10,0.77,92.7,178.0,87.9,13.5,259.0,6.7,1.45
131279,0.0,50,2.5,92.7,178.0,87.9,13.5,259.0,6.7,1.45
131280,0.0,3,3.33,49.6,178.0,87.9,13.5,259.0,6.7,1.45
131281,0.0,80,2.5,92.7,178.0,87.9,13.5,259.0,6.7,1.45
131282,0.0,28,2.79,92.7,178.0,87.9,13.5,259.0,6.7,1.45
131283,0.0,24,5.0,98.5,205.0,89.1,12.1,243.0,6.3,1.3
131284,0.0,72,5.0,93.9,194.0,96.8,14.7,254.0,7.2,6.73
131285,0.0,72,2.35,92.7,178.0,87.9,13.5,259.0,6.7,1.45
131286,0.0,1,2.45,92.7,178.0,75.8,13.4,438.0,9.5,0.77
131287,0.0,67,2.75,107.4,137.0,87.2,14.2,272.0,8.0,0.6
131288,0.0,19,2.5,92.7,178.0,87.9,13.5,259.0,6.7,1.45
131289,0.0,8,3.53,92.7,178.0,87.9,13.5,259.0,6.7,1.45
131290,0.0,38,2.5,108.7,186.0,84.3,12.6,210.0,7.0,7.84
131291,0.0,62,4.06,85.0,217.0,90.9,14.5,249.0,4.0,0.81
131292,0.0,57,1.23,96.6,201.0,88.9,14.1,227.0,9.0,4.16
131293,0.0,51,2.5,101.2,191.0,93.7,14.0,414.0,8.8,1.3
131294,0.0,69,2.5,138.5,174.0,86.2,13.1,341.0,8.1,1.56
131295,0.0,8,2.56,59.1,157.0,87.2,11.2,307.0,6.0,0.53
131296,0.0,39,2.5,96.5,176.0,89.3,13.1,217.0,6.0,1.08
131297,0.0,12,0.25,65.6,161.0,93.0,13.1,280.0,4.9,0.11
131298,0.0,36,3.39,84.7,197.0,89.7,12.9,326.0,12.2,1.21
131299,1.0,65,1.58,164.6,192.0,80.4,16.1,418.0,12.6,65.58
131300,0.0,41,2.82,104.8,244.0,88.8,13.6,270.0,7.5,8.46
131301,0.0,35,0.45,85.4,176.0,86.6,13.9,228.0,5.4,1.11
131302,0.0,56,1.09,104.7,217.0,89.4,14.2,173.0,7.3,7.76
131303,0.0,6,2.82,58.2,154.0,80.8,12.5,334.0,6.1,0.33
131304,0.0,4,0.88,58.1,178.0,84.2,13.6,413.0,5.8,0.11
131305,0.0,23,2.33,88.0,138.0,86.7,12.8,201.0,8.4,0.33
131306,0.0,8,1.86,69.0,141.0,81.9,12.7,266.0,6.9,0.31
131307,1.0,73,4.56,125.4,155.0,90.1,13.3,215.0,7.4,10.98
131308,0.0,32,4.78,88.7,142.0,90.7,13.1,221.0,4.9,0.23
131309,0.0,22,0.82,97.0,168.0,87.6,14.3,254.0,7.7,2.17
131310,0.0,45,2.92,111.5,242.0,90.2,13.2,227.0,5.3,0.49
131311,0.0,4,5.0,92.7,178.0,87.9,13.5,259.0,6.7,1.45
131312,1.0,80,1.53,109.2,148.0,89.5,13.5,273.0,8.8,1.09
131313,0.0,23,2.5,92.7,178.0,87.9,13.5,259.0,6.7,1.45
131314,0.0,15,4.22,67.2,178.0,89.7,12.6,271.0,5.6,0.11
131315,0.0,61,3.28,108.6,194.0,93.2,13.0,246.0,5.0,2.02
131316,0.0,19,2.5,100.8,178.0,87.9,13.5,259.0,6.7,1.45
131317,0.0,10,0.72,92.7,178.0,87.9,13.5,259.0,6.7,1.45
131318,0.0,58,1.12,104.0,190.0,86.9,14.8,325.0,7.6,3.24
131319,0.0,9,5.0,56.9,154.0,83.2,13.5,226.0,4.0,0.44
131320,0.0,65,5.0,92.7,178.0,87.9,13.5,259.0,6.7,1.45
131321,0.0,13,0.34,92.7,178.0,87.9,13.5,259.0,6.7,1.45
131322,0.0,70,1.72,68.1,157.0,96.0,13.0,247.0,5.0,0.67
131323,0.0,27,2.61,87.1,205.0,95.4,13.0,193.0,7.4,1.37
131324,1.0,80,2.5,120.0,199.0,85.0,15.0,230.0,6.5,0.96
131325,0.0,9,3.13,65.4,199.0,83.0,13.4,237.0,6.7,1.69
131326,0.0,63,5.0,143.8,178.0,87.9,13.5,259.0,6.7,1.45
131327,1.0,63,0.98,92.7,100.0,87.7,17.3,230.0,4.7,16.67
131328,0.0,62,4.34,91.8,197.0,88.9,13.8,319.0,6.1,0.49
131329,0.0,15,1.59,107.1,171.0,77.9,14.2,286.0,10.9,0.79
131330,0.0,56,3.3,92.7,178.0,87.9,13.5,259.0,6.7,1.45
131331,0.0,77,2.41,117.4,146.0,87.9,13.5,259.0,6.7,8.88
131332,0.0,42,4.88,140.5,245.0,91.0,15.2,345.0,6.8,4.74
131333,1.0,76,3.55,108.7,126.0,80.7,15.1,144.0,7.8,1.45
131334,0.0,28,4.32,111.6,228.0,92.0,12.9,280.0,4.4,4.87
131335,0.0,14,0.0,92.7,178.0,87.9,13.5,259.0,6.7,1.45
131336,0.0,3,1.71,49.7,178.0,87.9,13.5,259.0,6.7,1.45
131337,0.0,36,2.5,109.3,191.0,95.4,15.1,279.0,7.9,0.77
131338,0.0,33,2.77,92.7,178.0,87.9,13.5,259.0,6.7,1.45
131339,1.0,74,0.75,97.7,123.0,90.0,14.6,174.0,6.2,0.97
131340,0.0,60,1.71,95.4,233.0,89.1,13.0,263.0,7.8,1.71
131341,0.0,36,2.47,127.1,161.0,87.7,13.7,283.0,9.3,10.07
131342,1.0,61,4.67,76.9,140.0,88.7,13.0,151.0,6.4,0.27
131343,0.0,11,3.87,92.7,178.0,87.9,13.5,259.0,6.7,1.45
131344,0.0,2,2.5,46.0,178.0,87.9,13.5,259.0,6.7,1.45
131345,0.0,9,2.47,75.6,105.0,80.7,13.4,237.0,4.8,0.28
131346,0.0,61,5.0,92.7,178.0,87.9,13.5,259.0,6.7,1.45
131347,1.0,68,2.83,114.5,134.0,94.5,14.0,300.0,6.7,0.7
131348,0.0,70,1.51,92.7,178.0,87.9,13.5,259.0,6.7,1.45
131349,0.0,56,5.0,103.2,178.0,89.4,13.1,230.0,5.6,2.4
131350,0.0,66,3.6,111.7,113.0,84.1,14.0,254.0,7.6,3.04
131351,1.0,65,2.16,107.1,198.0,90.0,13.4,177.0,6.8,1.7
131352,0.0,35,3.98,105.8,162.0,92.5,13.4,306.0,8.9,6.73
131353,0.0,56,3.76,98.5,262.0,93.7,14.1,317.0,7.2,2.9
131354,0.0,3,1.86,44.4,178.0,87.9,13.5,259.0,6.7,1.45
131355,0.0,9,0.96,92.7,178.0,87.9,13.5,259.0,6.7,1.45
131356,0.0,6,2.5,92.7,178.0,87.9,13.5,259.0,6.7,1.45
131357,0.0,80,2.5,92.7,178.0,87.9,13.5,259.0,6.7,1.45
131358,0.0,13,1.12,92.7,178.0,87.9,13.5,259.0,6.7,1.45
131359,0.0,31,5.0,87.2,204.0,97.7,12.7,295.0,4.4,0.84
131360,0.0,28,2.5,92.7,178.0,87.9,13.5,259.0,6.7,1.45
131361,0.0,80,1.69,92.7,178.0,87.9,13.5,259.0,6.7,1.45
131362,0.0,16,1.46,76.2,152.0,85.9,13.7,281.0,5.5,0.58
131363,0.0,39,5.0,76.0,240.0,88.9,13.2,273.0,8.2,3.0
131364,0.0,3,4.67,53.4,178.0,77.6,13.9,220.0,6.1,0.11
131365,0.0,63,2.11,104.9,178.0,87.8,14.4,241.0,5.4,1.45
131366,0.0,44,5.0,90.8,259.0,96.5,13.3,277.0,8.1,1.38
131367,1.0,58,2.5,120.5,194.0,82.3,14.1,291.0,9.3,11.81
131368,0.0,74,5.0,108.7,163.0,86.1,13.1,277.0,7.7,0.93
131369,0.0,66,3.66,89.0,178.0,90.9,13.2,190.0,4.5,4.18
131370,0.0,4,2.5,55.1,178.0,87.9,13.5,259.0,6.7,1.45
131371,0.0,5,5.0,48.8,178.0,87.9,13.5,259.0,6.7,1.45
131372,0.0,36,2.5,139.6,155.0,88.4,13.0,383.0,7.5,18.33
131373,0.0,65,5.0,110.4,235.0,93.2,13.8,283.0,7.5,4.78
131374,0.0,4,4.31,92.7,178.0,87.9,13.5,259.0,6.7,1.45
131375,0.0,9,2.79,92.7,178.0,87.9,13.5,259.0,6.7,1.45
131376,0.0,8,5.0,58.5,159.0,81.1,12.2,293.0,4.9,0.29
131377,0.0,3,2.5,92.7,178.0,87.9,13.5,259.0,6.7,1.45
131378,0.0,7,1.28,66.5,162.0,84.0,12.4,474.0,5.9,0.96
131379,0.0,14,2.5,63.5,108.0,85.1,13.1,278.0,8.6,0.11
131380,0.0,16,1.52,69.2,178.0,87.9,13.5,259.0,6.7,1.45
131381,0.0,76,3.28,92.0,241.0,86.6,13.3,263.0,5.9,1.29
131382,0.0,8,0.5,82.0,178.0,87.9,13.5,259.0,6.7,1.45
131383,0.0,67,2.54,111.8,178.0,87.9,13.5,259.0,6.7,1.45
131384,0.0,17,5.0,78.9,178.0,87.9,13.5,259.0,6.7,1.45
131385,0.0,59,2.5,92.7,178.0,87.9,13.5,259.0,6.7,1.45
131386,0.0,35,5.0,92.0,211.0,83.0,13.0,231.0,5.4,0.59
131387,1.0,69,5.0,101.3,146.0,92.1,12.9,180.0,3.8,0.45
131388,0.0,7,0.91,64.5,178.0,87.9,13.5,259.0,6.7,1.45
131389,0.0,54,4.05,90.5,173.0,95.1,12.9,208.0,6.1,0.77
131390,0.0,70,1.07,92.7,178.0,87.9,13.5,259.0,6.7,1.45
131391,0.0,70,2.46,102.3,253.0,82.8,14.3,190.0,7.7,4.13
131392,0.0,59,5.0,90.0,210.0,90.1,12.9,274.0,5.1,7.97
131393,0.0,49,2.94,94.2,178.0,87.4,13.2,268.0,5.8,1.1
131394,0.0,18,1.57,83.7,205.0,88.4,13.6,221.0,7.3,0.47
131395,0.0,10,4.32,92.7,178.0,87.9,13.5,259.0,6.7,1.45
131396,0.0,18,1.12,74.9,158.0,70.3,17.6,335.0,9.3,1.63
131397,0.0,66,5.0,101.7,245.0,92.0,13.4,295.0,6.2,0.93
131398,0.0,8,2.5,92.7,178.0,87.9,13.5,259.0,6.7,1.45
131399,0.0,48,4.48,103.8,229.0,94.4,12.7,215.0,6.8,3.61
131400,0.0,16,1.01,90.6,147.0,74.3,16.2,329.0,7.1,2.17
131401,0.0,35,2.5,85.7,203.0,87.4,12.2,264.0,6.2,0.62
131402,0.0,11,1.12,62.5,161.0,79.7,14.1,345.0,6.9,0.37
131403,0.0,63,5.0,107.4,251.0,86.6,13.2,216.0,7.7,2.6
131404,0.0,13,2.5,92.7,178.0,87.9,13.5,259.0,6.7,1.45
131405,0.0,22,2.79,113.3,171.0,83.0,14.0,220.0,10.8,9.39
131406,0.0,16,4.1,81.0,178.0,87.9,13.5,259.0,6.7,1.45
131407,0.0,43,2.5,92.7,178.0,87.9,13.5,259.0,6.7,1.45
131408,0.0,19,5.0,94.7,141.0,87.8,13.6,266.0,7.9,6.57
131409,0.0,4,3.6,54.3,178.0,81.9,12.1,292.0,8.2,0.24
131410,0.0,59,5.0,88.4,233.0,85.1,13.4,206.0,5.7,4.23
131411,0.0,53,5.0,122.4,171.0,81.1,13.5,261.0,6.5,2.93
131412,0.0,21,1.71,79.2,140.0,89.0,13.0,314.0,6.5,7.5
131413,0.0,8,2.5,92.7,178.0,87.9,13.5,259.0,6.7,1.45
131414,0.0,43,4.33,90.7,190.0,94.9,14.0,234.0,5.5,9.28
131415,0.0,12,0.83,90.5,184.0,74.7,14.1,296.0,6.0,1.34
131416,0.0,41,1.37,81.9,126.0,87.5,12.6,309.0,6.5,1.38
131417,0.0,4,2.5,50.2,178.0,87.9,13.5,259.0,6.7,1.45
131418,0.0,76,4.0,87.9,220.0,84.5,14.3,282.0,7.7,3.51
131419,1.0,77,2.69,121.5,160.0,93.3,13.8,159.0,8.5,11.13
131420,0.0,18,4.03,77.5,178.0,87.9,13.5,259.0,6.7,1.45
131421,0.0,18,3.47,71.5,152.0,85.3,12.8,215.0,5.4,0.24
131422,0.0,80,1.35,88.9,206.0,85.1,13.2,208.0,9.8,1.68
131423,0.0,77,2.05,96.4,132.0,88.0,14.1,212.0,5.8,4.99
131424,0.0,50,1.1,92.7,178.0,87.9,13.5,259.0,6.7,1.45
131425,0.0,3,1.1,92.7,178.0,87.9,13.5,259.0,6.7,1.45
131426,0.0,60,0.78,88.6,204.0,91.1,13.1,260.0,5.6,1.27
131427,0.0,74,3.02,131.3,213.0,91.9,14.4,225.0,4.6,7.48
131428,0.0,71,5.0,101.4,197.0,92.2,12.9,183.0,4.3,2.11
131429,0.0,10,1.37,76.6,178.0,87.9,13.5,259.0,6.7,1.45
131430,0.0,3,2.5,44.7,178.0,87.9,13.5,259.0,6.7,1.45
131431,0.0,48,5.0,91.9,174.0,87.7,12.2,260.0,8.8,1.46
131432,0.0,49,2.5,110.4,202.0,87.9,13.5,259.0,6.7,3.99
131433,0.0,25,5.0,70.0,153.0,89.4,12.6,262.0,5.0,0.28
131434,0.0,16,5.0,115.4,165.0,85.0,13.8,246.0,4.7,6.34
131436,0.0,67,5.0,92.7,178.0,87.9,13.5,259.0,6.7,1.45
131437,0.0,61,2.5,109.1,178.0,83.1,13.5,289.0,7.6,2.76
131438,0.0,17,5.0,71.3,125.0,86.8,12.6,314.0,8.0,0.55
131439,0.0,35,1.61,92.7,178.0,87.9,13.5,259.0,6.7,1.45
131440,0.0,7,5.0,92.7,178.0,87.9,13.5,259.0,6.7,1.45
131441,0.0,30,2.5,92.7,178.0,87.9,13.5,259.0,6.7,1.45
131442,0.0,23,2.3,77.4,146.0,94.5,12.6,255.0,5.5,0.42
131443,0.0,10,0.61,72.2,163.0,78.6,14.1,314.0,5.3,0.49
131444,0.0,23,1.34,75.0,209.0,89.8,12.8,286.0,6.2,0.85
131445,0.0,12,0.01,92.7,178.0,87.9,13.5,259.0,6.7,1.45
131446,0.0,50,2.5,104.5,186.0,86.5,14.0,266.0,7.6,4.15
131447,0.0,71,5.0,101.4,167.0,88.6,14.1,181.0,5.7,2.32
131448,0.0,3,3.69,92.7,178.0,87.9,13.5,259.0,6.7,1.45
131449,0.0,79,2.4,112.5,210.0,95.0,13.3,213.0,7.1,3.25
131450,0.0,80,3.68,111.2,265.0,89.9,13.8,128.0,5.2,3.8
131452,0.0,64,1.06,140.4,140.0,90.0,13.0,200.0,6.4,0.87
131453,0.0,27,1.48,95.9,178.0,90.3,13.0,293.0,8.2,1.45
131454,0.0,11,0.81,92.7,178.0,87.9,13.5,259.0,6.7,1.45
131455,0.0,65,2.5,133.0,148.0,79.3,14.2,261.0,6.9,3.45
131456,0.0,71,5.0,92.7,134.0,91.1,13.4,162.0,6.3,4.37
131457,1.0,73,2.5,130.6,160.0,87.5,13.1,271.0,7.6,2.51
131458,0.0,73,5.0,99.1,166.0,94.4,13.7,148.0,5.5,0.54
131459,0.0,80,5.0,101.4,226.0,92.0,13.6,220.0,5.4,1.39
131460,0.0,49,5.0,92.9,205.0,83.5,13.4,266.0,5.2,2.91
131461,0.0,24,1.91,93.4,178.0,87.9,13.5,259.0,6.7,1.45
131462,0.0,64,0.69,111.3,178.0,93.1,14.5,262.0,7.1,1.45
131463,0.0,35,1.91,86.4,194.0,84.0,14.1,381.0,7.8,2.68
131464,0.0,25,4.45,99.8,176.0,84.0,12.9,260.0,8.4,2.04
131465,0.0,5,3.7,52.4,178.0,81.0,13.4,286.0,7.5,0.59
131466,0.0,16,3.22,92.7,178.0,87.9,13.5,259.0,6.7,1.45
131467,0.0,13,2.92,64.0,142.0,60.3,16.6,326.0,7.8,0.28
131468,0.0,27,5.0,101.5,205.0,95.3,12.8,242.0,5.4,2.63
131469,0.0,21,0.55,99.6,170.0,85.2,14.0,164.0,4.6,0.8
131470,0.0,15,3.69,92.7,178.0,87.9,13.5,259.0,6.7,1.45
131471,0.0,59,2.84,87.2,140.0,93.2,13.6,240.0,7.1,1.84
131472,0.0,8,5.0,57.8,140.0,80.5,12.6,337.0,9.2,0.5
131473,0.0,80,2.5,92.7,178.0,87.9,13.5,259.0,6.7,1.45
131474,0.0,56,3.9,92.7,178.0,87.9,13.5,259.0,6.7,1.45
131475,0.0,8,5.0,67.6,155.0,83.2,14.0,310.0,12.1,0.53
131476,0.0,36,5.0,105.4,237.0,85.9,14.4,361.0,6.8,3.82
131477,1.0,68,2.5,92.7,178.0,87.9,13.5,259.0,6.7,1.45
131478,0.0,1,0.48,92.7,178.0,87.9,13.5,259.0,6.7,1.45
131479,0.0,32,1.3,87.0,179.0,92.4,13.1,255.0,9.7,1.54
131480,0.0,5,2.5,92.7,178.0,87.9,13.5,259.0,6.7,1.45
131481,0.0,51,1.65,77.3,191.0,84.2,14.4,423.0,7.3,0.6
131482,0.0,9,5.0,78.7,191.0,75.0,14.1,294.0,6.3,2.69
131483,0.0,53,4.82,81.2,253.0,85.6,13.3,320.0,5.2,0.58
131484,0.0,46,5.0,92.7,178.0,87.9,13.5,259.0,6.7,1.45
131486,0.0,25,3.28,92.7,178.0,87.9,13.5,259.0,6.7,1.45
131487,0.0,19,5.0,68.9,178.0,87.9,13.5,259.0,6.7,1.45
131488,0.0,39,1.51,92.7,178.0,87.9,13.5,259.0,6.7,1.45
131489,0.0,23,1.09,108.1,178.0,87.9,13.5,259.0,6.7,1.45
131490,0.0,28,2.5,92.7,178.0,87.9,13.5,259.0,6.7,1.45
131491,0.0,52,5.0,94.8,184.0,81.7,13.8,224.0,5.4,0.92
131492,0.0,13,0.3,63.0,178.0,90.4,12.9,266.0,9.9,1.45
131493,0.0,12,2.5,81.3,192.0,87.0,12.7,299.0,6.7,0.36
131494,0.0,33,2.5,92.7,178.0,87.9,13.5,259.0,6.7,1.45
131495,0.0,70,5.0,86.7,194.0,92.0,14.3,307.0,4.8,1.41
131496,0.0,16,2.41,92.7,178.0,87.9,13.5,259.0,6.7,1.45
131498,0.0,41,0.14,107.7,208.0,94.8,12.8,240.0,4.6,3.62
131499,0.0,55,5.0,92.7,195.0,89.1,13.2,356.0,5.7,2.0
131500,0.0,4,2.16,54.3,178.0,87.9,13.5,259.0,6.7,1.45
131501,0.0,21,5.0,108.5,184.0,94.7,12.8,255.0,7.6,1.3
131502,0.0,1,0.01,92.7,178.0,87.9,13.5,259.0,6.7,1.45
131503,0.0,61,4.82,108.0,243.0,87.6,13.2,275.0,7.1,0.48
131504,0.0,1,0.46,92.7,178.0,71.2,15.0,263.0,7.5,13.81
131505,0.0,68,2.84,100.6,157.0,88.5,15.8,382.0,9.1,0.59
131506,0.0,14,1.99,92.7,155.0,84.8,14.3,236.0,8.0,0.21
131507,0.0,61,1.78,109.2,256.0,86.8,14.2,252.0,6.0,6.23
131508,0.0,64,4.92,79.9,170.0,92.4,12.6,294.0,6.0,0.63
131509,0.0,45,5.0,74.1,230.0,93.4,13.4,258.0,4.4,0.4
131510,0.0,61,2.5,92.7,116.0,88.7,12.9,266.0,8.6,0.22
131511,0.0,7,0.94,68.5,178.0,87.9,13.5,259.0,6.7,1.45
131512,0.0,41,2.17,81.5,176.0,89.4,12.6,234.0,4.6,0.75
131513,0.0,13,2.86,74.0,174.0,88.1,13.5,370.0,7.9,0.33
131514,0.0,70,2.5,83.6,168.0,88.2,12.8,274.0,4.7,1.16
131515,0.0,37,2.5,92.7,178.0,87.9,13.5,259.0,6.7,1.45
131516,0.0,3,1.85,92.7,178.0,87.9,13.5,259.0,6.7,1.45
131517,0.0,7,1.61,59.2,178.0,87.9,13.5,259.0,6.7,1.45
131518,0.0,26,2.5,94.3,192.0,83.9,13.1,246.0,7.1,0.76
131519,1.0,64,2.5,92.5,178.0,87.5,15.3,194.0,5.8,1.45
131520,0.0,47,0.81,143.1,133.0,91.7,13.7,271.0,7.5,8.59
131521,0.0,43,0.77,115.5,122.0,80.5,13.5,290.0,7.3,36.65
131522,0.0,31,5.0,92.7,178.0,87.9,13.5,259.0,6.7,1.45
131523,0.0,50,1.98,92.6,199.0,101.8,16.0,336.0,5.6,53.28
131525,0.0,10,2.5,92.7,178.0,87.9,13.5,259.0,6.7,1.45
131526,0.0,4,5.0,92.7,178.0,87.9,13.5,259.0,6.7,1.45
131527,0.0,59,1.99,106.0,197.0,90.6,14.3,425.0,7.4,1.05
131528,1.0,74,3.68,105.4,117.0,92.3,13.5,194.0,8.3,1.14
131529,0.0,5,0.02,52.0,178.0,75.4,13.9,275.0,4.7,0.62
131530,0.0,16,3.06,92.1,212.0,81.9,14.0,286.0,10.1,11.4
131531,0.0,4,0.63,53.7,178.0,76.9,13.8,292.0,9.5,1.45
131532,1.0,68,5.0,123.4,191.0,80.2,18.4,321.0,17.4,5.19
131533,0.0,69,5.0,92.7,178.0,87.9,13.5,259.0,6.7,1.45
131534,0.0,9,5.0,53.6,178.0,90.0,12.7,244.0,6.3,0.19
131536,0.0,59,0.52,105.0,178.0,84.3,13.7,349.0,8.5,2.71
131537,0.0,51,1.78,92.7,178.0,87.9,13.5,259.0,6.7,1.45
131538,0.0,15,5.0,69.6,129.0,95.2,13.0,193.0,8.8,0.34
131539,0.0,33,5.0,92.7,178.0,87.9,13.5,259.0,6.7,1.45
131540,0.0,63,5.0,91.2,197.0,95.1,13.9,237.0,4.2,1.59
131541,0.0,48,1.77,82.3,184.0,84.9,13.2,184.0,6.0,0.66
131542,0.0,31,2.5,85.2,140.0,97.5,12.8,290.0,10.5,4.28
131543,0.0,3,2.5,92.7,178.0,87.9,13.5,259.0,6.7,1.45
131544,0.0,27,1.44,130.7,203.0,80.8,14.0,295.0,5.7,9.63
131545,0.0,6,2.5,92.7,178.0,87.9,13.5,259.0,6.7,1.45
131546,0.0,53,2.5,146.5,187.0,80.0,15.2,307.0,7.9,25.07
131547,0.0,8,2.5,54.3,157.0,77.9,12.9,420.0,8.1,0.19
131548,0.0,50,2.46,88.0,187.0,89.1,12.4,256.0,4.6,4.94
131549,0.0,28,1.74,114.4,150.0,85.3,13.8,283.0,6.3,4.03
131550,0.0,63,5.0,132.0,234.0,89.4,14.6,263.0,5.9,3.9
131551,0.0,65,5.0,97.9,157.0,85.4,13.7,378.0,9.6,7.61
131552,0.0,72,2.67,92.7,178.0,87.9,13.5,259.0,6.7,1.45
131553,0.0,34,1.71,111.5,175.0,84.0,13.1,309.0,10.7,1.3
131554,1.0,69,5.0,120.5,166.0,90.9,14.2,255.0,7.6,13.09
131555,0.0,33,1.42,92.7,178.0,87.9,13.5,259.0,6.7,1.45
131556,0.0,66,1.81,133.1,203.0,80.1,17.0,110.0,3.8,9.49
131557,0.0,61,5.0,98.4,201.0,88.0,13.8,269.0,4.1,4.15
131558,0.0,47,2.5,91.0,213.0,84.8,13.5,241.0,5.7,0.84
131559,0.0,80,1.06,100.6,178.0,87.9,13.5,259.0,6.7,1.45
131560,0.0,26,2.8,90.4,162.0,87.1,12.3,200.0,7.2,0.56
131561,1.0,56,0.26,93.3,228.0,89.2,13.4,273.0,4.9,2.74
131562,0.0,12,2.83,66.5,117.0,84.9,13.3,304.0,5.6,0.55
131563,1.0,41,2.5,92.7,178.0,87.9,13.5,259.0,6.7,1.45
131564,0.0,45,2.5,105.4,187.0,87.3,13.7,310.0,7.5,3.99
131565,0.0,67,2.58,103.1,236.0,90.8,14.5,286.0,6.7,2.89
131566,0.0,60,3.62,92.7,178.0,87.9,13.5,259.0,6.7,1.45
131567,0.0,66,5.0,82.2,204.0,93.4,13.6,283.0,5.4,2.64
131568,0.0,52,3.28,85.6,153.0,87.4,13.0,295.0,6.6,5.22
131569,0.0,39,1.85,109.8,244.0,85.9,13.3,224.0,8.7,2.17
131570,0.0,39,2.73,92.7,178.0,87.9,13.5,259.0,6.7,1.45
131571,0.0,60,2.5,119.9,146.0,92.6,13.8,404.0,5.8,0.4
131572,0.0,80,2.5,92.7,178.0,87.9,13.5,259.0,6.7,1.45
131573,0.0,12,5.0,91.5,151.0,81.7,13.2,343.0,6.6,0.28
131574,0.0,4,2.5,50.0,178.0,80.7,14.2,242.0,6.6,0.55
131575,0.0,15,5.0,85.0,178.0,87.9,13.5,259.0,6.7,1.45
131576,0.0,5,1.48,58.4,178.0,87.9,13.5,259.0,6.7,1.45
131577,0.0,18,3.42,92.7,191.0,87.5,13.6,303.0,11.5,1.55
131578,0.0,80,2.5,92.7,178.0,87.9,13.5,259.0,6.7,1.45
131579,0.0,65,1.42,92.7,178.0,87.9,13.5,259.0,6.7,1.45
131580,0.0,12,1.21,105.0,134.0,78.3,13.8,314.0,8.1,0.73
131581,0.0,4,2.17,43.9,178.0,87.9,13.5,259.0,6.7,1.45
131582,0.0,4,1.85,67.0,178.0,87.9,13.5,259.0,6.7,1.45
131583,0.0,57,0.0,118.7,215.0,80.4,14.7,240.0,9.0,14.85
131584,0.0,44,2.5,80.7,245.0,91.4,14.0,271.0,4.3,0.25
131585,1.0,68,5.0,134.0,103.0,80.8,18.9,372.0,17.5,14.52
131586,0.0,48,4.63,133.2,221.0,90.6,13.3,229.0,5.5,3.58
131587,0.0,14,5.0,92.7,178.0,87.9,13.5,259.0,6.7,1.45
131588,0.0,29,3.13,82.3,192.0,85.3,12.5,268.0,8.5,1.02
131589,1.0,36,0.74,92.7,178.0,87.9,13.5,259.0,6.7,1.45
131590,0.0,11,3.42,72.4,191.0,86.0,12.8,292.0,10.2,0.62
131591,0.0,62,1.77,92.7,178.0,87.9,13.5,259.0,6.7,1.45
131592,1.0,53,5.0,112.2,256.0,98.2,13.4,189.0,5.4,9.36
131593,0.0,64,1.47,117.4,225.0,92.0,13.3,220.0,6.9,3.83
131594,0.0,59,0.1,90.0,311.0,89.8,13.0,285.0,8.1,4.86
131595,0.0,5,2.85,55.4,178.0,87.9,13.5,259.0,6.7,1.45
131596,0.0,8,0.45,62.6,154.0,84.1,12.3,253.0,6.6,0.53
131597,0.0,42,4.56,86.8,276.0,93.0,13.5,252.0,4.1,0.75
131598,0.0,14,5.0,92.7,178.0,87.9,13.5,259.0,6.7,1.45
131599,0.0,1,2.05,92.7,178.0,87.9,13.5,259.0,6.7,1.45
131600,1.0,62,0.29,93.7,201.0,90.8,13.3,133.0,5.6,0.16
131602,0.0,75,2.4,74.7,208.0,87.9,13.4,236.0,5.3,0.85
131603,0.0,52,1.02,92.7,178.0,87.9,13.5,259.0,6.7,1.45
131604,0.0,16,1.8,90.0,155.0,87.9,13.5,259.0,6.7,0.47
131605,0.0,59,0.83,118.9,207.0,88.7,14.3,270.0,8.7,15.06
131606,0.0,71,0.82,92.7,178.0,87.9,13.5,259.0,6.7,1.45
131607,0.0,56,5.0,99.1,193.0,86.3,13.4,304.0,6.0,3.39
131608,0.0,8,1.52,51.8,178.0,87.9,13.5,259.0,6.7,1.45
131609,0.0,3,2.5,55.2,178.0,87.9,13.5,259.0,6.7,1.45
131610,0.0,60,1.85,86.2,181.0,93.8,13.6,288.0,9.1,0.39
131611,0.0,9,5.0,92.7,178.0,87.9,13.5,259.0,6.7,1.45
131612,0.0,11,3.42,63.2,178.0,87.9,13.5,259.0,6.7,1.45
131613,0.0,57,5.0,92.7,178.0,87.9,13.5,259.0,6.7,1.45
131614,0.0,60,0.82,82.4,169.0,107.8,14.0,164.0,8.6,7.62
131615,0.0,35,3.82,118.8,194.0,81.4,14.2,228.0,12.8,3.04
131616,0.0,41,2.8,90.1,146.0,92.0,14.2,202.0,3.4,0.2
131617,1.0,59,1.27,104.5,231.0,86.3,14.3,335.0,8.5,11.57
131618,0.0,45,0.33,118.4,178.0,91.5,13.9,69.0,6.2,1.45
131619,0.0,65,1.25,100.5,285.0,101.6,12.9,242.0,6.9,1.81
131620,0.0,47,1.32,85.3,217.0,88.2,14.0,258.0,8.3,2.37
131621,0.0,17,2.16,68.4,156.0,89.6,14.2,272.0,4.7,0.36
131622,0.0,32,4.53,92.7,178.0,87.9,13.5,259.0,6.7,1.45
131623,0.0,7,0.45,58.0,161.0,86.1,12.6,359.0,7.3,0.11
131624,0.0,17,1.52,109.2,130.0,65.6,17.8,313.0,8.5,0.72
131625,0.0,78,5.0,97.3,196.0,84.6,13.9,250.0,6.3,1.67
131626,0.0,39,5.0,76.6,125.0,95.0,13.0,204.0,3.0,1.53
131627,0.0,59,0.1,83.2,178.0,104.6,14.6,278.0,4.9,1.45
131628,1.0,72,1.97,106.4,198.0,94.0,14.2,242.0,7.4,13.25
131629,0.0,63,3.97,101.3,246.0,85.9,12.5,274.0,4.7,0.93
131630,0.0,39,0.48,99.7,193.0,86.8,14.2,273.0,7.5,4.88
131631,0.0,59,1.58,102.9,164.0,94.6,12.7,347.0,9.3,9.65
131633,0.0,13,1.49,80.0,94.0,87.0,13.0,198.0,6.5,0.27
131634,0.0,7,2.5,92.7,178.0,87.9,13.5,259.0,6.7,1.45
131636,0.0,8,0.03,92.7,178.0,87.9,13.5,259.0,6.7,1.45
131637,1.0,55,0.68,109.5,252.0,81.2,15.0,205.0,9.3,11.31
131638,0.0,31,0.52,91.8,193.0,87.9,12.7,250.0,7.7,2.19
131639,0.0,63,2.5,99.0,140.0,93.5,14.2,149.0,6.3,2.02
131640,0.0,45,2.5,92.7,178.0,87.9,13.5,259.0,6.7,1.45
131641,0.0,30,2.5,92.7,178.0,87.9,13.5,259.0,6.7,1.45
131642,0.0,53,1.21,86.6,141.0,87.9,13.5,211.0,5.8,1.54
131643,0.0,70,4.64,107.0,146.0,91.7,13.6,281.0,6.4,4.27
131644,0.0,14,1.8,81.1,178.0,76.8,14.8,315.0,6.0,1.45
131645,0.0,34,0.3,79.4,170.0,93.6,12.9,166.0,6.7,0.78
131646,1.0,79,2.15,83.3,205.0,92.7,14.2,150.0,8.2,1.16
131647,0.0,32,1.8,97.0,112.0,84.8,12.5,287.0,7.2,5.05
131648,0.0,44,0.71,114.2,219.0,96.0,13.6,214.0,9.9,43.16
131649,0.0,48,2.5,115.5,233.0,86.5,12.8,221.0,5.9,1.39
131650,0.0,30,1.06,98.9,115.0,87.1,13.0,229.0,4.8,0.57
131651,0.0,46,1.43,84.7,173.0,94.9,13.2,273.0,9.9,2.43
131652,0.0,3,0.34,52.8,178.0,87.9,13.5,259.0,6.7,1.45
131653,0.0,12,1.54,92.7,178.0,87.9,13.5,259.0,6.7,1.45
131654,0.0,50,1.03,71.2,174.0,89.4,13.0,262.0,5.3,2.65
131655,0.0,26,2.5,92.7,178.0,87.9,13.5,259.0,6.7,1.45
131656,0.0,43,2.11,83.9,189.0,88.1,12.0,239.0,5.9,0.18
131657,0.0,20,1.06,84.8,161.0,88.7,13.7,317.0,7.0,6.2
131658,0.0,52,5.0,76.2,130.0,95.7,13.4,175.0,4.6,0.47
131659,0.0,1,1.33,92.7,178.0,87.9,13.5,259.0,6.7,1.45
131660,0.0,8,0.19,58.1,188.0,75.1,13.4,335.0,5.2,1.95
131661,0.0,15,4.03,73.1,178.0,87.9,13.5,259.0,6.7,1.45
131662,0.0,12,5.0,92.7,178.0,87.9,13.5,259.0,6.7,1.45
131663,0.0,80,2.5,92.7,178.0,87.9,13.5,259.0,6.7,1.45
131664,0.0,56,5.0,116.7,246.0,90.3,13.4,332.0,6.0,2.76
131665,0.0,2,1.37,92.7,178.0,87.9,13.5,259.0,6.7,1.45
131666,0.0,58,1.37,139.8,178.0,83.2,14.3,221.0,7.9,2.97
131667,0.0,10,5.0,70.5,147.0,87.4,12.4,316.0,6.9,0.25
131668,0.0,70,1.11,91.8,178.0,87.9,13.5,259.0,6.7,1.45
131669,0.0,55,1.69,109.0,153.0,83.9,15.1,238.0,9.1,2.5
131670,0.0,53,2.12,114.5,193.0,85.7,13.6,391.0,9.9,6.36
131671,0.0,19,2.5,91.5,148.0,83.6,13.1,306.0,8.3,6.51
131672,0.0,22,2.5,78.8,213.0,91.8,13.3,260.0,9.0,1.49
131673,0.0,9,0.86,77.9,139.0,75.7,14.9,395.0,6.3,0.68
131674,0.0,37,5.0,92.7,178.0,87.9,13.5,259.0,6.7,1.45
131675,0.0,39,5.0,88.5,178.0,90.0,13.0,156.0,5.7,1.45
131676,0.0,42,4.04,107.6,247.0,87.2,13.6,291.0,6.7,2.07
131677,0.0,30,2.5,82.3,178.0,87.8,13.0,191.0,7.9,1.45
131678,0.0,4,1.49,54.8,178.0,87.9,13.5,259.0,6.7,1.45
131679,0.0,73,5.0,81.1,209.0,87.0,12.8,228.0,5.2,1.24
131680,0.0,35,2.67,115.1,218.0,84.3,13.0,288.0,5.9,7.15
131681,0.0,24,2.5,91.0,141.0,89.7,12.3,300.0,7.0,3.86
131682,0.0,13,0.55,92.7,144.0,68.3,15.4,429.0,12.7,0.37
131683,0.0,48,0.8,92.7,178.0,87.9,13.5,259.0,6.7,1.45
131684,0.0,35,4.11,126.8,148.0,87.9,13.0,159.0,8.5,5.39
131685,0.0,66,5.0,117.3,178.0,87.9,13.5,259.0,6.7,1.45
131686,0.0,17,0.67,100.4,223.0,89.3,13.6,279.0,5.9,3.08
131687,0.0,35,2.5,92.7,178.0,87.9,13.5,259.0,6.7,1.45
131688,0.0,8,2.16,76.5,178.0,87.9,13.5,259.0,6.7,1.45
131689,1.0,60,0.0,107.8,216.0,87.7,13.5,391.0,11.2,2.15
131690,0.0,44,5.0,105.8,260.0,83.0,14.8,269.0,5.7,1.46
131691,0.0,42,2.5,106.4,194.0,82.0,14.0,292.0,5.6,5.44
131692,0.0,52,2.77,82.8,164.0,88.6,13.4,221.0,4.1,0.28
131693,0.0,16,3.23,98.6,176.0,80.1,16.2,340.0,9.3,18.33
131694,0.0,80,5.0,130.1,127.0,93.0,13.8,247.0,11.5,0.67
131695,0.0,52,3.7,90.5,167.0,90.5,13.9,237.0,7.6,0.89
131696,0.0,74,1.06,121.9,178.0,87.9,13.5,259.0,6.7,1.45
131697,0.0,34,0.98,73.4,121.0,77.0,15.5,175.0,4.2,0.15
131698,0.0,77,2.06,92.7,178.0,87.9,13.5,259.0,6.7,1.45
131699,0.0,29,4.16,92.0,185.0,87.2,13.5,248.0,5.5,5.03
131700,0.0,65,4.56,87.3,238.0,99.3,13.4,186.0,6.9,0.82
131701,0.0,46,1.99,123.7,291.0,90.8,12.8,308.0,7.6,4.41
131702,0.0,15,3.16,72.7,199.0,83.6,13.6,373.0,4.7,0.17
131703,0.0,80,2.62,92.7,178.0,87.9,13.5,259.0,6.7,1.45
131704,0.0,60,2.08,109.9,213.0,89.5,14.2,444.0,8.5,7.97
131705,0.0,8,5.0,54.7,161.0,81.3,13.5,238.0,4.4,0.56
131706,0.0,80,1.11,92.7,178.0,87.9,13.5,259.0,6.7,1.45
131707,0.0,48,1.26,84.8,193.0,85.9,13.6,319.0,7.8,3.32
131708,0.0,52,5.0,88.0,201.0,92.6,13.0,241.0,6.1,0.76
131709,0.0,33,1.54,92.7,178.0,87.0,13.1,262.0,7.6,1.45
131710,0.0,64,2.79,110.7,277.0,99.1,13.7,194.0,5.7,17.9
131711,0.0,53,2.5,107.2,192.0,90.9,13.3,222.0,6.1,0.85
131712,0.0,31,2.0,94.1,178.0,87.9,13.5,259.0,6.7,1.45
131713,0.0,62,4.55,90.0,152.0,87.5,12.6,188.0,7.5,1.5
131714,0.0,24,1.69,91.4,212.0,86.3,12.7,299.0,5.6,2.22
131715,0.0,30,1.09,127.0,160.0,86.6,14.1,239.0,9.6,6.27
131716,0.0,65,4.37,117.2,237.0,92.4,12.6,247.0,5.1,2.1
131717,0.0,79,5.0,129.1,147.0,83.5,16.6,297.0,11.3,109.34
131718,0.0,50,0.66,100.5,294.0,87.5,13.0,275.0,7.6,2.57
131719,0.0,5,0.52,92.7,178.0,81.7,12.9,305.0,10.2,0.48
131720,0.0,44,5.0,92.7,178.0,87.9,13.5,259.0,6.7,1.45
131721,0.0,30,1.25,91.9,215.0,85.6,14.2,203.0,4.3,0.97
131722,0.0,2,0.2,51.5,178.0,87.9,13.5,259.0,6.7,1.45
131723,0.0,58,5.0,108.6,181.0,90.6,12.7,303.0,9.2,1.16
131724,0.0,26,5.0,92.7,178.0,87.9,13.5,259.0,6.7,1.45
131725,0.0,56,0.68,98.9,178.0,82.0,14.1,302.0,6.5,0.89
131726,0.0,48,2.66,92.7,178.0,87.9,13.5,259.0,6.7,1.45
131727,0.0,73,4.42,93.0,231.0,102.7,12.3,214.0,6.0,1.62
131728,0.0,52,5.0,102.2,145.0,93.7,13.5,269.0,8.8,3.48
131729,0.0,66,2.5,108.1,140.0,88.1,14.3,214.0,5.3,1.67
131730,0.0,65,2.43,121.9,159.0,87.4,14.4,311.0,11.1,1.49
131731,0.0,69,5.0,77.0,245.0,92.3,13.0,290.0,5.9,0.18
131732,0.0,55,2.92,92.7,178.0,87.9,13.5,259.0,6.7,1.45
131733,0.0,52,2.61,104.0,121.0,87.5,14.3,231.0,6.6,4.48
131734,0.0,39,5.0,92.7,178.0,87.9,13.5,259.0,6.7,1.45
131735,1.0,73,1.37,92.7,178.0,87.9,13.5,259.0,6.7,1.45
131736,0.0,13,4.25,75.0,170.0,88.8,13.3,262.0,5.5,0.33
131737,0.0,6,2.5,58.0,178.0,83.4,12.7,311.0,6.3,1.45
131738,0.0,19,2.5,71.6,159.0,74.2,14.6,263.0,6.2,2.99
131739,0.0,72,1.01,87.5,163.0,88.5,14.3,226.0,5.0,0.93
131740,1.0,59,2.21,111.1,178.0,84.8,18.9,238.0,7.3,1.45
131741,0.0,42,2.5,121.1,192.0,87.2,14.1,161.0,4.5,3.36
131742,0.0,38,1.42,95.5,154.0,84.7,13.2,291.0,6.8,16.84
131743,0.0,1,2.5,92.7,178.0,87.9,13.5,259.0,6.7,1.45
131744,0.0,1,3.24,92.7,178.0,87.9,13.5,259.0,6.7,1.45
131745,0.0,48,2.82,76.3,211.0,85.7,18.9,234.0,5.9,2.76
131746,0.0,62,5.0,110.2,204.0,92.1,13.8,202.0,5.8,2.8
131747,0.0,45,2.5,92.7,178.0,87.9,13.5,259.0,6.7,1.45
131748,1.0,75,2.5,92.7,178.0,87.9,13.5,259.0,6.7,1.45
131749,0.0,10,3.4,61.0,175.0,83.3,14.2,237.0,7.0,0.11
131750,0.0,3,2.5,92.7,178.0,87.9,13.5,259.0,6.7,1.45
131751,0.0,5,2.5,92.7,178.0,87.9,13.5,259.0,6.7,1.45
131752,0.0,42,5.0,95.7,173.0,88.2,13.3,179.0,4.5,12.05
131753,0.0,44,4.1,92.7,178.0,87.9,13.5,259.0,6.7,1.45
131754,0.0,18,0.85,92.7,178.0,87.9,13.5,259.0,6.7,1.45
131755,0.0,59,0.04,117.0,178.0,87.9,13.5,259.0,6.7,1.45
131756,0.0,41,1.08,96.7,169.0,91.5,13.1,220.0,6.4,7.8
131757,0.0,16,3.73,71.8,175.0,88.4,13.0,262.0,7.9,0.19
131758,0.0,16,0.7,92.7,178.0,87.9,13.5,259.0,6.7,1.45
131759,0.0,24,2.85,97.9,175.0,88.7,13.4,218.0,6.8,9.25
131760,0.0,76,2.5,114.9,177.0,81.1,16.1,248.0,5.5,1.76
131761,0.0,16,4.71,92.7,178.0,87.9,13.5,259.0,6.7,1.45
131762,0.0,31,0.97,84.9,173.0,82.0,13.9,239.0,7.8,1.1
131763,0.0,10,5.0,59.1,174.0,88.6,12.9,299.0,5.8,1.14
131764,0.0,5,1.08,50.3,178.0,87.9,13.5,259.0,6.7,1.45
131765,1.0,76,0.72,92.7,178.0,87.9,13.5,259.0,6.7,1.45
131766,0.0,12,0.52,74.7,146.0,84.4,13.8,384.0,6.7,0.53
131767,0.0,80,2.5,92.7,178.0,87.9,13.5,259.0,6.7,1.45
131768,0.0,34,0.87,75.6,156.0,88.9,13.3,288.0,8.0,0.56
131769,0.0,33,5.0,85.9,190.0,90.2,13.7,289.0,5.4,0.23
131770,0.0,4,4.32,52.0,178.0,87.9,13.5,259.0,6.7,1.45
131771,0.0,7,2.5,57.0,178.0,87.9,13.5,259.0,6.7,1.45
131772,0.0,11,2.5,54.5,142.0,85.7,12.2,254.0,5.6,0.11
131773,0.0,18,1.23,67.2,106.0,92.9,12.8,237.0,8.0,0.53
131774,0.0,7,1.97,92.7,178.0,87.9,13.5,259.0,6.7,1.45
131775,0.0,66,3.77,82.6,280.0,89.9,13.4,278.0,8.7,0.38
131776,0.0,80,3.22,97.6,170.0,93.3,13.6,221.0,6.3,0.51
131777,0.0,5,4.32,48.9,178.0,88.7,13.1,410.0,6.6,0.18
131779,0.0,6,0.61,59.5,184.0,79.4,14.0,330.0,6.9,0.17
131780,0.0,42,2.5,92.7,178.0,87.9,13.5,259.0,6.7,1.45
131781,0.0,8,0.49,62.7,137.0,78.5,13.3,249.0,6.0,0.31
131782,0.0,33,3.96,75.2,185.0,88.5,13.7,224.0,6.4,0.39
131783,0.0,48,4.1,89.5,192.0,81.6,13.2,294.0,6.7,5.37
131784,0.0,8,2.77,69.0,178.0,87.9,13.5,259.0,6.7,1.45
131785,0.0,35,5.0,82.1,226.0,86.5,12.9,263.0,8.0,0.69
131786,0.0,28,5.0,92.7,178.0,87.9,13.5,259.0,6.7,1.45
131787,0.0,61,1.84,103.2,160.0,90.1,13.8,238.0,5.9,1.98
131788,0.0,19,0.93,97.3,135.0,84.2,12.9,193.0,6.2,0.36
131789,0.0,38,5.0,112.0,227.0,85.5,13.1,277.0,5.3,0.68
131790,0.0,45,2.82,110.8,207.0,96.7,13.4,296.0,5.3,0.42
131791,0.0,55,1.27,89.8,193.0,94.3,13.6,222.0,4.6,0.69
131792,0.0,18,2.96,104.1,145.0,77.9,13.1,301.0,5.2,0.81
131793,0.0,5,0.43,58.2,178.0,83.1,12.5,382.0,6.9,0.23
131794,0.0,10,1.42,92.7,178.0,87.9,13.5,259.0,6.7,1.45
131795,0.0,59,2.5,92.7,178.0,87.9,13.5,259.0,6.7,1.45
131796,0.0,75,1.93,89.3,195.0,84.1,15.3,270.0,6.8,1.18
131797,0.0,58,4.02,79.4,155.0,89.4,12.6,255.0,3.8,0.72
131798,0.0,53,2.89,103.0,223.0,86.0,13.5,392.0,8.3,4.68
131799,0.0,49,1.94,94.2,176.0,91.8,14.8,295.0,8.2,6.37
131800,0.0,54,2.15,112.0,225.0,84.3,15.9,233.0,6.7,5.17
131801,0.0,56,0.65,92.7,178.0,87.9,13.5,259.0,6.7,1.45
131802,0.0,45,5.0,92.7,144.0,91.2,13.0,196.0,4.7,0.36
131803,0.0,46,5.0,96.0,231.0,90.0,12.9,218.0,5.4,0.6
131804,0.0,40,5.0,75.5,204.0,92.1,13.9,225.0,4.6,2.1
131805,0.0,43,0.84,86.9,218.0,96.6,12.6,283.0,8.1,0.75
131806,0.0,58,2.5,79.0,194.0,89.7,13.9,223.0,7.4,0.39
131807,0.0,70,0.77,77.7,244.0,92.3,13.2,280.0,7.3,1.53
131808,1.0,72,5.0,137.3,136.0,89.5,13.7,199.0,6.2,0.7
131809,0.0,12,0.09,92.7,178.0,87.9,13.5,259.0,6.7,1.45
131810,0.0,8,0.63,55.6,126.0,84.9,12.9,260.0,6.4,0.44
131811,0.0,1,2.5,92.7,178.0,87.9,13.5,259.0,6.7,1.45
131812,0.0,25,1.4,99.6,178.0,92.3,13.2,230.0,7.1,1.08
131813,0.0,80,2.5,92.7,178.0,87.9,13.5,259.0,6.7,1.45
131814,0.0,45,5.0,87.0,180.0,82.8,13.3,273.0,6.0,0.83
131815,0.0,8,0.53,92.7,178.0,87.9,13.5,259.0,6.7,1.45
131816,0.0,31,5.0,83.5,195.0,90.9,13.2,262.0,5.4,3.07
131817,0.0,51,2.5,92.7,178.0,87.9,13.5,259.0,6.7,1.45
131818,0.0,2,1.85,92.7,178.0,87.9,13.5,259.0,6.7,1.45
131819,0.0,10,2.5,63.1,182.0,89.3,12.4,460.0,5.7,0.11
131820,0.0,4,2.85,92.7,178.0,87.9,13.5,259.0,6.7,1.45
131821,0.0,5,1.99,51.2,178.0,85.2,12.4,280.0,6.1,0.11
131822,1.0,70,5.0,84.5,118.0,90.1,14.5,177.0,6.9,0.16
131823,0.0,65,5.0,114.0,217.0,84.1,13.2,233.0,3.9,1.05
131824,0.0,74,5.0,85.1,239.0,94.9,13.9,306.0,7.5,13.17
131825,0.0,7,0.01,55.5,119.0,77.3,13.0,282.0,9.3,0.46
131826,0.0,21,0.82,81.1,178.0,87.9,13.5,259.0,6.7,1.45
131827,0.0,52,1.78,177.7,191.0,91.6,13.6,215.0,6.3,2.78
131828,0.0,43,1.64,80.8,143.0,90.3,13.8,225.0,5.3,0.99
131829,0.0,75,1.52,113.2,137.0,83.8,13.7,223.0,5.8,6.62
131830,0.0,14,5.0,92.7,178.0,87.9,13.5,259.0,6.7,1.45
131831,0.0,69,1.92,105.9,230.0,90.5,14.6,169.0,5.0,1.39
131832,0.0,12,2.5,92.7,178.0,87.9,13.5,259.0,6.7,1.45
131833,0.0,55,4.59,90.5,221.0,90.1,13.0,217.0,4.9,1.81
131834,0.0,1,0.88,92.7,178.0,87.9,13.5,259.0,6.7,1.45
131835,0.0,30,2.5,88.3,135.0,81.7,12.9,191.0,3.5,2.58
131836,0.0,12,1.61,92.7,178.0,87.9,13.5,259.0,6.7,1.45
131837,0.0,59,3.55,88.2,171.0,92.9,12.8,263.0,5.5,0.41
131838,0.0,47,0.77,87.8,179.0,85.8,13.3,222.0,7.3,0.68
131839,0.0,7,3.6,58.4,178.0,87.9,13.5,259.0,6.7,1.45
131840,0.0,16,3.33,84.2,176.0,85.5,12.8,193.0,4.0,0.91
131841,0.0,62,4.1,102.8,235.0,93.8,14.0,212.0,8.4,2.91
131842,0.0,25,4.42,101.0,178.0,83.3,13.6,217.0,7.0,1.45
131843,0.0,4,2.5,92.7,178.0,87.9,13.5,259.0,6.7,1.45
131844,0.0,40,2.09,95.2,128.0,80.9,13.1,230.0,6.6,0.43
131845,0.0,13,0.8,92.7,178.0,87.9,13.5,259.0,6.7,1.45
131846,0.0,8,0.86,92.7,178.0,87.9,13.5,259.0,6.7,1.45
131847,0.0,7,5.0,73.1,155.0,75.8,14.2,341.0,6.5,2.73
131848,0.0,18,2.71,73.6,101.0,93.0,13.6,187.0,4.6,0.17
131849,0.0,61,3.86,119.1,215.0,92.4,14.5,199.0,11.7,6.94
131850,0.0,73,1.0,83.0,178.0,87.9,13.5,259.0,6.7,1.45
131851,0.0,53,5.0,126.6,273.0,87.4,14.3,252.0,6.7,7.02
131852,0.0,20,0.0,105.9,160.0,91.6,12.8,199.0,6.2,2.84
131853,0.0,69,4.37,92.7,178.0,87.9,13.5,259.0,6.7,1.45
131854,0.0,28,3.98,92.7,178.0,87.9,13.5,259.0,6.7,1.45
131855,0.0,19,5.0,87.0,236.0,90.4,12.8,242.0,6.8,0.89
131856,0.0,65,2.0,75.8,178.0,95.2,13.6,380.0,7.1,1.45
131857,0.0,8,2.5,92.7,178.0,87.9,13.5,259.0,6.7,1.45
131858,0.0,5,1.85,92.7,178.0,87.9,13.5,259.0,6.7,1.45
131859,0.0,9,5.0,92.7,178.0,87.9,13.5,259.0,6.7,1.45
131860,0.0,25,2.5,88.0,193.0,78.4,14.3,241.0,6.4,0.62
131861,0.0,8,0.95,92.7,178.0,87.9,13.5,259.0,6.7,1.45
131862,0.0,34,2.77,89.1,177.0,90.4,12.5,266.0,7.1,1.4
131863,0.0,52,2.5,92.7,178.0,87.9,13.5,259.0,6.7,1.45
131864,0.0,64,5.0,115.1,222.0,92.4,13.3,278.0,9.2,8.46
131865,0.0,9,2.03,58.1,206.0,81.4,13.1,328.0,6.6,0.28
131866,0.0,17,2.5,73.3,171.0,87.3,13.6,275.0,6.1,0.19
131867,0.0,22,2.82,120.7,175.0,79.0,15.1,396.0,8.0,6.03
131868,0.0,71,1.54,92.7,178.0,87.9,13.5,259.0,6.7,1.45
131869,0.0,25,0.72,92.7,178.0,87.9,13.5,259.0,6.7,1.45
131870,0.0,63,3.3,92.7,178.0,87.9,13.5,259.0,6.7,1.45
131871,0.0,26,1.01,110.2,203.0,88.8,13.4,410.0,11.6,31.36
131872,0.0,63,0.82,95.1,195.0,71.3,15.9,240.0,6.9,11.96
131873,0.0,16,0.98,83.3,178.0,87.9,13.5,259.0,6.7,1.45
131874,0.0,41,5.0,111.6,235.0,83.8,13.1,303.0,8.9,2.81
131875,0.0,33,1.91,105.5,158.0,93.2,13.1,307.0,6.5,0.65
131876,0.0,38,5.0,127.8,165.0,84.5,14.3,344.0,10.3,6.88
131877,0.0,70,4.93,82.5,178.0,87.9,13.5,259.0,6.7,1.45
131878,0.0,12,3.96,91.3,178.0,87.9,13.5,259.0,6.7,1.45
131879,0.0,60,2.5,92.7,178.0,87.9,13.5,259.0,6.7,1.45
131880,0.0,27,0.62,91.2,172.0,82.2,14.3,214.0,6.4,1.77
131881,0.0,4,1.8,92.7,178.0,87.9,13.5,259.0,6.7,1.45
131882,0.0,6,2.5,92.7,178.0,87.9,13.5,259.0,6.7,1.45
131883,1.0,76,1.64,95.9,134.0,91.2,13.1,251.0,5.8,0.55
131884,0.0,66,4.83,89.7,183.0,92.7,13.7,158.0,6.8,0.49
131885,0.0,9,1.14,74.6,260.0,72.8,14.2,321.0,12.0,2.12
131886,0.0,6,5.0,50.5,197.0,80.8,13.2,330.0,6.4,0.33
131887,0.0,77,3.58,92.7,178.0,87.9,13.5,259.0,6.7,1.45
131888,0.0,28,1.94,92.7,178.0,87.9,13.5,259.0,6.7,1.45
131889,0.0,71,2.44,92.7,178.0,87.9,13.5,259.0,6.7,1.45
131890,0.0,80,1.41,107.2,243.0,93.6,13.2,289.0,9.1,1.97
131891,0.0,32,2.61,77.5,164.0,86.3,13.3,329.0,10.1,1.85
131892,1.0,69,3.24,117.3,130.0,91.0,14.3,150.0,6.0,5.71
131893,0.0,17,0.61,97.5,178.0,87.9,13.5,259.0,6.7,1.45
131894,0.0,39,5.0,92.7,178.0,87.9,13.5,259.0,6.7,1.45
131895,0.0,2,2.39,51.7,178.0,77.9,14.7,322.0,5.3,1.8
131896,0.0,4,2.93,51.4,178.0,79.6,14.6,257.0,7.3,0.11
131897,0.0,14,2.5,92.7,178.0,87.9,13.5,259.0,6.7,1.45
131898,0.0,71,3.69,125.7,174.0,94.6,13.1,256.0,8.9,3.08
131899,0.0,80,2.33,94.0,137.0,90.5,12.9,274.0,6.7,0.24
131900,0.0,8,2.32,92.7,178.0,87.9,13.5,259.0,6.7,1.45
131901,0.0,31,2.5,126.0,155.0,86.8,13.1,331.0,10.2,5.02
131902,0.0,61,3.49,100.5,187.0,87.2,14.0,239.0,6.3,1.8
131903,0.0,64,2.5,95.5,218.0,88.3,13.6,229.0,4.6,4.39
131904,0.0,25,1.59,79.5,131.0,85.2,13.6,260.0,5.7,0.25
131905,0.0,35,0.81,91.4,173.0,86.3,13.8,180.0,7.7,3.87
131906,0.0,60,0.96,92.7,245.0,78.4,14.1,245.0,6.6,3.59
131907,0.0,13,0.68,92.7,178.0,87.9,13.5,259.0,6.7,1.45
131908,0.0,12,2.5,81.0,178.0,87.9,13.5,259.0,6.7,1.45
131909,0.0,59,3.6,92.7,178.0,87.9,13.5,259.0,6.7,1.45
131910,0.0,15,5.0,88.0,179.0,90.9,12.7,294.0,6.0,0.47
131911,0.0,37,0.96,102.4,178.0,90.9,12.7,199.0,9.5,3.77
131912,0.0,60,1.91,95.2,244.0,91.8,13.2,357.0,6.3,7.57
131913,0.0,80,2.5,101.8,161.0,96.4,14.1,177.0,5.7,1.54
131914,0.0,16,3.13,96.4,142.0,81.5,13.9,294.0,5.4,1.98
131915,0.0,32,2.69,92.7,178.0,87.9,13.5,259.0,6.7,1.45
131916,0.0,18,2.5,82.0,153.0,90.7,13.2,232.0,5.5,0.64
131917,0.0,59,2.5,92.7,178.0,87.9,13.5,259.0,6.7,1.45
131918,0.0,9,3.6,69.3,178.0,83.4,13.1,270.0,5.7,2.04
131919,0.0,3,0.16,92.7,178.0,87.9,13.5,259.0,6.7,1.45
131920,0.0,12,5.0,62.6,178.0,85.9,12.8,318.0,6.3,1.45
131921,0.0,47,2.5,92.7,178.0,87.9,13.5,259.0,6.7,1.45
131922,0.0,38,0.55,110.0,209.0,91.2,12.8,227.0,4.5,1.6
131923,0.0,63,1.4,119.1,178.0,85.9,13.4,245.0,7.7,4.91
131924,0.0,30,0.86,92.7,178.0,87.9,13.5,259.0,6.7,1.45
131925,0.0,8,0.56,92.7,178.0,87.9,13.5,259.0,6.7,1.45
131926,0.0,59,4.83,104.9,229.0,82.9,15.7,210.0,3.8,1.14
131927,0.0,3,1.0,52.1,178.0,78.2,12.7,362.0,9.5,0.11
131928,0.0,62,3.91,90.0,253.0,86.6,14.4,213.0,5.5,1.16
131929,0.0,53,1.32,108.4,139.0,85.3,37.5,241.0,10.8,1.26
131930,0.0,26,0.68,92.7,179.0,84.5,13.8,281.0,8.1,1.38
131931,0.0,62,2.5,92.7,178.0,87.9,13.5,259.0,6.7,1.45
131932,1.0,75,0.75,98.2,178.0,92.8,17.8,177.0,7.5,1.45
131933,0.0,6,0.65,59.7,178.0,80.7,13.1,509.0,10.1,1.22
131934,0.0,47,0.33,109.0,257.0,91.3,13.9,279.0,10.2,1.79
131935,0.0,4,3.08,48.4,178.0,87.9,13.5,259.0,6.7,1.45
131936,0.0,80,2.87,92.9,122.0,85.7,15.5,274.0,5.3,0.37
131937,0.0,72,0.96,102.6,154.0,82.7,13.8,185.0,7.8,1.55
131938,0.0,22,2.5,126.9,229.0,91.3,13.3,237.0,9.2,1.41
131939,0.0,67,5.0,91.5,199.0,89.1,14.4,190.0,5.2,1.29
131940,0.0,65,4.34,110.2,219.0,84.8,14.0,258.0,8.2,6.89
131941,0.0,4,1.09,48.5,178.0,83.5,12.3,361.0,7.3,1.45
131942,1.0,48,0.96,92.7,178.0,87.9,13.5,259.0,6.7,1.45
131943,0.0,47,2.5,92.7,178.0,87.9,13.5,259.0,6.7,1.45
131944,0.0,59,4.12,74.3,211.0,92.5,13.2,257.0,3.5,0.38
131945,0.0,58,1.43,81.0,181.0,90.3,14.2,321.0,7.2,0.18
131946,0.0,77,3.96,92.7,178.0,96.7,13.4,195.0,5.7,0.53
131947,0.0,26,3.22,99.6,172.0,86.6,13.4,324.0,8.7,13.51
131948,0.0,34,4.33,71.7,168.0,91.7,12.5,288.0,9.7,0.37
131949,0.0,16,5.0,92.7,178.0,87.9,13.5,259.0,6.7,1.45
131951,1.0,69,2.57,146.4,136.0,90.2,13.4,240.0,8.6,0.84
131952,0.0,7,0.52,59.0,178.0,87.9,13.5,259.0,6.7,1.45
131953,0.0,1,2.31,92.7,178.0,87.9,13.5,259.0,6.7,1.45
131954,0.0,53,0.81,73.7,178.0,89.9,14.9,210.0,3.9,1.45
131955,0.0,29,0.35,103.3,178.0,88.6,13.4,518.0,6.9,1.45
131956,0.0,50,2.5,92.7,178.0,87.9,13.5,259.0,6.7,1.45
131957,0.0,9,0.94,56.7,130.0,86.2,12.2,293.0,5.4,0.22
131958,0.0,20,0.7,77.4,122.0,88.5,14.4,145.0,7.6,0.83
131959,0.0,70,2.5,103.9,149.0,87.3,15.6,322.0,8.9,2.45
131960,0.0,16,1.6,101.4,189.0,81.4,13.4,202.0,10.8,165.63
131961,0.0,1,2.5,92.7,178.0,87.9,13.5,259.0,6.7,1.45
131962,0.0,44,2.5,94.4,135.0,89.8,13.7,217.0,5.6,1.89
131963,0.0,5,0.02,53.2,178.0,70.6,17.8,468.0,5.8,0.56
131964,0.0,3,2.5,92.7,178.0,87.9,13.5,259.0,6.7,1.45
131965,1.0,63,2.21,92.7,178.0,87.9,13.5,259.0,6.7,1.45
131966,0.0,14,2.96,92.7,178.0,87.9,13.5,259.0,6.7,1.45
131967,0.0,71,3.09,109.0,231.0,87.8,14.4,148.0,5.2,7.65
131968,0.0,72,1.84,92.7,178.0,87.9,13.5,259.0,6.7,1.45
131970,0.0,76,1.76,92.7,191.0,85.2,15.0,216.0,3.7,3.28
131971,0.0,80,1.51,92.7,178.0,87.9,13.5,259.0,6.7,1.45
131972,0.0,26,1.51,115.7,215.0,79.8,14.8,287.0,6.4,18.94
131973,0.0,1,0.8,92.7,178.0,87.9,13.5,259.0,6.7,1.45
131974,0.0,34,3.26,88.1,161.0,89.0,12.7,317.0,6.3,4.87
131975,0.0,70,5.0,83.5,178.0,94.0,13.0,235.0,4.5,3.95
131976,0.0,70,1.86,103.7,242.0,97.7,15.0,185.0,7.6,6.8
131977,0.0,17,2.5,92.7,178.0,87.9,13.5,259.0,6.7,1.45
131978,0.0,3,3.27,47.1,178.0,87.9,13.5,259.0,6.7,1.45
131979,0.0,37,4.32,81.6,141.0,85.0,13.7,183.0,4.6,0.84
131980,0.0,3,2.5,48.8,178.0,72.2,14.0,567.0,6.1,0.2
131981,0.0,42,2.5,92.7,178.0,87.9,13.5,259.0,6.7,1.45
131982,0.0,11,0.1,92.7,178.0,87.9,13.5,259.0,6.7,1.45
131983,0.0,7,2.5,61.2,178.0,87.9,13.5,259.0,6.7,1.45
131984,0.0,34,5.0,92.7,178.0,87.9,13.5,259.0,6.7,1.45
131985,0.0,44,2.5,95.8,169.0,90.2,13.1,205.0,6.0,0.43
131986,0.0,8,3.47,92.7,178.0,87.9,13.5,259.0,6.7,1.45
131987,0.0,19,2.73,109.5,169.0,86.1,12.4,273.0,7.7,2.06
131988,0.0,71,4.69,116.1,178.0,82.7,14.7,301.0,5.9,3.83
131989,0.0,3,3.97,50.7,178.0,82.0,12.6,269.0,9.5,0.72
131990,0.0,50,2.58,83.4,128.0,88.0,13.4,189.0,4.1,0.59
131991,0.0,71,1.06,94.4,104.0,85.4,14.4,211.0,3.8,3.12
131992,0.0,73,3.3,92.7,212.0,87.0,13.4,211.0,4.8,3.59
131993,0.0,10,0.93,109.5,120.0,78.3,14.7,349.0,6.6,0.27
131994,0.0,3,5.0,47.4,178.0,87.9,13.5,259.0,6.7,1.45
131995,0.0,9,2.5,92.7,178.0,87.9,13.5,259.0,6.7,1.45
131996,0.0,5,4.59,92.7,178.0,84.8,13.4,316.0,5.8,0.19
131997,0.0,69,0.62,91.8,204.0,94.2,13.1,185.0,7.5,1.75
131998,0.0,55,2.5,113.2,171.0,88.0,13.1,261.0,6.0,2.57
131999,0.0,19,1.52,83.3,166.0,87.2,13.4,236.0,4.1,0.27
132000,0.0,67,0.0,101.1,261.0,90.1,13.0,259.0,5.9,1.62
132001,0.0,64,5.0,82.2,118.0,93.9,12.9,271.0,6.5,0.46
132002,0.0,3,4.55,43.4,178.0,87.9,13.5,259.0,6.7,1.45
132003,0.0,69,1.64,92.7,178.0,87.9,13.5,259.0,6.7,1.45
132004,0.0,6,1.05,71.8,133.0,81.6,14.6,215.0,5.0,0.56
132005,0.0,12,1.17,87.5,123.0,86.0,12.7,353.0,5.2,0.42
132006,0.0,16,1.51,75.0,128.0,88.2,12.8,282.0,6.5,0.68
132007,0.0,53,2.73,121.0,204.0,95.0,14.2,246.0,11.3,3.22
132008,0.0,63,0.93,126.4,264.0,82.2,14.7,351.0,5.7,4.02
132009,0.0,55,2.5,92.7,178.0,87.9,13.5,259.0,6.7,1.45
132010,0.0,32,5.0,94.3,172.0,90.8,12.2,238.0,5.6,3.54
132011,0.0,24,2.5,92.1,191.0,84.0,13.7,242.0,5.3,0.51
132012,0.0,7,0.23,65.0,178.0,87.9,13.5,259.0,6.7,1.45
132013,0.0,6,5.0,92.7,178.0,87.9,13.5,259.0,6.7,1.45
132014,0.0,54,1.32,169.0,200.0,88.3,14.6,322.0,8.2,4.49
132015,0.0,6,1.21,92.7,178.0,87.9,13.5,259.0,6.7,1.45
132016,0.0,16,2.5,85.2,178.0,87.9,13.5,259.0,6.7,1.45
132017,0.0,53,5.0,131.0,178.0,75.8,17.2,304.0,8.3,1.45
132018,0.0,60,5.0,92.7,178.0,87.9,13.5,259.0,6.7,1.45
132019,0.0,14,3.58,92.7,178.0,87.9,13.5,259.0,6.7,1.45
132020,0.0,4,0.75,53.6,178.0,79.2,12.8,262.0,8.8,0.86
132021,0.0,62,5.0,102.5,173.0,89.2,12.6,249.0,6.6,3.93
132022,0.0,9,2.5,92.7,178.0,87.9,13.5,259.0,6.7,1.45
132024,0.0,18,0.07,92.7,178.0,87.9,13.5,259.0,6.7,1.45
132025,0.0,68,2.5,92.7,178.0,87.9,13.5,259.0,6.7,1.45
132026,1.0,80,5.0,92.7,178.0,87.9,13.5,259.0,6.7,1.45
132027,0.0,12,2.92,66.5,178.0,87.9,13.5,259.0,6.7,1.45
132028,0.0,44,2.92,75.4,164.0,94.1,13.1,282.0,7.0,0.37
132029,0.0,56,1.95,84.2,157.0,90.5,12.5,223.0,7.9,1.95
132030,0.0,68,5.0,112.5,153.0,85.5,14.7,204.0,5.3,6.51
132031,1.0,76,2.58,96.3,265.0,90.3,13.6,194.0,3.4,9.8
132032,0.0,52,5.0,135.5,178.0,87.3,13.3,180.0,5.7,1.45
132033,0.0,39,3.0,82.6,231.0,90.9,12.4,290.0,5.7,0.23
132034,0.0,9,2.5,92.7,178.0,87.9,13.5,259.0,6.7,1.45
132035,0.0,73,2.5,92.7,178.0,87.9,13.5,259.0,6.7,1.45
132036,0.0,79,2.5,102.5,155.0,88.7,14.6,217.0,6.3,11.65
132037,0.0,65,5.0,118.6,126.0,92.4,13.1,211.0,7.1,2.38
132038,0.0,71,0.96,118.6,182.0,87.8,13.9,230.0,6.2,3.26
132039,0.0,4,0.48,92.7,178.0,87.9,13.5,259.0,6.7,1.45
132041,0.0,38,2.92,95.8,197.0,87.0,13.5,224.0,5.7,0.56
132042,0.0,2,2.5,92.7,178.0,87.9,13.5,259.0,6.7,1.45
132043,0.0,22,2.19,92.7,178.0,87.9,13.5,259.0,6.7,1.45
132044,1.0,80,0.88,92.7,178.0,87.9,13.5,259.0,6.7,1.45
132045,0.0,30,5.0,93.3,175.0,88.0,12.6,254.0,9.3,4.11
132046,0.0,72,5.0,95.6,161.0,96.0,12.8,192.0,5.1,0.25
132047,0.0,8,3.54,54.2,178.0,68.0,17.0,372.0,7.4,0.15
132048,0.0,13,0.74,74.9,146.0,84.2,13.3,261.0,5.6,0.89
132049,0.0,70,3.8,106.2,111.0,94.7,13.0,182.0,7.6,0.52
132050,0.0,14,1.44,92.7,178.0,87.9,13.5,259.0,6.7,1.45
132051,0.0,16,1.1,92.7,178.0,87.9,13.5,259.0,6.7,1.45
132052,0.0,10,5.0,92.7,178.0,87.9,13.5,259.0,6.7,1.45
132053,0.0,34,5.0,107.7,189.0,88.0,13.3,234.0,6.5,1.49
132054,0.0,80,2.5,92.7,178.0,87.9,13.5,259.0,6.7,1.45
132055,1.0,76,5.0,89.5,193.0,91.3,14.8,331.0,7.4,0.89
132056,0.0,65,1.26,108.8,238.0,85.9,14.2,343.0,8.0,17.74
132057,0.0,2,1.98,45.5,178.0,87.9,13.5,259.0,6.7,1.45
132058,0.0,61,5.0,92.7,178.0,87.9,13.5,259.0,6.7,1.45
132059,0.0,37,0.88,101.0,142.0,89.1,13.3,328.0,5.1,0.71
132060,0.0,21,5.0,80.9,178.0,87.9,13.5,259.0,6.7,1.45
132061,0.0,70,4.12,141.4,176.0,92.5,13.7,270.0,10.1,4.53
132062,0.0,60,5.0,85.5,204.0,91.2,13.2,165.0,5.4,0.44
132063,0.0,80,0.41,127.4,107.0,94.3,15.7,160.0,4.8,1.0
132064,0.0,28,5.0,131.0,150.0,85.5,13.0,204.0,7.7,7.06
132065,1.0,79,2.5,90.0,225.0,91.5,12.3,355.0,7.7,0.65
132066,0.0,9,0.65,92.7,178.0,87.9,13.5,259.0,6.7,1.45
132067,0.0,30,3.43,80.2,184.0,87.6,12.9,308.0,6.9,0.3
132068,0.0,14,0.83,101.4,130.0,80.6,16.4,254.0,7.9,0.85
132069,0.0,13,0.85,95.5,193.0,88.8,13.1,304.0,7.5,1.1
132070,0.0,10,0.58,68.7,154.0,88.5,13.3,235.0,5.8,0.11
132071,0.0,51,5.0,89.2,287.0,93.9,13.2,245.0,8.5,0.7
132072,0.0,58,2.47,120.8,215.0,96.5,14.0,227.0,8.1,4.28
132073,1.0,79,2.46,106.4,95.0,92.3,15.3,206.0,5.4,0.36
132074,0.0,47,1.97,113.6,183.0,88.3,13.1,236.0,8.6,5.7
132075,0.0,69,1.13,81.3,219.0,89.3,14.1,194.0,3.0,0.56
132077,0.0,80,2.03,100.7,197.0,88.4,14.8,256.0,4.4,0.47
132078,0.0,8,0.02,92.7,178.0,87.9,13.5,259.0,6.7,1.45
132079,0.0,61,5.0,111.0,179.0,85.4,15.0,243.0,5.4,7.75
132080,1.0,80,1.52,92.7,178.0,91.6,14.7,167.0,6.0,1.45
132081,0.0,32,1.42,92.7,178.0,87.9,13.5,259.0,6.7,1.45
132082,0.0,16,2.5,93.8,178.0,82.7,13.2,377.0,5.4,1.45
132083,0.0,7,1.16,58.9,124.0,80.0,13.1,285.0,7.5,4.59
132084,0.0,8,5.0,69.7,178.0,87.9,13.5,259.0,6.7,1.45
132085,0.0,65,2.5,88.4,194.0,82.7,14.0,190.0,3.9,3.56
132086,0.0,4,0.3,92.7,178.0,87.9,13.5,259.0,6.7,1.45
132087,0.0,59,2.5,94.0,178.0,91.9,13.2,194.0,7.5,1.45
132088,0.0,73,0.82,102.2,149.0,94.9,13.2,180.0,5.9,0.26
132089,0.0,18,3.7,69.4,139.0,85.5,14.1,240.0,5.6,1.29
132090,0.0,29,3.09,92.7,178.0,87.9,13.5,259.0,6.7,1.45
132092,0.0,52,0.74,93.9,264.0,86.4,14.2,259.0,14.5,7.14
132093,0.0,60,5.0,83.3,226.0,95.3,13.3,291.0,5.7,0.64
132094,0.0,8,2.46,56.2,178.0,81.7,13.3,500.0,5.8,0.5
132095,1.0,70,2.41,130.3,162.0,98.0,17.8,165.0,8.2,4.46
132096,0.0,58,2.5,92.7,178.0,87.9,13.5,259.0,6.7,1.45
132097,0.0,48,4.02,105.5,166.0,87.9,13.2,266.0,7.8,2.96
132098,0.0,49,3.06,92.7,198.0,94.2,12.8,275.0,7.3,9.62
132099,0.0,61,1.12,93.2,198.0,92.5,13.2,211.0,5.7,0.59
132100,0.0,14,2.41,69.6,113.0,90.6,13.0,217.0,7.9,0.18
132101,0.0,52,5.0,100.0,166.0,85.9,13.8,261.0,5.0,0.88
132102,0.0,43,4.02,93.0,197.0,90.6,12.7,348.0,8.9,0.87
132103,0.0,4,5.0,55.5,178.0,85.3,13.1,340.0,6.9,3.98
132104,0.0,14,2.56,92.7,207.0,88.9,13.0,309.0,10.7,38.12
132105,0.0,80,0.93,92.1,230.0,90.4,14.6,200.0,8.2,6.97
132106,0.0,7,1.09,92.7,178.0,87.9,13.5,259.0,6.7,1.45
132107,0.0,54,0.74,106.1,195.0,87.6,13.1,210.0,6.8,3.95
132108,0.0,10,2.5,92.7,178.0,87.9,13.5,259.0,6.7,1.45
132109,0.0,75,1.78,107.6,198.0,87.7,14.4,228.0,5.4,5.99
132110,0.0,51,2.21,99.5,221.0,93.9,12.5,231.0,5.5,1.63
132111,0.0,31,2.5,92.7,178.0,87.9,13.5,259.0,6.7,1.45
132112,0.0,31,5.0,92.5,208.0,85.9,12.8,343.0,6.2,2.95
132113,0.0,31,2.18,92.7,178.0,87.9,13.5,259.0,6.7,1.45
132114,0.0,74,2.5,92.7,178.0,87.9,13.5,259.0,6.7,1.45
132115,0.0,4,2.5,92.7,178.0,87.9,13.5,259.0,6.7,1.45
132116,0.0,40,4.0,73.5,150.0,82.5,15.4,234.0,3.4,0.57
132117,0.0,80,0.18,92.7,178.0,87.9,13.5,259.0,6.7,1.45
132118,1.0,78,2.5,105.8,122.0,88.0,13.9,231.0,6.0,2.57
132119,0.0,37,4.59,92.7,178.0,87.9,13.5,259.0,6.7,1.45
132120,0.0,1,4.68,92.7,178.0,87.9,13.5,259.0,6.7,1.45
132121,0.0,80,0.62,97.5,192.0,85.4,16.2,184.0,3.6,2.18
132122,0.0,73,5.0,110.4,166.0,91.0,13.9,210.0,5.2,1.68
132123,0.0,55,2.5,111.5,145.0,84.7,12.8,230.0,4.2,2.42
132124,0.0,42,2.5,102.0,110.0,60.7,20.4,380.0,6.3,1.56
132125,0.0,66,2.39,86.0,185.0,95.9,12.9,323.0,4.7,0.92
132126,0.0,26,2.5,109.0,188.0,89.4,12.9,349.0,6.7,6.47
132127,0.0,30,1.12,91.1,178.0,91.4,12.6,210.0,3.5,1.45
132128,0.0,14,5.0,86.0,189.0,84.6,13.8,305.0,6.2,0.85
132129,0.0,10,0.4,65.0,202.0,81.7,12.4,389.0,7.5,0.34
132130,0.0,34,2.85,92.7,178.0,87.9,13.5,259.0,6.7,1.45
132131,0.0,6,4.32,51.4,120.0,88.7,12.3,400.0,10.0,0.64
132132,0.0,31,2.5,79.5,160.0,96.8,12.4,183.0,5.6,0.61
132133,0.0,9,5.0,92.7,178.0,87.9,13.5,259.0,6.7,1.45
132134,0.0,74,4.56,102.8,214.0,91.1,14.3,338.0,6.2,0.39
132135,0.0,50,2.58,88.0,178.0,87.9,13.5,259.0,6.7,1.45
132136,0.0,40,2.5,92.7,178.0,87.9,13.5,259.0,6.7,1.45
132137,0.0,43,2.96,105.6,167.0,91.7,12.9,287.0,10.1,0.58
132138,0.0,22,2.5,88.9,184.0,92.6,12.8,199.0,11.4,0.7
132139,0.0,6,0.57,64.6,149.0,81.6,13.6,321.0,5.0,0.44
132140,0.0,1,1.29,92.7,178.0,87.9,13.5,259.0,6.7,1.45
132141,0.0,56,4.8,99.0,205.0,87.0,13.3,260.0,6.0,2.05
132142,0.0,13,2.5,83.2,174.0,84.8,12.8,371.0,8.3,1.03
132143,0.0,22,0.63,139.2,139.0,83.7,14.3,406.0,11.5,12.55
132144,0.0,30,2.09,92.7,178.0,87.9,13.5,259.0,6.7,1.45
132145,0.0,59,3.28,96.0,122.0,90.1,13.0,177.0,5.3,0.46
132146,0.0,16,5.0,79.8,131.0,79.1,15.7,250.0,8.4,1.26
132147,0.0,58,0.0,92.7,109.0,89.0,14.2,206.0,4.9,3.92
132148,1.0,80,4.36,92.7,178.0,87.9,13.5,259.0,6.7,1.45
132149,0.0,73,3.28,124.3,172.0,89.4,12.8,186.0,8.0,2.95
132150,1.0,56,5.0,99.1,245.0,90.9,14.0,263.0,5.1,1.73
132151,0.0,61,5.0,106.1,198.0,79.6,15.7,225.0,6.1,1.61
132152,1.0,73,1.3,90.0,143.0,90.9,13.3,239.0,5.4,0.5
132153,0.0,30,1.18,93.6,178.0,87.9,13.5,259.0,6.7,1.45
132154,0.0,35,3.12,114.9,244.0,94.3,13.0,130.0,4.1,4.97
132155,0.0,25,3.86,135.5,179.0,82.4,12.8,322.0,11.3,42.98
132156,0.0,7,1.71,76.0,186.0,80.0,12.8,257.0,5.7,9.28
132157,0.0,4,1.99,92.7,178.0,87.9,13.5,259.0,6.7,1.45
132158,0.0,80,1.26,93.2,178.0,90.7,13.3,262.0,5.9,1.45
132159,0.0,68,5.0,89.2,184.0,91.3,13.6,241.0,5.1,0.69
132160,0.0,15,0.57,111.2,169.0,85.3,13.1,299.0,7.8,1.11
132161,0.0,3,5.0,92.7,178.0,87.9,13.5,259.0,6.7,1.45
132162,0.0,34,1.09,91.4,161.0,81.2,15.0,302.0,6.2,2.24
132163,0.0,6,2.03,92.7,178.0,87.9,13.5,259.0,6.7,1.45
132164,0.0,4,0.13,58.6,178.0,87.9,13.5,259.0,6.7,1.45
132165,0.0,26,5.0,97.2,224.0,81.3,14.0,194.0,9.5,5.06
132166,0.0,14,5.0,82.2,178.0,87.9,13.5,259.0,6.7,1.45
132167,0.0,55,2.5,92.7,238.0,90.1,12.8,351.0,6.2,4.54
132168,0.0,18,3.83,71.2,164.0,85.9,13.4,310.0,5.1,0.2
132169,1.0,80,3.08,92.7,111.0,97.2,15.7,147.0,3.9,2.09
132170,0.0,29,2.5,92.5,117.0,78.0,13.7,243.0,5.7,3.14
132171,0.0,35,0.73,78.8,171.0,96.2,13.3,322.0,11.3,1.36
132172,0.0,19,0.4,72.0,120.0,90.0,13.0,241.0,6.4,0.36
132173,0.0,1,5.0,92.7,178.0,70.1,16.1,297.0,9.4,0.22
132174,0.0,70,1.77,92.7,178.0,87.9,13.5,259.0,6.7,1.45
132175,0.0,10,0.77,69.6,132.0,76.2,13.6,438.0,7.9,1.04
132176,0.0,36,0.48,92.7,178.0,87.9,13.5,259.0,6.7,1.45
132177,0.0,28,2.9,103.7,181.0,89.4,13.3,202.0,8.9,1.97
132178,0.0,67,0.7,106.0,233.0,86.2,15.5,237.0,8.4,5.09
132179,0.0,17,5.0,92.7,178.0,87.9,13.5,259.0,6.7,1.45
132180,0.0,51,5.0,90.9,209.0,88.9,13.1,215.0,2.6,2.17
132181,0.0,55,5.0,100.9,182.0,89.1,13.6,137.0,5.3,5.71
132182,0.0,66,0.83,104.3,178.0,88.8,12.9,292.0,9.4,4.36
132183,0.0,16,2.5,92.7,178.0,87.9,13.5,259.0,6.7,1.45
132184,0.0,10,2.5,92.7,178.0,87.9,13.5,259.0,6.7,1.45
132185,0.0,39,3.55,87.7,185.0,87.8,12.7,349.0,9.3,0.67
132186,1.0,80,2.5,110.6,179.0,86.9,14.6,221.0,6.7,3.36
132187,0.0,5,1.09,51.3,178.0,87.9,13.5,259.0,6.7,1.45
132188,0.0,29,0.02,100.1,231.0,89.0,13.2,381.0,8.7,3.73
132189,0.0,63,1.69,121.2,184.0,87.2,14.0,358.0,8.3,0.77
132190,0.0,69,3.04,92.7,178.0,87.9,13.5,259.0,6.7,1.45
132191,0.0,15,2.18,90.1,103.0,75.6,14.1,225.0,3.1,0.27
132192,0.0,12,2.5,83.7,181.0,75.5,14.8,332.0,4.8,0.52
132193,0.0,12,0.43,102.4,178.0,87.9,13.5,259.0,6.7,1.45
132194,0.0,36,0.69,94.7,150.0,86.7,13.7,193.0,8.2,1.18
132195,0.0,14,3.08,78.5,88.0,86.6,13.5,232.0,4.8,0.57
132196,1.0,75,2.51,92.7,178.0,87.9,13.5,259.0,6.7,1.45
132197,1.0,70,2.82,107.4,188.0,88.3,13.3,238.0,5.3,1.18
132198,0.0,62,4.67,106.9,195.0,81.7,13.5,271.0,6.2,5.04
132199,0.0,12,2.96,84.4,170.0,85.2,13.3,382.0,7.1,0.39
132200,0.0,13,1.23,95.1,178.0,87.9,13.5,259.0,6.7,1.45
132201,0.0,74,5.0,102.6,187.0,88.6,13.5,182.0,7.5,6.08
132202,0.0,31,5.0,82.1,211.0,90.0,13.8,356.0,6.7,6.14
132203,0.0,70,1.75,120.7,180.0,95.5,14.2,199.0,9.4,3.85
132204,0.0,34,1.85,92.7,178.0,87.9,13.5,259.0,6.7,1.45
132205,0.0,4,5.0,71.0,178.0,87.9,13.5,259.0,6.7,1.45
132206,0.0,21,3.97,68.0,178.0,94.9,12.4,188.0,4.5,1.45
132207,0.0,21,1.08,72.5,138.0,86.8,13.2,241.0,5.9,0.11
132208,0.0,6,5.0,54.7,143.0,80.6,13.3,216.0,3.9,0.15
132209,0.0,80,2.88,92.7,189.0,86.0,16.0,174.0,5.4,2.06
132210,0.0,4,3.33,47.4,178.0,82.2,13.4,323.0,8.7,1.22
132211,0.0,68,0.79,106.8,177.0,86.0,14.2,249.0,8.6,1.95
132212,0.0,13,5.0,92.7,178.0,87.9,13.5,259.0,6.7,1.45
132213,0.0,30,2.5,92.7,178.0,87.9,13.5,259.0,6.7,1.45
132214,0.0,76,2.61,91.5,121.0,95.5,14.1,169.0,3.4,0.41
132215,0.0,39,2.88,120.6,186.0,82.4,13.3,316.0,8.6,14.77
132216,0.0,10,1.67,64.7,162.0,79.1,12.7,241.0,4.6,3.02
132217,0.0,41,1.92,92.7,178.0,87.9,13.5,259.0,6.7,1.45
132218,0.0,66,2.5,92.7,178.0,87.9,13.5,259.0,6.7,1.45
132219,0.0,53,2.56,90.5,250.0,85.5,13.9,272.0,5.7,3.0
132220,0.0,42,1.92,76.6,175.0,91.6,13.8,172.0,6.7,0.15
132221,0.0,52,1.49,83.9,207.0,93.4,14.0,264.0,8.2,0.49
132222,0.0,27,2.5,88.4,178.0,90.5,12.7,231.0,5.5,2.9
132223,0.0,57,2.5,92.7,178.0,87.9,13.5,259.0,6.7,1.45
132224,0.0,54,2.65,106.7,199.0,87.1,13.7,327.0,8.1,2.32
132225,0.0,62,2.5,92.7,178.0,87.9,13.5,259.0,6.7,1.45
132226,0.0,36,3.46,93.5,183.0,83.1,13.1,209.0,6.1,1.22
132227,0.0,8,1.2,92.7,178.0,87.9,13.5,259.0,6.7,1.45
132228,0.0,16,2.5,92.7,178.0,87.9,13.5,259.0,6.7,1.45
132229,0.0,69,1.8,92.7,178.0,87.9,13.5,259.0,6.7,1.45
132230,0.0,11,2.5,92.7,178.0,87.9,13.5,259.0,6.7,1.45
132231,0.0,29,1.4,80.8,170.0,87.9,13.5,259.0,6.7,0.25
132232,0.0,1,0.65,92.7,178.0,79.5,12.9,428.0,8.5,0.32
132233,0.0,40,3.71,110.0,200.0,86.5,13.5,207.0,7.4,4.45
132234,0.0,11,0.4,89.7,178.0,87.9,13.5,259.0,6.7,1.45
132235,0.0,80,1.62,103.6,211.0,93.6,13.3,208.0,6.0,0.9
132236,0.0,31,1.05,81.5,112.0,90.3,14.1,256.0,5.3,0.17
132237,0.0,76,3.9,101.0,175.0,88.6,13.4,191.0,7.6,1.24
132238,0.0,5,3.91,92.7,178.0,87.9,13.5,259.0,6.7,1.45
132239,0.0,35,0.82,99.3,238.0,90.1,13.6,289.0,6.5,5.58
132240,0.0,33,3.31,92.7,178.0,87.9,13.5,259.0,6.7,1.45
132241,0.0,26,1.0,92.7,178.0,87.9,13.5,259.0,6.7,1.45
132242,0.0,7,1.26,92.7,178.0,87.9,13.5,259.0,6.7,1.45
132243,0.0,61,5.0,93.5,150.0,85.0,13.8,257.0,8.3,0.74
132244,0.0,3,1.05,50.5,178.0,87.9,13.5,259.0,6.7,1.45
132245,0.0,61,2.33,88.5,198.0,83.4,13.8,269.0,3.4,0.46
132246,0.0,14,0.84,71.2,139.0,84.5,14.1,184.0,5.5,0.16
132247,0.0,11,5.0,80.6,163.0,72.1,14.6,385.0,13.1,19.41
132248,0.0,45,1.23,98.1,194.0,88.8,13.5,281.0,10.4,2.76
132249,0.0,4,2.5,50.5,178.0,79.2,13.2,350.0,8.4,0.54
132250,0.0,32,2.5,92.7,140.0,92.9,12.4,257.0,9.1,4.73
132251,0.0,44,5.0,103.1,248.0,86.6,12.9,189.0,5.1,1.0
132252,0.0,24,5.0,84.5,178.0,87.9,13.5,259.0,6.7,1.45
132253,0.0,13,2.86,77.0,152.0,86.4,13.3,319.0,7.8,0.36
132254,0.0,4,5.0,45.0,178.0,87.9,13.5,259.0,6.7,1.45
132255,0.0,10,0.01,92.7,178.0,87.9,13.5,259.0,6.7,1.45
132256,0.0,31,1.33,121.5,167.0,91.3,13.2,219.0,8.6,9.75
132257,0.0,2,2.5,51.2,178.0,81.3,12.8,361.0,8.7,0.11
132258,0.0,62,1.03,92.7,212.0,92.9,14.8,163.0,6.1,7.0
132259,0.0,72,5.0,98.0,133.0,88.5,13.2,157.0,5.9,0.64
132260,0.0,29,4.94,73.6,140.0,89.7,12.8,218.0,6.8,0.27
132261,1.0,80,4.34,92.7,178.0,87.9,13.5,259.0,6.7,1.45
132262,0.0,60,3.32,98.3,204.0,92.6,12.8,209.0,4.7,1.75
132263,0.0,10,2.5,92.7,178.0,87.9,13.5,259.0,6.7,1.45
132264,0.0,42,2.5,120.7,178.0,98.5,12.8,184.0,8.4,1.45
132265,0.0,1,0.84,92.7,178.0,87.9,13.5,259.0,6.7,1.45
132266,0.0,2,4.67,48.0,178.0,81.2,14.0,362.0,5.7,1.45
132267,0.0,80,2.87,89.5,201.0,91.3,13.8,245.0,5.3,4.58
132268,0.0,6,1.55,74.1,178.0,87.9,13.5,259.0,6.7,1.45
132269,0.0,29,5.0,100.0,209.0,80.9,13.5,301.0,6.7,1.38
132270,0.0,17,0.0,70.7,171.0,90.5,14.2,190.0,5.1,0.27
132271,0.0,61,1.82,110.1,185.0,83.6,15.3,241.0,9.1,6.01
132272,0.0,67,2.5,96.0,163.0,89.4,13.1,298.0,6.6,0.52
132273,0.0,21,0.65,102.6,204.0,91.3,12.3,194.0,8.7,4.63
132274,1.0,80,2.5,92.7,178.0,87.9,13.5,259.0,6.7,1.45
132275,0.0,46,5.0,92.7,178.0,87.9,13.5,259.0,6.7,1.45
132276,0.0,25,4.1,92.7,178.0,87.9,13.5,259.0,6.7,1.45
132277,0.0,68,5.0,89.6,188.0,92.6,15.0,228.0,5.5,1.81
132278,1.0,69,4.92,96.8,178.0,92.1,13.1,237.0,5.7,1.45
132279,0.0,9,2.5,92.7,178.0,87.9,13.5,259.0,6.7,1.45
132280,0.0,58,5.0,78.3,194.0,98.1,12.6,165.0,5.3,1.89
132281,0.0,33,2.73,92.7,178.0,87.9,13.5,259.0,6.7,1.45
132282,0.0,28,2.5,87.3,165.0,88.5,13.3,267.0,5.9,0.73
132283,0.0,71,3.38,108.5,137.0,102.9,14.0,250.0,4.7,0.53
132284,0.0,76,1.69,105.9,163.0,91.2,13.6,232.0,5.5,0.72
132286,0.0,26,4.42,110.1,189.0,89.5,12.9,201.0,4.9,2.01
132287,0.0,61,2.5,115.5,175.0,84.3,14.2,249.0,6.8,5.22
132288,1.0,78,2.06,89.2,134.0,79.5,18.2,285.0,5.1,2.58
132289,1.0,62,0.82,90.6,127.0,74.1,14.6,224.0,5.1,0.23
132290,0.0,10,2.5,92.7,178.0,87.9,13.5,259.0,6.7,1.45
132291,0.0,75,2.03,114.0,165.0,88.6,13.4,240.0,9.5,6.54
132292,0.0,60,2.5,92.7,178.0,87.9,13.5,259.0,6.7,1.45
132293,0.0,1,2.09,92.7,178.0,87.9,13.5,259.0,6.7,1.45
132294,0.0,28,0.29,92.7,178.0,87.9,13.5,259.0,6.7,1.45
132295,0.0,62,1.23,92.7,178.0,87.9,13.5,259.0,6.7,1.45
132296,0.0,68,0.88,130.9,197.0,61.8,16.6,198.0,7.6,11.58
132297,1.0,51,0.79,93.9,122.0,92.9,12.9,143.0,8.7,1.84
132298,0.0,18,5.0,79.6,138.0,86.4,12.3,242.0,7.1,0.47
132299,0.0,3,5.0,51.4,178.0,88.4,12.3,317.0,9.5,5.63
132300,1.0,65,2.5,92.7,178.0,87.9,13.5,259.0,6.7,1.45
132301,0.0,80,2.5,92.7,178.0,87.9,13.5,259.0,6.7,1.45
132302,0.0,74,2.5,99.6,196.0,89.2,12.7,209.0,6.0,0.53
132303,1.0,76,2.03,95.5,148.0,100.5,13.3,148.0,7.7,1.31
132304,0.0,18,1.67,83.5,156.0,86.0,13.7,249.0,6.7,1.15
132305,0.0,62,3.39,92.7,178.0,87.9,13.5,259.0,6.7,1.45
132306,0.0,9,0.14,92.7,178.0,87.9,13.5,259.0,6.7,1.45
132307,0.0,15,1.57,102.6,149.0,88.0,13.3,267.0,5.8,0.73
132308,0.0,16,0.62,69.9,178.0,87.9,13.5,259.0,6.7,1.45
132309,0.0,21,3.13,75.2,173.0,89.3,12.5,210.0,10.1,0.46
132310,1.0,47,0.52,92.2,235.0,89.3,13.5,166.0,12.7,3.07
132311,1.0,51,0.79,92.7,253.0,95.7,14.1,248.0,10.2,2.45
132312,0.0,27,5.0,74.5,170.0,93.8,13.6,175.0,3.2,0.18
132313,0.0,2,0.92,92.7,178.0,87.9,13.5,259.0,6.7,1.45
132314,0.0,22,1.85,92.7,178.0,87.9,13.5,259.0,6.7,1.45
132315,0.0,66,1.38,85.2,158.0,84.1,12.8,253.0,6.8,0.63
132316,0.0,21,0.21,89.5,246.0,89.1,13.4,220.0,6.3,5.41
132317,1.0,75,2.5,112.8,127.0,89.0,14.0,182.0,7.4,0.98
132318,0.0,55,5.0,111.6,199.0,94.1,12.7,210.0,7.5,13.47
132319,0.0,13,3.68,92.7,178.0,87.9,13.5,259.0,6.7,1.45
132320,0.0,31,5.0,92.7,178.0,87.9,13.5,259.0,6.7,1.45
132321,0.0,19,0.26,77.5,140.0,87.0,12.9,229.0,5.6,1.2
132322,0.0,14,5.0,78.6,116.0,86.4,13.9,294.0,7.9,0.74
132323,0.0,38,4.45,92.7,178.0,87.9,13.5,259.0,6.7,1.45
132324,0.0,74,1.61,92.7,178.0,87.9,13.5,259.0,6.7,1.45
132325,0.0,40,3.42,110.3,177.0,88.5,13.3,285.0,7.2,1.81
132326,0.0,15,2.5,80.9,140.0,84.9,13.1,261.0,5.2,1.05
132327,0.0,5,0.5,59.8,178.0,87.9,13.5,259.0,6.7,1.45
132328,0.0,5,2.5,51.8,178.0,82.1,12.8,383.0,6.9,0.71
132329,0.0,17,3.13,86.3,107.0,85.0,12.4,255.0,8.6,3.37
132331,0.0,37,2.5,110.2,199.0,86.5,13.7,327.0,5.1,0.53
132332,0.0,80,3.58,92.7,178.0,87.9,13.5,259.0,6.7,1.45
132333,0.0,16,2.16,80.4,130.0,90.7,12.5,273.0,2.7,0.51
132334,0.0,15,5.0,92.7,178.0,87.9,13.5,259.0,6.7,1.45
132335,0.0,13,0.48,78.4,186.0,87.4,13.9,343.0,5.8,0.99
132336,0.0,38,3.0,123.9,133.0,83.2,14.0,321.0,10.4,19.64
132337,0.0,49,4.14,106.7,226.0,86.1,13.0,335.0,6.7,5.31
132338,0.0,68,0.69,120.5,178.0,85.7,14.0,228.0,6.5,1.45
132339,0.0,55,5.0,118.8,210.0,96.4,14.0,324.0,7.8,3.42
132340,0.0,60,0.71,98.3,184.0,95.4,13.1,298.0,5.5,0.6
132341,0.0,28,4.1,96.2,167.0,83.0,13.0,336.0,10.7,2.62
132342,0.0,61,1.3,94.8,189.0,88.7,14.1,212.0,7.8,3.14
132343,0.0,12,0.63,92.7,178.0,87.9,13.5,259.0,6.7,1.45
132344,1.0,75,3.54,135.0,161.0,91.9,13.0,212.0,6.6,1.23
132346,0.0,9,2.5,92.7,178.0,87.9,13.5,259.0,6.7,1.45
132347,0.0,3,1.74,49.2,178.0,76.8,14.1,707.0,10.4,0.37
132348,0.0,35,5.0,92.7,178.0,87.9,13.5,259.0,6.7,1.45
132349,0.0,8,2.43,63.3,178.0,87.9,13.5,259.0,6.7,1.45
132350,1.0,77,4.55,102.2,178.0,89.2,14.0,206.0,8.1,1.45
132351,0.0,27,5.0,75.6,220.0,90.5,12.1,275.0,7.0,0.53
132352,1.0,42,2.5,96.0,195.0,84.8,14.4,214.0,4.7,0.84
132353,0.0,53,5.0,107.0,248.0,81.9,13.8,271.0,6.6,1.22
132354,0.0,58,5.0,104.3,221.0,91.1,12.3,187.0,5.4,1.9
132355,0.0,14,3.6,82.4,182.0,89.4,12.8,242.0,8.7,0.8
132356,0.0,49,0.06,73.8,242.0,90.4,13.7,329.0,8.3,0.6
132357,0.0,10,2.5,92.0,148.0,84.3,13.2,324.0,10.2,0.64
132358,0.0,40,3.6,94.1,140.0,97.1,12.2,191.0,7.2,0.92
132359,0.0,24,5.0,89.0,176.0,91.8,13.2,256.0,3.8,0.11
132360,0.0,10,1.09,56.0,142.0,83.3,13.2,265.0,4.5,0.11
132361,0.0,62,4.32,93.9,190.0,90.5,13.5,312.0,8.7,0.11
132362,0.0,4,2.5,92.7,178.0,87.9,13.5,259.0,6.7,1.45
132363,0.0,80,1.4,82.1,178.0,97.9,13.4,409.0,6.9,0.34
132364,0.0,24,0.0,146.5,178.0,87.9,13.5,259.0,6.7,1.45
132366,0.0,79,2.58,109.7,174.0,79.1,16.5,320.0,5.6,2.05
132367,0.0,7,5.0,92.7,178.0,87.9,13.5,259.0,6.7,1.45
132368,0.0,21,3.04,83.0,178.0,87.9,13.5,259.0,6.7,1.45
132369,0.0,9,2.78,54.1,139.0,84.3,12.8,267.0,6.0,0.33
132370,1.0,65,4.44,98.0,187.0,89.4,13.1,252.0,5.0,0.65
132371,0.0,1,2.5,92.7,178.0,87.9,13.5,259.0,6.7,1.45
132372,0.0,44,1.96,92.7,178.0,87.9,13.5,259.0,6.7,1.45
132373,0.0,80,5.0,89.4,178.0,87.3,14.8,211.0,6.2,1.45
132374,0.0,71,2.5,92.7,178.0,87.9,13.5,259.0,6.7,1.45
132375,0.0,64,5.0,95.4,185.0,91.0,13.3,222.0,4.9,1.46
132376,0.0,25,5.0,92.7,178.0,87.9,13.5,259.0,6.7,1.45
132377,0.0,45,4.66,86.6,178.0,90.5,13.6,416.0,7.4,1.45
132378,0.0,74,3.77,115.3,168.0,91.1,14.2,228.0,7.1,2.82
132379,0.0,13,0.68,103.4,126.0,86.9,13.9,352.0,11.9,4.11
132380,0.0,75,3.04,92.5,138.0,94.2,13.4,353.0,6.8,6.18
132381,1.0,74,5.0,92.7,178.0,87.9,13.5,259.0,6.7,1.45
132382,0.0,35,2.5,82.6,131.0,71.8,19.9,107.0,3.1,2.86
132383,0.0,73,1.47,72.9,201.0,89.7,13.5,312.0,7.5,0.34
132384,0.0,3,0.68,92.7,178.0,83.4,12.7,289.0,9.2,0.32
132385,0.0,56,1.7,92.7,178.0,87.9,13.5,259.0,6.7,1.45
132386,0.0,42,2.72,102.6,118.0,90.8,12.9,315.0,6.7,1.51
132387,0.0,37,2.5,92.7,178.0,87.9,13.5,259.0,6.7,1.45
132388,0.0,8,2.77,92.7,178.0,87.9,13.5,259.0,6.7,1.45
132389,0.0,70,2.33,108.7,195.0,91.1,13.2,280.0,6.5,6.3
132390,0.0,17,5.0,76.7,156.0,91.7,13.2,212.0,5.7,0.68
132391,0.0,35,5.0,86.8,204.0,91.1,13.6,233.0,4.8,0.8
132392,0.0,60,1.3,108.4,127.0,91.2,12.9,255.0,5.9,14.25
132393,0.0,27,5.0,111.8,141.0,84.6,13.8,286.0,7.5,1.76
132394,0.0,16,5.0,74.1,129.0,91.6,12.5,271.0,5.8,0.33
132395,0.0,70,1.54,92.7,178.0,87.9,13.5,259.0,6.7,1.45
132397,0.0,80,2.5,86.5,226.0,83.7,14.0,249.0,3.8,0.85
132398,0.0,31,0.94,84.1,205.0,95.6,13.6,260.0,5.1,0.96
132399,0.0,27,0.0,80.9,157.0,89.7,14.3,191.0,4.4,0.72
132400,0.0,65,1.32,122.9,327.0,91.9,13.8,308.0,14.5,9.17
132401,0.0,63,1.98,92.7,178.0,87.9,13.5,259.0,6.7,1.45
132402,0.0,16,4.14,72.5,284.0,87.3,12.5,246.0,6.4,1.07
132403,0.0,58,1.6,93.9,306.0,91.1,13.8,283.0,5.9,1.54
132404,0.0,55,5.0,146.7,221.0,91.3,13.6,200.0,6.1,17.63
132405,0.0,3,1.0,92.7,178.0,87.9,13.5,259.0,6.7,1.45
132406,0.0,23,5.0,75.4,197.0,87.3,12.8,242.0,5.5,0.99
132407,0.0,32,5.0,94.0,170.0,87.6,12.7,369.0,6.2,1.18
132408,0.0,37,2.5,100.5,181.0,87.5,13.2,269.0,5.6,0.46
132409,0.0,11,1.22,81.1,178.0,87.9,13.5,259.0,6.7,1.45
132410,0.0,51,2.88,106.9,170.0,87.5,13.8,289.0,9.4,4.22
132411,0.0,45,5.0,92.8,178.0,88.2,13.6,317.0,7.1,1.45
132412,0.0,38,5.0,66.6,274.0,91.2,13.8,302.0,7.6,1.68
132413,0.0,5,1.33,54.0,178.0,87.9,13.5,259.0,6.7,1.45
132414,0.0,2,0.68,92.7,178.0,79.2,13.4,348.0,8.8,1.45
132415,0.0,72,5.0,92.7,178.0,87.9,13.5,259.0,6.7,1.45
132416,0.0,31,2.47,94.1,165.0,88.6,12.6,231.0,6.0,3.69
132417,0.0,64,5.0,119.3,208.0,88.1,12.7,207.0,6.0,1.77
132418,0.0,18,0.82,102.4,197.0,87.3,13.1,298.0,9.4,3.8
132419,0.0,36,1.39,92.7,203.0,89.3,13.3,397.0,8.2,1.67
132420,0.0,3,1.05,50.0,178.0,78.4,13.8,312.0,8.8,0.21
132421,0.0,34,0.79,91.3,161.0,83.7,14.5,288.0,7.5,9.34
132422,0.0,54,1.6,79.0,204.0,90.3,12.4,305.0,5.1,0.51
132423,0.0,5,0.55,48.6,178.0,87.9,13.5,259.0,6.7,1.45
132424,0.0,6,0.88,92.7,178.0,87.9,13.5,259.0,6.7,1.45
132425,0.0,55,2.5,112.8,165.0,88.6,15.3,221.0,6.1,2.17
132426,0.0,13,2.31,69.6,141.0,89.2,13.7,223.0,5.4,0.16
132427,0.0,36,5.0,92.7,178.0,87.9,13.5,259.0,6.7,1.45
132428,0.0,25,1.9,80.0,178.0,87.9,13.5,259.0,6.7,1.45
132429,0.0,32,3.82,84.5,180.0,85.7,13.9,239.0,5.7,1.0
132430,0.0,68,2.5,92.7,178.0,87.9,13.5,259.0,6.7,1.45
132431,0.0,55,5.0,117.7,178.0,92.5,14.0,291.0,11.1,1.45
132432,0.0,26,4.55,77.2,176.0,92.0,13.3,195.0,8.5,0.37
132433,0.0,12,0.49,70.5,150.0,83.9,13.8,286.0,7.0,0.54
132434,0.0,80,3.28,90.5,151.0,91.1,13.3,201.0,6.2,0.44
132435,0.0,39,2.5,105.7,147.0,103.1,12.7,266.0,7.6,0.58
132436,0.0,46,1.05,96.8,276.0,86.0,15.4,234.0,4.9,0.4
132437,1.0,66,2.09,136.0,178.0,87.9,13.5,259.0,6.7,1.45
132438,1.0,56,1.09,130.7,256.0,81.3,15.0,309.0,5.6,5.3
132439,1.0,61,0.02,88.8,221.0,88.4,13.7,168.0,6.4,1.41
132440,0.0,37,2.63,95.3,203.0,94.9,12.8,193.0,6.5,0.74
132441,0.0,8,5.0,92.7,203.0,78.6,13.0,390.0,7.2,1.17
132442,0.0,29,2.5,87.2,135.0,84.6,14.4,243.0,7.0,2.76
132443,0.0,1,5.0,92.7,178.0,87.9,13.5,259.0,6.7,1.45
132444,1.0,79,2.5,102.9,153.0,89.4,14.1,306.0,5.9,0.57
132445,1.0,62,0.74,118.1,235.0,84.8,13.7,312.0,5.7,9.23
132446,0.0,80,2.57,99.0,191.0,93.1,14.2,226.0,5.8,4.21
132447,0.0,2,1.65,92.7,178.0,87.9,13.5,259.0,6.7,1.45
132448,0.0,63,1.6,127.5,168.0,78.7,15.3,253.0,8.3,5.13
132449,0.0,3,1.62,92.7,178.0,87.9,13.5,259.0,6.7,1.45
132450,0.0,29,0.77,104.5,141.0,90.1,12.8,240.0,7.1,1.72
132451,0.0,59,2.5,90.9,217.0,88.0,13.0,175.0,5.1,2.16
132453,0.0,61,0.75,120.8,186.0,85.4,15.3,223.0,7.5,19.27
132454,0.0,13,5.0,66.1,146.0,92.3,13.0,223.0,4.6,0.28
132455,0.0,5,0.79,92.7,178.0,87.9,13.5,259.0,6.7,1.45
132456,0.0,28,3.77,83.8,230.0,91.6,13.2,206.0,10.1,0.48
132457,0.0,80,1.98,89.2,178.0,87.9,13.5,259.0,6.7,1.45
132458,0.0,18,2.61,92.5,161.0,85.4,12.7,310.0,6.6,0.34
132459,0.0,80,3.55,106.1,153.0,96.8,12.1,148.0,4.8,6.39
132460,0.0,6,2.7,53.2,178.0,86.2,14.5,331.0,7.9,1.45
132461,0.0,19,1.49,74.5,130.0,86.3,12.6,247.0,4.5,1.1
132462,0.0,38,2.41,91.0,178.0,90.6,13.1,288.0,6.0,1.45
132463,0.0,72,2.46,127.4,163.0,72.7,15.3,173.0,7.0,4.17
132464,0.0,5,3.69,55.0,178.0,87.9,13.5,259.0,6.7,1.45
132465,0.0,7,1.22,55.0,178.0,87.9,13.5,259.0,6.7,1.45
132466,0.0,6,2.48,64.5,178.0,87.9,13.5,259.0,6.7,1.45
132467,0.0,67,5.0,119.4,187.0,92.0,13.0,196.0,10.3,3.39
132468,1.0,73,2.73,92.7,198.0,91.7,13.8,283.0,8.9,0.98
132469,0.0,43,5.0,124.9,231.0,91.7,13.2,270.0,7.5,1.67
132471,0.0,58,1.32,114.8,191.0,91.2,15.1,272.0,9.4,7.13
132472,0.0,72,2.17,112.1,223.0,84.5,15.0,262.0,6.6,4.15
132473,0.0,4,3.94,53.5,178.0,75.9,14.2,306.0,10.8,1.69
132474,0.0,63,5.0,126.4,212.0,82.9,13.7,266.0,6.9,6.62
132475,0.0,17,2.5,75.7,116.0,91.1,13.0,180.0,6.0,0.27
132476,0.0,18,5.0,76.7,147.0,86.7,12.9,297.0,9.9,1.05
132477,0.0,58,0.53,115.9,230.0,95.2,13.9,185.0,3.9,2.47
132478,0.0,36,2.5,92.7,178.0,87.9,13.5,259.0,6.7,1.45
132479,0.0,16,2.56,101.0,227.0,84.7,13.3,423.0,13.0,4.43
132480,0.0,11,1.09,94.3,165.0,81.5,14.3,346.0,7.4,0.36
132481,1.0,60,1.92,94.5,115.0,87.0,13.6,184.0,4.8,0.73
132482,0.0,12,1.89,92.7,178.0,87.9,13.5,259.0,6.7,1.45
132483,0.0,80,3.04,92.7,178.0,87.9,13.5,259.0,6.7,1.45
132484,0.0,42,0.44,80.1,178.0,87.9,13.5,259.0,6.7,1.45
132485,0.0,10,0.23,81.9,116.0,82.2,12.8,347.0,6.4,2.26
132486,0.0,51,3.6,118.2,142.0,89.3,13.8,287.0,5.6,2.86
132488,0.0,29,4.5,92.7,178.0,87.9,13.5,259.0,6.7,1.45
132489,0.0,36,0.23,92.7,178.0,87.9,13.5,259.0,6.7,1.45
132490,0.0,8,0.01,92.7,178.0,87.9,13.5,259.0,6.7,1.45
132491,0.0,33,0.74,112.5,235.0,87.9,13.5,259.0,6.7,3.95
132492,0.0,52,5.0,104.2,169.0,85.0,13.5,255.0,5.4,1.13
132493,1.0,61,5.0,84.3,137.0,78.7,16.4,258.0,7.3,0.19
132494,0.0,62,3.69,92.7,178.0,87.9,13.5,259.0,6.7,1.45
132495,0.0,8,0.74,99.0,178.0,87.9,13.5,259.0,6.7,1.45
132496,0.0,17,0.51,122.2,181.0,82.8,14.7,261.0,6.2,5.29
132498,0.0,60,2.58,92.7,178.0,87.9,13.5,259.0,6.7,1.45
132499,0.0,70,2.84,99.5,135.0,97.8,14.0,282.0,10.3,2.83
132500,0.0,54,3.42,92.7,239.0,88.0,13.6,357.0,10.6,2.88
132501,0.0,30,5.0,92.7,178.0,87.9,13.5,259.0,6.7,1.45
132502,0.0,69,4.55,100.2,155.0,93.7,11.9,216.0,9.8,1.15
132503,1.0,65,2.5,92.7,178.0,87.9,13.5,259.0,6.7,1.45
132504,0.0,13,3.26,92.7,178.0,87.9,13.5,259.0,6.7,1.45
132505,0.0,31,0.51,101.6,240.0,86.2,13.1,320.0,8.9,1.95
132506,0.0,55,4.94,92.7,178.0,87.9,13.5,259.0,6.7,1.45
132507,0.0,80,5.0,85.0,211.0,76.5,18.2,341.0,5.9,19.64
132508,0.0,46,2.88,73.1,191.0,91.1,13.1,181.0,5.1,0.27
132509,0.0,7,2.0,52.1,120.0,84.5,12.8,266.0,4.4,0.29
132510,0.0,56,4.36,99.1,161.0,74.6,16.5,270.0,6.5,5.34
132511,0.0,45,4.12,92.7,178.0,87.9,13.5,259.0,6.7,1.45
132512,0.0,9,2.28,92.7,178.0,87.9,13.5,259.0,6.7,1.45
132513,0.0,33,0.46,114.6,192.0,85.0,13.6,221.0,6.1,5.2
132514,0.0,16,5.0,69.5,173.0,87.7,12.9,233.0,4.7,0.95
132515,1.0,65,2.5,92.7,178.0,87.9,13.5,259.0,6.7,1.45
132516,0.0,68,2.5,107.7,180.0,92.8,13.8,178.0,4.1,5.36
132517,0.0,31,2.5,92.7,178.0,87.9,13.5,259.0,6.7,1.45
132518,0.0,37,3.6,111.0,140.0,89.9,13.1,213.0,9.1,4.28
132519,0.0,17,2.5,71.4,145.0,89.6,12.9,205.0,5.4,0.26
132520,0.0,35,3.82,114.0,178.0,87.9,13.5,259.0,6.7,1.45
132521,1.0,55,0.85,97.2,161.0,95.4,13.1,247.0,4.5,2.87
132522,1.0,64,2.5,109.6,215.0,90.2,13.8,180.0,5.1,2.54
132523,0.0,44,4.68,87.2,250.0,90.4,13.7,261.0,6.9,1.82
132524,0.0,41,1.98,93.2,229.0,88.4,12.5,243.0,5.2,0.71
132525,0.0,67,0.96,104.4,264.0,92.7,13.2,466.0,8.3,4.66
132526,0.0,23,2.5,84.5,177.0,86.6,12.7,204.0,3.9,0.25
132527,0.0,16,2.5,92.7,178.0,87.9,13.5,259.0,6.7,1.45
132528,0.0,14,0.39,92.7,178.0,87.9,13.5,259.0,6.7,1.45
132529,0.0,19,2.92,69.5,269.0,89.8,14.5,323.0,9.2,0.59
132530,0.0,7,2.5,76.9,178.0,87.9,13.5,259.0,6.7,1.45
132531,0.0,6,4.32,50.7,178.0,87.9,13.5,259.0,6.7,1.45
132532,0.0,52,4.37,92.7,178.0,87.9,13.5,259.0,6.7,1.45
132533,0.0,72,5.0,97.5,181.0,91.0,13.5,179.0,3.1,0.55
132534,0.0,48,5.0,72.6,198.0,93.4,13.7,187.0,4.3,0.42
132535,0.0,9,1.85,92.7,178.0,87.9,13.5,259.0,6.7,1.45
132536,0.0,71,2.5,92.7,178.0,87.9,13.5,259.0,6.7,1.45
132537,0.0,15,1.0,92.7,178.0,87.9,13.5,259.0,6.7,1.45
132538,0.0,30,1.39,99.8,172.0,86.0,13.1,203.0,5.1,0.45
132539,1.0,70,5.0,119.8,182.0,85.2,14.9,193.0,8.7,4.07
132540,0.0,67,1.92,96.0,242.0,96.3,12.2,255.0,5.6,0.52
132541,0.0,12,1.62,86.4,216.0,85.1,12.7,306.0,5.5,0.82
132542,0.0,8,3.6,63.0,178.0,87.9,13.5,259.0,6.7,1.45
132543,0.0,14,2.5,92.7,178.0,87.9,13.5,259.0,6.7,1.45
132544,0.0,9,0.37,72.6,164.0,81.5,13.7,408.0,8.5,1.5
132545,0.0,52,2.5,114.3,178.0,87.9,13.5,259.0,6.7,1.45
132546,0.0,49,2.5,108.8,171.0,86.2,13.1,136.0,4.9,0.7
132547,0.0,64,0.0,99.7,150.0,91.4,13.2,170.0,4.5,1.39
132548,1.0,61,2.5,92.3,301.0,87.7,13.6,374.0,8.1,2.27
132549,0.0,65,5.0,111.4,195.0,91.1,13.1,283.0,7.6,0.81
132550,0.0,62,5.0,85.8,172.0,91.0,13.7,280.0,6.1,1.28
132551,0.0,9,2.43,94.0,178.0,87.9,13.5,259.0,6.7,1.45
132552,0.0,29,2.5,96.2,172.0,60.9,19.6,165.0,5.7,2.57
132553,0.0,35,4.21,77.0,159.0,97.3,12.7,202.0,6.6,1.68
132554,0.0,29,0.11,85.8,140.0,97.7,13.1,202.0,6.4,0.89
132555,0.0,72,0.56,75.2,227.0,90.6,12.0,190.0,6.6,0.45
132556,0.0,53,2.34,92.2,165.0,79.9,13.6,379.0,6.5,3.91
132557,0.0,33,1.41,92.7,178.0,87.9,13.5,259.0,6.7,1.45
132558,0.0,60,0.79,111.6,196.0,89.9,13.9,195.0,10.7,12.76
132559,0.0,68,1.29,118.0,196.0,88.3,14.0,267.0,7.0,2.98
132560,0.0,30,5.0,101.9,218.0,91.8,13.4,272.0,5.2,2.61
132561,0.0,5,0.61,69.5,178.0,78.9,14.1,299.0,7.2,0.68
132562,0.0,52,5.0,71.4,178.0,87.9,13.5,259.0,6.7,1.45
132563,0.0,76,2.5,92.7,178.0,87.9,13.5,259.0,6.7,1.45
132564,0.0,80,5.0,99.0,157.0,93.7,14.9,239.0,4.5,2.49
132565,0.0,42,2.53,92.7,178.0,87.9,13.5,259.0,6.7,1.45
132566,1.0,67,3.77,104.8,134.0,89.9,13.7,197.0,6.8,0.63
132567,0.0,55,2.18,83.9,163.0,89.9,13.1,200.0,6.3,3.31
132568,0.0,29,1.03,92.7,178.0,87.9,13.5,259.0,6.7,1.45
132569,0.0,15,0.65,78.6,178.0,85.3,12.2,232.0,5.5,1.45
132570,0.0,13,5.0,78.2,156.0,83.0,12.4,273.0,10.6,2.54
132571,1.0,77,5.0,110.8,151.0,89.6,14.1,294.0,7.6,5.8
132572,0.0,42,3.02,97.6,204.0,86.3,13.3,267.0,5.0,1.14
132573,0.0,70,5.0,88.0,178.0,91.5,12.9,241.0,8.2,1.45
132574,0.0,11,5.0,63.6,178.0,87.9,13.5,259.0,6.7,1.45
132575,1.0,58,5.0,92.7,178.0,87.9,13.5,259.0,6.7,1.45
132576,0.0,44,5.0,114.1,251.0,89.1,13.9,273.0,10.6,8.47
132577,0.0,9,1.26,92.7,178.0,87.9,13.5,259.0,6.7,1.45
132578,0.0,11,2.26,92.7,178.0,87.9,13.5,259.0,6.7,1.45
132579,0.0,43,0.75,103.3,237.0,93.1,13.8,307.0,8.8,14.7
132580,0.0,5,0.8,51.7,178.0,77.9,13.6,203.0,8.6,2.9
132581,1.0,68,2.5,92.7,178.0,87.9,13.5,259.0,6.7,1.45
132582,0.0,9,3.85,100.2,126.0,81.6,13.2,439.0,7.3,1.34
132583,0.0,40,5.0,127.8,247.0,86.0,14.0,179.0,8.9,4.25
132584,0.0,34,3.47,78.5,122.0,82.2,13.6,218.0,5.3,1.91
132585,1.0,74,1.01,96.2,114.0,94.7,13.7,243.0,7.1,0.33
132586,0.0,71,5.0,95.7,178.0,89.8,13.5,230.0,5.3,1.45
132587,0.0,24,1.92,89.6,251.0,85.3,12.9,186.0,5.5,0.51
132588,0.0,9,3.16,67.9,190.0,89.1,14.6,354.0,7.4,0.19
132589,0.0,18,2.5,92.7,178.0,87.9,13.5,259.0,6.7,1.45
132590,0.0,13,3.54,57.0,108.0,86.5,12.9,286.0,5.6,4.75
132591,0.0,32,3.09,91.5,233.0,87.9,12.6,246.0,8.2,36.13
132592,0.0,8,0.97,57.2,158.0,82.6,14.1,357.0,10.6,0.39
132593,0.0,17,1.09,89.5,124.0,82.2,14.5,349.0,9.3,32.2
132594,0.0,43,5.0,115.5,251.0,85.2,12.9,238.0,6.4,0.64
132595,0.0,22,2.33,92.7,178.0,87.9,13.5,259.0,6.7,1.45
132596,0.0,62,0.71,100.0,247.0,86.0,13.3,319.0,6.3,6.88
132597,0.0,38,2.5,128.0,229.0,90.7,13.5,243.0,9.0,3.67
132598,0.0,4,5.0,92.7,178.0,87.9,13.5,259.0,6.7,1.45
132599,0.0,6,0.73,54.5,167.0,85.1,13.2,303.0,5.9,0.32
132600,0.0,13,1.71,65.0,159.0,76.9,14.9,282.0,7.8,0.4
132601,0.0,47,1.08,101.6,216.0,87.4,15.1,275.0,7.5,3.02
132602,0.0,15,5.0,110.3,214.0,83.2,13.7,233.0,8.1,3.74
132603,0.0,1,5.0,92.7,178.0,87.9,13.5,259.0,6.7,1.45
132604,0.0,9,2.15,79.1,225.0,82.7,13.7,384.0,10.0,0.3
132605,0.0,13,5.0,92.7,178.0,87.9,13.5,259.0,6.7,1.45
132606,0.0,23,0.0,92.7,178.0,87.9,13.5,259.0,6.7,1.45
132607,0.0,43,2.5,92.7,178.0,87.9,13.5,259.0,6.7,1.45
132608,0.0,70,5.0,92.7,178.0,87.9,13.5,259.0,6.7,1.45
132609,0.0,8,0.0,55.1,178.0,87.9,13.5,259.0,6.7,1.45
132610,0.0,43,2.54,70.2,213.0,88.4,15.6,313.0,6.2,0.58
132611,0.0,1,4.34,92.7,178.0,87.9,13.5,259.0,6.7,1.45
132612,0.0,30,2.81,123.3,260.0,81.3,13.3,252.0,7.3,1.97
132613,0.0,77,5.0,92.7,178.0,87.9,13.5,259.0,6.7,1.45
132614,0.0,18,2.5,133.8,141.0,80.5,14.0,260.0,7.4,6.74
132615,0.0,17,2.06,72.7,116.0,87.5,13.8,209.0,5.5,0.95
132616,0.0,12,0.77,62.8,178.0,87.9,13.5,259.0,6.7,1.45
132617,0.0,28,2.5,119.4,173.0,69.5,14.0,292.0,6.3,8.87
132618,0.0,67,2.5,105.8,174.0,83.4,14.2,230.0,7.1,4.12
132619,1.0,54,1.91,98.5,183.0,68.6,17.1,432.0,9.6,4.84
132620,0.0,10,2.5,92.7,110.0,81.5,14.4,234.0,9.5,0.9
132621,0.0,15,3.3,68.4,178.0,87.9,13.5,259.0,6.7,1.45
132622,0.0,55,5.0,110.3,218.0,89.3,13.4,224.0,5.6,5.0
132623,0.0,75,5.0,124.5,223.0,95.8,13.6,243.0,6.5,1.07
132624,0.0,6,2.5,81.3,145.0,83.1,13.7,482.0,7.3,0.29
132625,0.0,61,2.5,126.9,180.0,84.1,15.3,295.0,12.2,4.42
132626,0.0,4,1.57,92.7,178.0,87.9,13.5,259.0,6.7,1.45
132627,0.0,7,5.0,92.7,178.0,87.9,13.5,259.0,6.7,1.45
132628,0.0,19,2.5,92.7,167.0,82.9,13.4,372.0,7.5,4.36
132629,0.0,4,3.22,92.7,178.0,87.9,13.5,259.0,6.7,1.45
132630,0.0,7,0.62,59.0,135.0,80.5,12.6,312.0,6.3,0.74
132631,0.0,29,1.85,102.9,227.0,86.5,14.3,167.0,6.9,5.74
132632,0.0,23,2.95,80.4,230.0,82.4,13.1,461.0,8.2,1.1
132633,0.0,66,5.0,99.4,255.0,91.7,13.7,290.0,7.5,4.37
132634,0.0,43,5.0,92.7,178.0,87.9,13.5,259.0,6.7,1.45
132635,0.0,71,4.92,92.0,219.0,89.0,13.0,273.0,5.5,0.71
132636,0.0,59,1.82,107.6,189.0,83.2,15.3,253.0,5.0,4.94
132637,0.0,80,5.0,92.7,178.0,87.9,13.5,259.0,6.7,1.45
132638,0.0,23,3.19,73.2,172.0,86.2,13.7,225.0,3.2,0.43
132639,0.0,22,2.5,110.4,166.0,87.1,13.8,223.0,7.0,1.47
132640,0.0,1,2.77,92.7,178.0,82.0,14.0,297.0,9.6,1.45
132641,0.0,45,5.0,82.3,177.0,90.6,12.8,232.0,4.7,0.31
132642,1.0,60,2.5,96.0,200.0,90.3,13.2,198.0,4.6,0.9
132643,0.0,19,0.61,92.7,178.0,87.9,13.5,259.0,6.7,1.45
132644,0.0,11,0.43,73.7,241.0,84.3,13.0,365.0,5.6,0.81
132645,0.0,31,0.73,109.8,199.0,86.0,12.9,324.0,10.3,3.45
132646,0.0,63,2.5,80.0,231.0,97.1,13.9,221.0,6.1,0.67
132647,0.0,35,5.0,91.1,178.0,93.8,13.1,184.0,5.6,0.72
132648,0.0,67,5.0,113.4,180.0,95.1,13.1,197.0,5.7,0.86
132649,0.0,11,2.5,77.3,178.0,87.9,13.5,259.0,6.7,1.45
132650,0.0,14,2.5,92.7,178.0,87.9,13.5,259.0,6.7,1.45
132651,1.0,66,2.59,95.4,115.0,86.5,12.7,161.0,3.5,0.35
132652,0.0,68,1.13,85.5,166.0,92.2,13.7,220.0,3.9,1.65
132653,0.0,29,5.0,108.7,178.0,87.9,13.5,259.0,6.7,1.45
132654,0.0,54,3.83,92.7,178.0,87.9,13.5,259.0,6.7,1.45
132655,0.0,56,5.0,101.1,187.0,85.2,14.1,380.0,4.9,0.33
132656,0.0,46,2.5,92.7,178.0,87.9,13.5,259.0,6.7,1.45
132657,0.0,8,3.58,92.7,178.0,87.9,13.5,259.0,6.7,1.45
132658,0.0,11,3.16,69.4,155.0,81.7,13.8,288.0,5.9,0.29
132659,0.0,57,5.0,92.7,178.0,87.9,13.5,259.0,6.7,1.45
132660,0.0,2,3.0,92.7,178.0,87.9,13.5,259.0,6.7,1.45
132661,1.0,63,2.39,113.5,219.0,90.6,13.4,238.0,7.8,7.65
132662,0.0,25,3.57,100.7,227.0,86.8,13.1,331.0,9.9,2.21
132663,0.0,60,1.31,97.1,135.0,84.3,15.2,214.0,8.6,1.21
132664,0.0,5,4.27,92.7,178.0,87.9,13.5,259.0,6.7,1.45
132665,0.0,17,0.97,68.6,178.0,88.0,13.0,185.0,7.4,1.45
132666,0.0,62,2.5,98.9,219.0,89.3,12.6,214.0,5.4,1.84
132667,0.0,32,2.46,101.7,225.0,89.6,14.2,247.0,7.7,2.57
132668,0.0,1,0.4,92.7,178.0,87.9,13.5,259.0,6.7,1.45
132669,0.0,35,5.0,103.3,135.0,92.1,12.8,208.0,5.3,0.84
132670,0.0,2,0.23,92.7,178.0,87.9,13.5,259.0,6.7,1.45
132671,0.0,38,1.37,92.7,177.0,87.0,13.9,287.0,9.5,3.58
132672,0.0,69,4.42,94.7,111.0,90.9,13.4,193.0,7.0,1.74
132673,0.0,10,0.55,85.3,184.0,84.7,13.6,269.0,5.1,1.86
132674,0.0,10,5.0,86.0,178.0,82.2,13.6,250.0,6.0,0.65
132675,0.0,24,5.0,99.2,160.0,90.4,13.6,302.0,8.7,3.57
132676,0.0,19,2.01,107.4,178.0,89.5,15.4,206.0,8.9,2.15
132677,0.0,72,1.47,92.7,178.0,87.9,13.5,259.0,6.7,1.45
132678,0.0,65,2.5,104.2,186.0,89.5,12.9,239.0,8.0,2.47
132679,0.0,53,0.85,85.8,213.0,91.6,12.5,295.0,5.3,1.6
132680,0.0,2,4.32,92.7,178.0,87.9,13.5,259.0,6.7,1.45
132681,0.0,12,0.23,92.7,178.0,87.9,13.5,259.0,6.7,1.45
132682,0.0,16,2.5,66.1,119.0,86.3,14.4,270.0,6.2,0.2
132683,1.0,70,2.04,119.2,120.0,94.9,13.9,144.0,11.7,0.72
132684,0.0,43,2.12,92.6,169.0,90.8,13.3,316.0,7.4,4.47
132685,0.0,9,1.83,60.8,129.0,80.6,13.4,417.0,12.7,5.76
132686,0.0,4,5.0,92.7,178.0,87.9,13.5,259.0,6.7,1.45
132687,0.0,80,1.41,105.3,136.0,93.6,15.3,131.0,4.5,2.76
132688,0.0,4,2.5,92.7,178.0,87.9,13.5,259.0,6.7,1.45
132689,1.0,79,2.5,92.7,178.0,87.9,13.5,259.0,6.7,1.45
132690,0.0,51,1.32,97.0,198.0,89.3,13.9,252.0,6.8,4.21
132691,0.0,39,0.47,85.4,205.0,98.2,12.7,283.0,8.3,0.83
132692,0.0,44,2.16,91.6,270.0,81.3,13.8,273.0,8.4,6.46
132693,0.0,37,2.5,97.9,178.0,87.3,13.5,310.0,8.0,2.15
132694,0.0,19,1.48,83.3,111.0,90.6,13.1,289.0,6.5,0.83
132695,0.0,15,1.59,92.7,178.0,87.9,13.5,259.0,6.7,1.45
132696,0.0,50,2.5,112.4,185.0,89.1,13.2,324.0,7.6,2.39
132697,0.0,12,3.4,90.1,147.0,85.0,12.9,261.0,6.7,3.87
132698,0.0,3,1.21,92.7,178.0,87.9,13.5,259.0,6.7,1.45
132699,0.0,37,0.16,107.3,169.0,87.8,14.1,296.0,6.7,4.26
132700,0.0,5,4.43,55.1,178.0,82.7,12.7,315.0,6.7,0.11
132701,0.0,8,3.33,62.9,149.0,76.8,13.6,285.0,9.1,0.91
132702,0.0,6,0.56,92.7,178.0,87.9,13.5,259.0,6.7,1.45
132703,0.0,63,2.5,92.7,178.0,87.9,13.5,259.0,6.7,1.45
132704,0.0,52,5.0,92.7,178.0,87.9,13.5,259.0,6.7,1.45
132705,0.0,15,0.07,68.0,141.0,70.4,21.3,212.0,6.4,0.5
132706,0.0,21,5.0,127.7,158.0,70.2,18.1,214.0,8.5,35.7
132707,0.0,18,0.43,84.3,147.0,90.1,13.4,284.0,5.3,0.86
132708,0.0,11,0.41,118.2,127.0,84.1,13.3,411.0,9.7,1.85
132709,0.0,39,4.1,92.7,178.0,87.9,13.5,259.0,6.7,1.45
132710,0.0,24,3.0,83.4,130.0,95.1,13.1,252.0,6.5,0.9
132711,0.0,60,1.61,86.0,198.0,92.7,13.3,243.0,5.9,0.31
132712,1.0,77,1.61,92.7,178.0,87.9,13.5,259.0,6.7,1.45
132713,0.0,7,2.92,62.9,178.0,87.9,13.5,259.0,6.7,1.45
132714,0.0,2,3.02,52.8,178.0,87.9,13.5,259.0,6.7,1.45
132715,0.0,36,5.0,92.7,178.0,87.9,13.5,259.0,6.7,1.45
132716,0.0,13,5.0,66.9,178.0,87.9,13.5,259.0,6.7,1.45
132717,0.0,9,0.21,92.7,178.0,87.9,13.5,259.0,6.7,1.45
132719,0.0,6,1.07,92.7,178.0,87.9,13.5,259.0,6.7,1.45
132720,0.0,37,2.96,85.6,168.0,88.3,13.2,365.0,10.3,2.25
132721,0.0,33,1.1,120.2,231.0,87.8,13.5,229.0,5.8,1.04
132722,1.0,45,2.71,116.0,219.0,85.0,12.8,277.0,7.2,0.84
132723,0.0,35,5.0,97.0,192.0,88.2,13.2,203.0,6.4,1.99
132724,0.0,13,0.63,115.0,124.0,80.2,15.1,275.0,5.2,3.09
132725,0.0,44,5.0,105.6,102.0,89.6,14.5,198.0,5.1,2.09
132726,1.0,72,1.61,92.7,178.0,87.9,13.5,259.0,6.7,1.45
132727,0.0,66,1.23,70.5,213.0,89.5,14.1,145.0,3.7,0.27
132728,0.0,58,4.05,123.2,180.0,89.6,12.7,197.0,6.6,2.17
132729,0.0,60,2.79,96.3,275.0,89.4,13.8,224.0,9.5,2.48
132730,0.0,68,1.55,114.5,192.0,90.4,15.4,170.0,8.3,3.78
132731,0.0,8,1.31,65.0,186.0,79.8,13.0,397.0,9.1,0.28
132732,0.0,16,3.6,107.0,196.0,87.4,12.9,315.0,7.0,1.2
132733,0.0,44,1.85,88.9,135.0,84.3,14.3,462.0,9.0,5.61
132734,0.0,1,2.13,92.7,178.0,87.9,13.5,259.0,6.7,1.45
132735,0.0,18,2.48,106.9,178.0,87.4,13.6,267.0,9.6,4.36
132736,0.0,3,0.91,92.7,178.0,87.9,13.5,259.0,6.7,1.45
132737,0.0,3,0.68,92.7,178.0,87.9,13.5,259.0,6.7,1.45
132738,0.0,64,0.12,85.8,164.0,96.0,13.6,261.0,5.3,1.97
132739,0.0,63,5.0,116.7,166.0,89.4,14.4,279.0,5.2,0.51
132740,1.0,71,2.82,102.7,182.0,95.4,13.5,313.0,5.5,110.98
132741,0.0,70,0.96,126.6,276.0,95.9,13.0,188.0,6.5,6.13
132743,0.0,9,3.0,92.7,178.0,87.9,13.5,259.0,6.7,1.45
132744,1.0,75,1.16,149.5,174.0,84.1,15.7,93.0,9.2,7.19
132745,0.0,75,2.18,99.7,250.0,81.3,14.6,336.0,7.8,2.06
132746,0.0,71,5.0,94.6,188.0,87.3,14.0,403.0,7.6,2.65
132747,0.0,15,2.01,92.7,178.0,87.9,13.5,259.0,6.7,1.45
132748,0.0,23,0.79,92.7,139.0,94.2,12.9,245.0,10.6,1.08
132749,0.0,35,2.21,93.5,130.0,89.0,13.3,332.0,10.1,8.15
132750,0.0,35,2.34,107.7,175.0,80.6,14.8,302.0,10.4,8.31
132751,1.0,80,2.5,92.7,178.0,87.9,13.5,259.0,6.7,1.45
132752,0.0,3,3.6,51.2,178.0,87.9,13.5,259.0,6.7,1.45
132753,0.0,2,2.5,92.7,178.0,87.9,13.5,259.0,6.7,1.45
132754,0.0,52,3.42,86.5,175.0,87.5,13.3,267.0,6.9,2.2
132755,1.0,57,2.17,130.7,180.0,64.5,15.5,345.0,8.9,5.09
132756,1.0,58,3.76,103.6,191.0,85.8,14.0,210.0,6.4,0.56
132757,0.0,61,3.16,125.2,238.0,91.7,13.5,252.0,4.2,1.73
132758,0.0,33,0.84,93.0,174.0,87.5,15.1,241.0,5.2,1.6
132759,0.0,8,1.39,92.7,178.0,87.9,13.5,259.0,6.7,1.45
132760,1.0,60,0.83,92.0,156.0,81.3,19.3,155.0,6.4,3.83
132761,0.0,45,2.5,137.2,178.0,85.9,16.2,280.0,5.4,6.89
132762,0.0,61,0.62,104.0,250.0,92.2,13.7,216.0,6.7,3.45
132763,0.0,31,5.0,88.8,189.0,84.0,13.3,195.0,4.8,0.29
132764,0.0,4,1.67,55.4,178.0,79.9,13.5,269.0,7.8,1.34
132765,0.0,70,0.78,100.9,135.0,91.2,13.7,222.0,4.8,1.79
132766,0.0,5,0.64,52.5,178.0,83.3,13.8,340.0,10.8,0.15
132767,0.0,13,2.25,92.7,178.0,87.9,13.5,259.0,6.7,1.45
132768,0.0,54,2.5,120.3,178.0,79.2,16.9,182.0,8.1,1.45
132769,0.0,68,2.5,92.7,178.0,87.9,13.5,259.0,6.7,1.45
132770,1.0,76,4.97,87.0,165.0,87.3,15.0,166.0,4.2,8.0
132771,0.0,64,0.88,82.9,160.0,109.3,15.4,298.0,5.8,0.97
132772,0.0,19,1.72,92.8,144.0,86.6,13.5,298.0,6.6,8.08
132773,0.0,6,3.84,57.6,184.0,82.3,13.9,302.0,6.4,0.17
132774,0.0,14,4.38,141.0,166.0,82.4,13.4,237.0,6.2,3.04
132775,0.0,46,0.15,92.7,93.0,97.7,13.6,136.0,7.2,19.03
132776,0.0,17,0.84,72.3,197.0,80.8,14.3,262.0,6.6,0.25
132777,0.0,65,5.0,92.7,178.0,87.9,13.5,259.0,6.7,1.45
132778,0.0,1,3.42,92.7,178.0,87.9,13.5,259.0,6.7,1.45
132779,0.0,23,3.31,92.7,178.0,87.9,13.5,259.0,6.7,1.45
132780,0.0,70,5.0,93.6,270.0,82.8,14.1,338.0,7.9,13.07
132781,0.0,19,2.5,109.0,178.0,87.9,13.5,259.0,6.7,1.45
132782,0.0,79,5.0,86.0,155.0,88.5,13.0,200.0,5.6,1.68
132783,1.0,73,2.5,92.7,178.0,87.9,13.5,259.0,6.7,1.45
132784,0.0,75,5.0,76.8,179.0,95.9,12.8,287.0,5.5,0.23
132785,0.0,27,2.0,96.8,147.0,85.1,13.6,272.0,7.9,2.25
132786,1.0,74,2.5,92.1,221.0,84.8,16.5,644.0,11.5,11.79
132787,0.0,38,3.58,108.9,205.0,87.1,13.6,213.0,8.1,2.49
132788,0.0,41,2.5,104.2,179.0,86.6,14.9,270.0,5.6,2.14
132789,0.0,58,0.69,92.7,178.0,87.9,13.5,259.0,6.7,1.45
132790,0.0,6,2.34,92.7,178.0,87.9,13.5,259.0,6.7,1.45
132791,0.0,61,4.02,114.5,187.0,87.8,14.0,216.0,6.2,1.77
132792,0.0,3,2.5,92.7,178.0,87.9,13.5,259.0,6.7,1.45
132793,1.0,68,1.6,142.1,140.0,87.4,14.5,210.0,7.9,3.47
132794,0.0,8,1.02,87.0,150.0,76.8,15.2,274.0,8.1,7.8
132795,0.0,62,1.44,101.2,158.0,94.1,13.1,236.0,8.2,2.56
132796,0.0,17,5.0,92.7,178.0,87.9,13.5,259.0,6.7,1.45
132797,1.0,70,1.31,92.7,108.0,95.8,14.8,197.0,6.6,9.8
132798,0.0,7,0.72,54.5,178.0,87.9,13.5,259.0,6.7,1.45
132799,0.0,4,1.41,45.0,178.0,87.9,13.5,259.0,6.7,1.45
132800,0.0,1,5.0,92.7,178.0,87.9,13.5,259.0,6.7,1.45
132801,0.0,35,2.5,94.2,188.0,78.3,14.3,204.0,2.5,0.55
132802,0.0,64,4.92,109.1,150.0,87.0,14.7,270.0,6.8,4.93
132803,0.0,57,2.5,117.8,126.0,94.0,13.4,228.0,13.2,39.26
132804,0.0,70,5.0,113.7,271.0,79.6,16.0,295.0,7.8,6.15
132805,0.0,39,0.65,74.1,184.0,89.2,13.7,354.0,5.0,1.27
132806,0.0,9,1.37,80.8,178.0,87.9,13.5,259.0,6.7,1.45
132807,0.0,38,5.0,68.5,171.0,85.6,13.2,405.0,6.5,0.71
132808,0.0,73,2.5,95.4,193.0,82.7,13.6,206.0,6.8,2.64
132809,0.0,51,4.68,95.2,201.0,89.9,13.6,226.0,5.3,0.63
132810,0.0,48,5.0,75.9,216.0,89.1,13.8,315.0,4.1,1.36
132811,1.0,80,3.47,92.7,178.0,92.1,14.6,221.0,7.1,1.45
132812,0.0,35,3.42,92.7,178.0,87.9,13.5,259.0,6.7,1.45
132813,0.0,8,2.58,69.8,139.0,81.4,14.4,187.0,5.0,0.53
132814,0.0,64,5.0,74.1,195.0,92.0,14.3,248.0,6.8,2.35
132815,0.0,30,4.97,115.0,225.0,92.5,13.8,250.0,6.1,0.59
132816,0.0,37,5.0,92.7,178.0,87.9,13.5,259.0,6.7,1.45
132817,0.0,54,5.0,82.8,158.0,100.5,12.8,198.0,5.7,0.51
132818,0.0,30,0.17,106.2,174.0,75.5,16.7,305.0,8.9,4.23
132819,0.0,79,4.92,108.5,122.0,92.1,14.5,204.0,6.5,2.61
132820,0.0,73,3.68,111.4,175.0,97.2,13.7,167.0,4.7,2.8
132821,0.0,17,0.87,85.0,155.0,89.2,15.0,404.0,6.2,3.23
132822,0.0,14,5.0,92.7,178.0,87.9,13.5,259.0,6.7,1.45
132823,0.0,5,0.58,50.6,178.0,87.9,13.5,259.0,6.7,1.45
132824,0.0,11,2.33,92.7,178.0,87.9,13.5,259.0,6.7,1.45
132825,0.0,39,2.5,106.6,186.0,86.8,12.8,212.0,4.7,0.85
132826,0.0,19,2.5,81.4,178.0,87.9,13.5,259.0,6.7,1.45
132827,1.0,68,2.03,141.3,178.0,89.4,13.9,162.0,12.7,3.05
132828,0.0,30,2.5,92.7,178.0,87.9,13.5,259.0,6.7,1.45
132829,0.0,73,5.0,99.5,173.0,93.4,13.5,213.0,4.9,1.17
132830,0.0,8,0.84,92.7,178.0,87.9,13.5,259.0,6.7,1.45
132831,0.0,11,0.31,92.7,178.0,87.9,13.5,259.0,6.7,1.45
132832,0.0,47,1.16,123.1,175.0,72.2,14.2,236.0,9.0,7.93
132833,0.0,14,2.5,79.1,130.0,83.6,14.4,262.0,5.3,1.66
132834,0.0,5,3.55,92.7,178.0,87.9,13.5,259.0,6.7,1.45
132835,0.0,76,4.51,102.0,178.0,95.1,13.5,249.0,7.7,1.45
132836,0.0,51,1.26,92.7,178.0,87.9,13.5,259.0,6.7,1.45
132837,0.0,60,5.0,90.3,172.0,84.1,15.4,222.0,6.9,2.07
132838,0.0,39,5.0,85.2,220.0,81.1,12.8,179.0,4.5,6.02
132839,0.0,27,0.57,92.7,178.0,87.9,13.5,259.0,6.7,1.45
132840,0.0,65,4.06,101.1,154.0,88.4,13.9,154.0,4.4,1.9
132841,0.0,57,1.23,92.7,178.0,87.9,13.5,259.0,6.7,1.45
132842,0.0,54,3.87,92.7,178.0,87.9,13.5,259.0,6.7,1.45
132843,0.0,6,5.0,92.7,178.0,87.9,13.5,259.0,6.7,1.45
132844,0.0,5,2.5,92.7,178.0,87.9,13.5,259.0,6.7,1.45
132845,0.0,6,0.88,58.6,159.0,71.6,14.4,349.0,7.4,0.11
132846,0.0,68,0.08,90.0,178.0,87.9,13.5,259.0,6.7,1.45
132847,0.0,74,1.48,91.3,201.0,93.6,13.4,91.0,5.4,0.32
132848,0.0,74,2.21,100.4,192.0,87.5,15.5,448.0,8.7,18.86
132849,1.0,80,2.5,92.7,178.0,87.9,13.5,259.0,6.7,1.45
132850,0.0,34,0.88,133.7,116.0,63.4,26.8,484.0,9.3,5.38
132851,0.0,43,3.55,110.6,204.0,73.9,17.2,405.0,6.5,1.51
132852,0.0,11,1.26,61.6,182.0,82.5,14.5,305.0,7.6,0.34
132853,0.0,16,2.5,82.1,137.0,82.7,13.6,228.0,10.8,0.41
132854,0.0,6,2.5,92.7,178.0,87.9,13.5,259.0,6.7,1.45
132855,0.0,20,2.92,76.4,144.0,85.3,13.5,324.0,5.6,1.04
132856,0.0,80,2.5,92.7,178.0,87.9,13.5,259.0,6.7,1.45
132857,0.0,12,1.93,74.7,178.0,87.9,13.5,259.0,6.7,1.45
132858,1.0,73,5.0,92.7,178.0,87.9,13.5,259.0,6.7,1.45
132859,0.0,1,2.5,92.7,178.0,87.9,13.5,259.0,6.7,1.45
132860,0.0,3,0.69,53.4,178.0,87.9,13.5,259.0,6.7,1.45
132861,0.0,5,0.77,53.0,178.0,78.9,13.8,321.0,8.9,1.45
132862,0.0,31,5.0,83.2,154.0,95.0,13.2,177.0,4.8,0.26
132863,0.0,3,2.5,92.7,178.0,87.9,13.5,259.0,6.7,1.45
132864,0.0,57,2.46,112.6,254.0,89.4,14.3,269.0,6.5,1.56
132865,0.0,72,2.5,92.7,200.0,87.6,14.0,259.0,8.9,10.33
132866,0.0,32,1.3,92.7,178.0,87.9,13.5,259.0,6.7,1.45
132867,0.0,16,4.62,92.7,178.0,87.9,13.5,259.0,6.7,1.45
132868,0.0,69,1.46,71.4,263.0,92.0,13.6,333.0,7.5,1.26
132869,0.0,70,3.55,127.9,209.0,95.4,14.1,258.0,9.5,3.04
132870,0.0,71,1.44,99.9,233.0,95.3,13.1,212.0,5.6,2.82
132871,0.0,16,0.46,95.8,150.0,74.0,15.0,342.0,6.3,1.21
132872,0.0,26,1.48,111.3,239.0,87.1,13.3,260.0,6.6,5.09
132873,0.0,61,2.5,121.0,190.0,88.9,13.4,180.0,4.9,1.15
132874,0.0,4,2.56,53.5,178.0,87.9,13.5,259.0,6.7,1.45
132875,0.0,71,3.61,83.6,175.0,96.5,13.8,186.0,2.9,1.95
132876,0.0,32,5.0,83.7,141.0,87.1,12.9,182.0,4.2,0.39
132877,1.0,79,1.12,96.4,174.0,87.6,14.5,213.0,6.0,1.58
132878,0.0,30,5.0,77.1,149.0,87.5,11.8,313.0,6.1,0.23
132879,0.0,8,2.5,92.7,178.0,87.9,13.5,259.0,6.7,1.45
132880,0.0,16,2.5,76.5,194.0,87.8,12.9,310.0,6.9,1.56
132881,0.0,65,5.0,121.9,150.0,81.9,15.7,170.0,6.0,0.19
132882,0.0,5,1.25,51.8,178.0,75.5,13.4,367.0,9.2,0.27
132883,0.0,22,2.5,134.1,178.0,87.9,13.5,259.0,6.7,1.45
132884,0.0,72,5.0,126.5,161.0,87.5,14.3,374.0,9.9,3.77
132885,0.0,61,0.62,133.5,224.0,92.8,13.3,197.0,5.1,5.07
132886,0.0,11,0.87,93.7,161.0,82.4,13.4,396.0,9.7,1.96
132887,0.0,5,2.5,92.7,178.0,87.9,13.5,259.0,6.7,1.45
132888,0.0,4,1.8,54.6,178.0,87.9,13.5,259.0,6.7,1.45
132889,0.0,79,2.5,108.4,264.0,82.5,14.6,252.0,8.8,6.98
132890,0.0,8,1.68,58.7,178.0,87.9,13.5,259.0,6.7,1.45
132891,0.0,32,5.0,106.7,186.0,83.9,12.5,318.0,6.9,3.0
132892,0.0,68,2.5,92.7,178.0,87.9,13.5,259.0,6.7,1.45
132893,0.0,67,2.5,108.9,173.0,88.7,15.0,171.0,4.9,6.77
132894,0.0,10,2.31,92.7,178.0,87.9,13.5,259.0,6.7,1.45
132895,0.0,64,2.5,101.6,207.0,88.9,13.9,199.0,7.1,1.98
132896,0.0,76,2.5,92.7,178.0,87.9,13.5,259.0,6.7,1.45
132897,0.0,9,2.48,58.7,162.0,84.1,13.4,264.0,5.3,0.21
132898,0.0,63,2.5,92.7,178.0,87.9,13.5,259.0,6.7,1.45
132899,0.0,55,4.02,120.7,169.0,89.6,13.2,223.0,5.2,4.53
132900,1.0,77,5.0,109.8,105.0,95.2,13.6,178.0,7.7,2.48
132901,0.0,44,2.5,92.7,178.0,87.9,13.5,259.0,6.7,1.45
132902,0.0,46,3.3,107.5,141.0,95.3,12.9,227.0,6.7,0.31
132903,0.0,51,1.47,146.8,135.0,86.8,14.0,235.0,6.0,4.54
132904,0.0,80,2.43,92.0,187.0,92.7,13.2,195.0,7.2,13.06
132905,0.0,56,2.51,132.4,183.0,85.2,15.5,275.0,7.6,5.66
132906,0.0,80,2.5,92.7,178.0,87.9,13.5,259.0,6.7,1.45
132907,0.0,65,5.0,92.7,178.0,87.9,13.5,259.0,6.7,1.45
132908,0.0,39,5.0,86.3,195.0,78.8,15.1,398.0,9.3,1.13
132909,0.0,23,2.5,92.7,178.0,87.9,13.5,259.0,6.7,1.45
132910,0.0,39,0.89,91.3,196.0,78.8,14.9,309.0,6.1,15.6
132911,1.0,76,2.78,72.7,194.0,93.4,13.9,178.0,6.9,0.58
132912,0.0,1,5.0,92.7,178.0,79.7,12.8,510.0,10.1,1.45
132913,0.0,59,5.0,89.8,226.0,90.9,13.8,227.0,7.9,2.05
132914,0.0,43,1.23,105.3,173.0,88.5,13.7,271.0,8.5,8.23
132915,0.0,9,0.37,91.5,179.0,76.8,14.8,447.0,8.3,3.13
132916,0.0,62,5.0,96.1,181.0,84.8,13.3,264.0,5.0,1.22
132917,0.0,15,2.78,103.0,191.0,85.4,14.2,334.0,8.3,0.85
132918,0.0,46,4.48,92.7,178.0,87.9,13.5,259.0,6.7,1.45
132919,0.0,10,0.02,87.9,178.0,87.9,13.5,259.0,6.7,1.45
132920,0.0,24,0.52,116.1,140.0,66.2,18.9,394.0,5.8,4.81
132921,0.0,31,5.0,80.6,214.0,84.6,12.8,213.0,5.2,0.7
132922,1.0,79,0.16,92.7,152.0,98.0,13.3,245.0,7.3,3.72
132923,0.0,9,2.5,67.1,135.0,82.2,12.7,357.0,7.1,0.21
132924,0.0,80,1.84,95.0,202.0,95.7,12.9,203.0,5.7,0.87
132925,0.0,14,0.27,69.9,178.0,86.3,13.2,219.0,2.3,0.2
132926,0.0,65,5.0,98.8,265.0,94.3,13.5,286.0,6.0,0.99
132927,0.0,65,0.31,80.0,324.0,87.5,13.9,323.0,6.2,2.35
132928,1.0,80,1.47,105.3,122.0,94.8,13.0,307.0,7.0,3.06
132929,1.0,72,1.65,89.5,168.0,87.2,14.2,235.0,8.1,2.91
132930,0.0,18,2.5,74.9,150.0,84.1,13.7,236.0,5.9,0.53
132931,0.0,37,5.0,102.9,149.0,90.0,12.7,286.0,9.4,1.43
132932,0.0,54,3.94,107.7,224.0,98.7,13.2,239.0,4.5,4.08
132933,0.0,63,3.55,92.7,178.0,87.9,13.5,259.0,6.7,1.45
132934,0.0,71,2.5,103.3,190.0,94.1,12.0,262.0,5.8,1.66
132935,0.0,16,2.5,92.7,178.0,87.9,13.5,259.0,6.7,1.45
132936,0.0,21,0.74,92.7,175.0,84.3,14.4,368.0,11.1,0.56
132937,0.0,80,2.58,98.4,171.0,93.6,14.0,347.0,6.4,1.02
132938,0.0,58,5.0,90.1,193.0,90.9,13.1,241.0,7.9,1.75
132939,0.0,64,5.0,92.7,178.0,87.9,13.5,259.0,6.7,1.45
132940,0.0,7,0.43,53.6,178.0,87.9,13.5,259.0,6.7,1.45
132941,0.0,58,1.6,106.4,156.0,87.2,14.5,258.0,7.3,17.36
132942,0.0,31,2.07,82.1,137.0,90.9,12.9,258.0,6.3,0.54
132943,0.0,58,2.11,92.7,178.0,87.9,13.5,259.0,6.7,1.45
132944,0.0,12,1.42,92.7,178.0,87.9,13.5,259.0,6.7,1.45
132945,0.0,65,5.0,121.2,187.0,85.5,14.3,180.0,5.4,4.11
132946,0.0,42,2.5,92.7,178.0,87.9,13.5,259.0,6.7,1.45
132947,0.0,29,3.31,87.5,124.0,84.6,12.3,390.0,6.6,0.69
132948,0.0,75,5.0,92.7,178.0,87.9,13.5,259.0,6.7,1.45
132949,0.0,16,4.33,82.0,158.0,89.3,12.1,321.0,9.8,0.21
132950,0.0,24,2.83,69.5,178.0,89.8,12.4,193.0,3.9,0.21
132951,0.0,10,2.5,91.4,178.0,87.9,13.5,259.0,6.7,1.45
132952,0.0,35,3.42,84.0,209.0,85.8,14.3,145.0,6.7,0.66
132953,1.0,80,2.48,92.7,178.0,87.9,13.5,259.0,6.7,1.45
132954,0.0,16,1.52,92.7,178.0,87.9,13.5,259.0,6.7,1.45
132955,0.0,13,2.5,92.7,178.0,87.9,13.5,259.0,6.7,1.45
132956,0.0,54,0.0,101.2,232.0,101.2,13.9,180.0,6.9,3.83
132957,0.0,20,2.5,113.0,180.0,84.0,13.4,293.0,7.4,2.7
132958,0.0,70,4.12,106.4,203.0,86.7,14.4,299.0,6.7,0.7
132959,0.0,56,2.15,103.0,213.0,90.5,13.4,261.0,6.5,0.9
132960,1.0,67,3.19,92.7,178.0,87.9,13.5,259.0,6.7,1.45
132961,0.0,75,1.77,91.5,181.0,93.2,14.8,267.0,6.8,1.5
132962,0.0,65,2.06,102.1,178.0,87.9,13.5,259.0,6.7,1.45
132963,0.0,69,2.5,123.8,235.0,97.5,14.4,341.0,11.0,3.46
132964,0.0,58,5.0,80.1,252.0,89.9,13.3,185.0,3.5,1.21
132965,0.0,64,2.33,103.8,252.0,92.0,13.3,223.0,6.6,1.01
132966,0.0,11,2.5,92.7,178.0,87.9,13.5,259.0,6.7,1.45
132967,0.0,2,1.56,45.5,178.0,81.9,14.5,337.0,7.1,1.45
132968,0.0,12,1.18,67.0,149.0,83.2,13.4,288.0,5.1,0.33
132969,0.0,12,5.0,79.0,148.0,83.7,12.9,311.0,10.0,0.64
132970,0.0,40,4.0,77.6,186.0,87.5,12.9,242.0,7.5,0.63
132971,0.0,39,2.54,80.5,180.0,93.0,12.5,286.0,7.0,0.59
132972,0.0,47,2.5,101.7,218.0,87.6,14.3,342.0,4.5,1.3
132973,1.0,80,2.92,92.7,178.0,87.9,13.5,259.0,6.7,1.45
132974,0.0,15,1.04,88.5,155.0,93.0,12.8,289.0,6.5,0.47
132975,0.0,2,3.56,92.7,178.0,87.9,13.5,259.0,6.7,1.45
132976,0.0,62,2.5,92.7,178.0,87.9,13.5,259.0,6.7,1.45
132977,0.0,58,5.0,87.0,226.0,82.0,14.8,238.0,4.5,0.23
132978,0.0,23,5.0,85.6,167.0,88.5,12.3,187.0,3.9,1.75
132979,0.0,63,4.56,120.5,254.0,95.0,13.6,216.0,5.9,2.24
132980,0.0,22,0.01,92.7,178.0,87.9,13.5,259.0,6.7,1.45
132981,0.0,8,2.5,92.7,178.0,87.9,13.5,259.0,6.7,1.45
132982,1.0,71,2.5,92.7,178.0,87.9,13.5,259.0,6.7,1.45
132983,0.0,38,0.14,95.2,173.0,83.0,13.8,266.0,7.7,0.35
132984,1.0,64,1.4,92.7,178.0,87.9,13.5,259.0,6.7,1.45
132985,0.0,18,0.38,72.4,135.0,80.6,15.0,252.0,7.2,1.83
132986,0.0,80,0.65,92.7,178.0,87.9,13.5,259.0,6.7,1.45
132987,0.0,8,2.34,56.5,178.0,87.9,13.5,259.0,6.7,1.45
132988,0.0,15,1.61,65.8,136.0,84.3,12.7,227.0,4.3,0.11
132989,0.0,5,1.0,92.7,178.0,87.9,13.5,259.0,6.7,1.45
132990,0.0,60,3.42,117.4,132.0,91.5,12.6,279.0,8.5,3.2
132991,0.0,64,3.0,85.5,192.0,87.5,13.9,241.0,7.3,1.59
132992,0.0,74,1.37,118.0,234.0,90.7,14.1,288.0,7.4,17.39
132993,0.0,61,5.0,92.7,178.0,87.9,13.5,259.0,6.7,1.45
132994,0.0,65,2.61,110.7,261.0,91.4,13.7,341.0,6.9,1.14
132995,0.0,66,2.5,110.2,227.0,93.7,14.9,376.0,11.9,42.54
132996,0.0,51,2.16,109.5,267.0,83.5,13.2,250.0,5.6,0.81
132997,0.0,5,1.52,92.7,178.0,87.9,13.5,259.0,6.7,1.45
132998,0.0,66,0.41,87.6,228.0,91.4,12.6,255.0,4.7,0.41
132999,0.0,2,4.02,44.6,178.0,87.9,13.5,259.0,6.7,1.45
133000,0.0,9,1.31,92.7,178.0,87.9,13.5,259.0,6.7,1.45
133001,0.0,18,3.09,82.5,190.0,93.1,12.5,269.0,9.4,0.33
133002,0.0,28,0.87,119.4,119.0,84.0,15.3,587.0,9.5,9.17
133003,1.0,77,2.36,102.5,99.0,92.3,13.0,183.0,5.1,1.21
133004,1.0,73,2.5,92.7,178.0,87.9,13.5,259.0,6.7,1.45
133005,0.0,75,1.75,92.7,178.0,87.9,13.5,259.0,6.7,1.45
133006,0.0,11,0.06,64.0,178.0,87.9,13.5,259.0,6.7,1.45
133007,0.0,17,1.17,74.0,124.0,87.6,12.2,293.0,7.0,0.18
133008,0.0,6,1.34,54.3,185.0,81.7,13.1,409.0,8.6,0.11
133009,0.0,26,5.0,103.2,201.0,90.9,12.7,388.0,8.1,0.99
133010,0.0,64,1.47,95.0,224.0,91.6,14.0,248.0,8.6,1.94
133011,0.0,9,0.81,57.7,178.0,87.9,13.5,259.0,6.7,1.45
133012,0.0,52,2.5,92.7,178.0,87.9,13.5,259.0,6.7,1.45
133013,0.0,23,1.74,79.5,174.0,87.6,13.8,292.0,5.6,2.24
133014,0.0,18,2.5,122.5,171.0,80.5,14.9,446.0,6.6,6.89
133015,0.0,28,4.19,97.2,186.0,82.6,13.6,319.0,11.7,30.75
133016,0.0,3,1.71,48.9,178.0,87.9,13.5,259.0,6.7,1.45
133017,0.0,15,1.05,92.7,178.0,87.9,13.5,259.0,6.7,1.45
133018,0.0,71,0.0,119.3,180.0,85.0,15.3,327.0,7.5,3.01
133019,1.0,64,2.5,99.0,178.0,85.5,15.0,266.0,6.8,3.22
133020,0.0,67,2.8,80.0,321.0,88.5,14.0,253.0,8.6,1.43
133021,0.0,41,2.5,92.7,178.0,87.9,13.5,259.0,6.7,1.45
133022,0.0,42,5.0,108.6,178.0,86.3,14.1,124.0,4.1,1.66
133023,1.0,56,5.0,107.0,143.0,76.0,14.6,375.0,7.6,2.67
133024,0.0,69,3.31,84.3,178.0,87.9,13.5,259.0,6.7,1.45
133025,0.0,65,4.18,123.8,167.0,92.5,14.3,146.0,5.2,0.8
133026,0.0,4,0.52,50.0,178.0,77.3,13.4,469.0,5.9,0.41
133027,0.0,36,5.0,121.4,237.0,89.7,13.1,215.0,6.6,1.57
133028,0.0,79,5.0,113.1,190.0,89.0,13.9,154.0,2.9,2.95
133030,0.0,63,2.5,100.2,292.0,89.6,14.4,391.0,9.3,3.97
133031,0.0,66,4.06,101.5,169.0,81.8,15.1,313.0,6.3,12.37
133032,0.0,68,2.5,92.7,178.0,87.9,13.5,259.0,6.7,1.45
133033,0.0,58,5.0,103.6,178.0,87.7,13.6,241.0,8.4,0.63
133034,0.0,15,3.28,77.3,166.0,89.6,13.1,234.0,5.4,0.29
133035,0.0,29,3.24,117.3,184.0,87.5,12.5,339.0,8.0,5.19
133036,0.0,19,1.99,114.2,178.0,87.9,13.5,259.0,6.7,1.45
133037,0.0,2,5.0,92.7,178.0,87.9,13.5,259.0,6.7,1.45
133038,0.0,60,2.5,101.5,230.0,92.4,13.6,330.0,3.6,8.52
133039,0.0,40,2.17,92.7,178.0,87.9,13.5,259.0,6.7,1.45
133040,0.0,19,3.6,84.5,177.0,85.9,12.2,308.0,12.4,3.8
133041,0.0,42,0.48,105.7,157.0,89.7,13.6,388.0,7.4,5.19
133042,0.0,68,5.0,91.2,181.0,91.7,13.5,353.0,5.2,1.92
133043,0.0,6,5.0,56.5,184.0,85.7,13.2,255.0,4.9,0.39
133044,0.0,25,1.44,103.8,154.0,83.1,13.0,248.0,6.1,3.77
133045,0.0,6,0.68,84.4,150.0,85.9,13.4,290.0,8.1,0.59
133046,0.0,23,1.3,125.8,188.0,89.7,12.5,275.0,6.8,15.75
133047,1.0,80,2.5,92.7,178.0,87.9,13.5,259.0,6.7,1.45
133048,0.0,18,4.0,111.3,137.0,77.4,14.5,223.0,7.7,2.28
133049,0.0,75,1.71,97.4,176.0,85.4,15.2,287.0,5.6,1.41
133050,0.0,80,2.5,82.0,173.0,91.6,14.1,176.0,7.8,0.87
133051,0.0,40,2.5,89.3,207.0,78.8,15.8,334.0,5.2,0.52
133052,0.0,15,0.0,72.8,178.0,87.9,13.5,259.0,6.7,1.45
133053,0.0,70,2.06,92.1,156.0,95.1,14.0,237.0,7.1,3.08
133055,0.0,26,5.0,116.4,144.0,86.1,12.8,303.0,8.7,0.76
133056,0.0,60,5.0,116.3,176.0,88.2,13.3,247.0,6.1,0.87
133057,0.0,62,2.5,88.5,212.0,88.6,12.6,251.0,6.4,1.09
133058,0.0,38,2.5,75.6,148.0,90.4,14.0,261.0,7.4,0.27
133059,0.0,63,2.5,92.1,220.0,95.1,13.3,315.0,7.9,1.84
133060,0.0,57,3.0,111.7,235.0,94.7,12.6,244.0,4.4,2.05
133061,0.0,4,2.69,92.7,178.0,87.9,13.5,259.0,6.7,1.45
133062,0.0,15,1.37,65.6,178.0,87.9,13.5,259.0,6.7,1.45
133063,0.0,5,2.17,51.3,178.0,87.9,13.5,259.0,6.7,1.45
133064,1.0,80,0.82,92.7,178.0,87.9,13.5,259.0,6.7,1.45
133065,1.0,59,2.5,104.4,159.0,95.2,13.5,260.0,8.2,0.47
133066,0.0,70,3.71,116.7,178.0,90.5,13.5,277.0,9.7,1.45
133067,0.0,10,0.97,84.9,171.0,83.3,13.2,321.0,7.8,4.1
133068,0.0,68,0.82,91.2,233.0,89.4,13.4,262.0,7.2,5.58
133069,0.0,70,1.94,106.6,218.0,80.7,16.7,259.0,7.5,4.19
133070,0.0,16,1.34,92.7,178.0,87.9,13.5,259.0,6.7,1.45
133071,0.0,67,3.04,92.8,234.0,92.1,13.0,297.0,6.5,0.77
133072,0.0,8,0.66,92.7,178.0,87.9,13.5,259.0,6.7,1.45
133073,0.0,10,4.45,53.7,178.0,87.9,13.5,259.0,6.7,1.45
133074,1.0,66,2.07,114.7,238.0,87.7,13.3,366.0,8.3,3.73
133075,0.0,16,0.01,67.3,125.0,81.9,13.9,189.0,7.3,0.37
133076,1.0,59,0.91,112.1,391.0,97.3,13.7,124.0,9.3,6.09
133077,0.0,69,5.0,110.5,211.0,87.5,15.1,184.0,5.8,2.85
133078,0.0,63,4.66,116.2,140.0,84.2,13.1,206.0,3.1,0.57
133079,0.0,14,5.0,63.4,153.0,83.6,14.2,204.0,4.5,0.9
133080,0.0,38,5.0,99.2,215.0,91.7,12.8,260.0,6.8,0.38
133081,0.0,76,4.88,116.3,178.0,80.4,16.3,319.0,6.1,1.4
133082,0.0,37,2.83,78.1,182.0,89.4,12.7,240.0,5.3,17.44
133083,0.0,78,1.49,107.8,200.0,88.1,13.9,213.0,8.6,1.17
133084,0.0,63,2.5,92.7,205.0,87.0,14.7,146.0,4.7,0.23
133085,0.0,21,2.5,92.7,178.0,87.9,13.5,259.0,6.7,1.45
133086,0.0,18,2.5,77.7,156.0,81.2,14.2,199.0,10.1,0.23
133087,0.0,69,5.0,92.7,178.0,87.9,13.5,259.0,6.7,1.45
133088,0.0,17,0.99,75.5,178.0,87.9,13.5,259.0,6.7,1.45
133089,0.0,39,1.77,80.0,186.0,91.9,13.0,198.0,5.7,1.69
133090,0.0,77,5.0,107.1,188.0,86.8,13.1,268.0,7.9,4.43
133091,1.0,80,4.73,92.7,152.0,93.4,14.1,366.0,6.9,0.69
133092,0.0,67,3.12,90.2,178.0,87.9,13.5,259.0,6.7,1.45
133093,0.0,61,5.0,82.5,211.0,90.5,12.9,281.0,9.4,0.62
133094,0.0,16,2.5,97.4,146.0,85.4,13.9,206.0,7.6,1.25
133095,0.0,54,3.68,98.5,173.0,88.9,13.9,476.0,9.4,1.78
133096,1.0,69,5.0,101.3,187.0,98.9,13.6,166.0,5.9,0.81
133097,0.0,80,0.95,119.0,156.0,90.6,14.2,233.0,10.2,8.36
133098,0.0,71,2.21,124.3,188.0,90.6,13.5,193.0,4.9,3.6
133099,0.0,65,1.12,92.7,186.0,88.6,13.9,205.0,5.8,1.11
133100,0.0,63,1.77,81.6,217.0,92.9,13.1,155.0,4.8,1.65
133101,1.0,45,1.52,171.0,89.0,93.2,15.1,271.0,13.4,76.44
133102,0.0,5,5.0,53.5,178.0,77.3,13.1,249.0,4.9,0.49
133103,0.0,4,3.42,49.2,178.0,87.9,13.5,259.0,6.7,1.45
133104,0.0,62,1.13,119.8,154.0,87.2,14.7,205.0,5.6,5.95
133105,0.0,13,1.74,69.5,161.0,90.6,13.2,340.0,5.3,0.11
133106,0.0,66,4.95,89.8,267.0,93.6,13.0,315.0,5.8,0.47
133107,0.0,9,0.97,92.7,178.0,87.9,13.5,259.0,6.7,1.45
133108,0.0,45,2.82,129.2,224.0,88.2,14.8,263.0,9.8,6.45
133109,0.0,69,2.21,78.7,171.0,89.0,14.4,247.0,7.0,1.32
133110,0.0,10,0.63,92.7,178.0,87.9,13.5,259.0,6.7,1.45
133111,0.0,61,2.98,138.5,163.0,85.0,12.7,304.0,12.0,26.12
133112,0.0,37,5.0,96.2,166.0,87.0,13.0,294.0,6.6,0.49
133113,0.0,37,2.5,128.7,133.0,86.0,13.1,297.0,7.1,2.92
133114,1.0,69,2.31,100.2,163.0,88.5,13.7,271.0,4.9,1.13
133115,0.0,43,5.0,97.9,190.0,94.2,13.1,197.0,6.7,2.07
133116,0.0,53,2.5,83.7,205.0,94.0,12.5,193.0,5.9,1.54
133117,0.0,12,0.58,67.5,125.0,81.2,13.3,202.0,8.6,0.21
133118,0.0,12,0.58,88.6,203.0,83.1,12.6,383.0,8.0,0.68
133119,0.0,12,0.88,92.7,178.0,87.9,13.5,259.0,6.7,1.45
133120,0.0,28,3.41,92.7,178.0,87.9,13.5,259.0,6.7,1.45
133121,0.0,14,2.5,92.7,178.0,87.9,13.5,259.0,6.7,1.45
133122,0.0,64,5.0,92.7,178.0,87.9,13.5,259.0,6.7,1.45
133123,1.0,80,4.97,110.4,90.0,100.0,14.9,135.0,6.0,1.16
133124,0.0,1,1.97,92.7,178.0,81.3,12.7,231.0,11.0,0.11
133125,0.0,40,5.0,110.0,228.0,85.6,13.4,242.0,4.3,0.99
133126,0.0,9,0.91,92.7,178.0,87.9,13.5,259.0,6.7,1.45
133127,0.0,21,5.0,83.0,171.0,88.5,13.1,266.0,4.5,0.68
133128,0.0,5,4.31,92.7,178.0,87.9,13.5,259.0,6.7,1.45
133129,0.0,80,0.69,98.2,188.0,81.9,14.0,135.0,4.8,0.44
133130,0.0,61,2.5,84.3,258.0,90.6,12.3,342.0,6.7,1.31
133131,0.0,55,5.0,77.9,178.0,84.4,13.4,375.0,7.1,5.14
133132,0.0,1,2.5,92.7,178.0,87.9,13.5,259.0,6.7,1.45
133133,0.0,32,2.5,120.5,216.0,87.5,13.2,322.0,9.0,1.87
133134,0.0,28,2.19,110.9,172.0,92.5,12.6,287.0,6.1,0.94
133135,0.0,61,0.03,108.0,226.0,80.9,16.3,326.0,9.1,9.45
133136,0.0,34,2.92,92.7,178.0,87.9,13.5,259.0,6.7,1.45
133137,0.0,57,2.5,92.7,178.0,87.9,13.5,259.0,6.7,1.45
133138,0.0,9,5.0,59.5,167.0,83.6,13.9,418.0,9.8,0.23
133139,1.0,80,2.87,104.4,123.0,94.0,15.2,158.0,5.6,0.78
133140,0.0,52,4.56,99.0,192.0,93.2,13.2,300.0,9.5,1.24
133141,0.0,55,5.0,92.7,178.0,87.9,13.5,259.0,6.7,1.45
133142,0.0,6,5.0,92.7,178.0,87.9,13.5,259.0,6.7,1.45
133143,0.0,31,0.58,93.2,237.0,96.6,13.1,179.0,5.7,0.46
133144,0.0,46,5.0,115.3,175.0,83.8,13.3,237.0,6.0,0.62
133145,0.0,19,1.32,92.7,178.0,87.9,13.5,259.0,6.7,1.45
133146,0.0,68,5.0,92.7,178.0,87.9,13.5,259.0,6.7,1.45
133147,0.0,67,2.19,96.9,187.0,84.5,14.8,364.0,6.0,4.16
133148,0.0,1,2.5,92.7,178.0,79.1,12.6,383.0,13.1,1.45
133149,0.0,55,4.8,92.7,178.0,87.9,13.5,259.0,6.7,1.45
133150,0.0,24,4.34,86.9,216.0,79.0,16.2,293.0,8.2,2.77
133151,0.0,80,5.0,91.4,146.0,96.8,13.3,258.0,5.8,0.52
133152,0.0,17,0.96,78.3,196.0,86.3,14.5,218.0,7.9,0.11
133153,0.0,24,2.94,87.7,161.0,91.1,13.1,245.0,5.2,0.23
133154,0.0,72,2.5,92.7,178.0,87.9,13.5,259.0,6.7,1.45
133155,0.0,11,5.0,64.9,178.0,87.9,13.5,259.0,6.7,1.45
133156,0.0,71,0.75,116.3,235.0,86.2,15.9,256.0,5.6,34.01
133158,1.0,78,2.5,92.7,178.0,87.9,13.5,259.0,6.7,1.45
133159,0.0,63,3.69,88.5,207.0,83.8,15.3,264.0,3.2,0.22
133160,0.0,75,5.0,116.8,187.0,89.9,14.1,312.0,6.0,2.88
133161,0.0,51,2.5,94.7,192.0,77.5,17.1,328.0,8.0,1.21
133162,0.0,34,2.5,92.7,178.0,87.9,13.5,259.0,6.7,1.45
133163,0.0,13,1.25,74.9,178.0,87.9,13.5,259.0,6.7,1.45
133164,0.0,8,2.88,82.8,137.0,80.4,13.4,321.0,8.8,3.2
133165,0.0,61,5.0,92.7,178.0,87.9,13.5,259.0,6.7,1.45
133166,1.0,33,2.5,92.7,178.0,87.9,13.5,259.0,6.7,1.45
133167,0.0,43,3.96,134.6,275.0,83.3,14.3,251.0,7.4,1.72
133168,0.0,11,1.99,93.8,178.0,87.9,13.5,259.0,6.7,1.45
133169,0.0,48,5.0,86.5,155.0,91.5,13.1,290.0,3.4,0.36
133170,0.0,67,4.56,92.8,222.0,86.6,13.4,290.0,6.5,3.8
133171,0.0,55,5.0,115.0,182.0,84.6,14.5,196.0,7.2,2.11
133172,1.0,60,0.57,126.0,150.0,93.5,15.3,193.0,7.5,3.33
133173,0.0,14,2.48,109.0,178.0,83.2,13.3,368.0,10.3,1.45
133174,0.0,39,2.5,87.6,177.0,89.9,12.9,286.0,7.7,2.91
133176,0.0,2,1.05,46.2,178.0,87.9,13.5,259.0,6.7,1.45
133177,1.0,63,1.03,90.5,237.0,87.1,13.7,197.0,4.7,0.5
133178,0.0,80,4.92,108.3,183.0,91.4,14.7,301.0,6.7,3.57
133179,0.0,45,2.0,97.5,267.0,91.5,13.2,195.0,6.8,0.8
133180,0.0,11,1.08,83.5,142.0,82.1,12.9,230.0,8.1,0.88
133181,0.0,33,3.47,130.8,178.0,89.4,12.0,350.0,11.7,1.45
133182,0.0,37,2.5,123.2,164.0,82.9,13.6,337.0,7.5,3.48
133183,0.0,66,0.77,92.7,144.0,85.0,15.6,277.0,6.4,7.46
133184,1.0,56,1.51,110.0,158.0,88.2,14.0,244.0,8.6,0.58
133185,0.0,69,4.37,98.2,190.0,92.9,13.5,201.0,7.6,2.27
133186,0.0,9,5.0,92.7,178.0,87.9,13.5,259.0,6.7,1.45
133187,0.0,48,0.35,92.7,178.0,87.9,13.5,259.0,6.7,1.45
133188,1.0,80,1.5,118.3,148.0,95.8,16.1,204.0,13.3,5.86
133189,0.0,2,2.5,92.7,178.0,87.9,13.5,259.0,6.7,1.45
133190,0.0,9,5.0,92.7,178.0,87.9,13.5,259.0,6.7,1.45
133191,1.0,58,3.3,134.0,125.0,82.4,13.5,240.0,5.6,0.22
133192,1.0,68,5.0,96.1,180.0,83.3,15.4,291.0,3.0,1.73
133193,1.0,70,1.62,84.1,126.0,96.4,19.5,252.0,5.4,1.79
133194,0.0,32,2.61,90.5,162.0,75.7,14.4,357.0,6.6,9.35
133195,0.0,33,1.17,131.8,178.0,88.4,12.7,244.0,6.4,1.45
133197,0.0,15,2.46,93.6,192.0,83.7,12.9,390.0,7.6,1.77
133198,0.0,19,1.89,84.5,172.0,87.9,13.0,265.0,7.8,0.29
133199,0.0,36,2.5,92.7,178.0,87.9,13.5,259.0,6.7,1.45
133200,0.0,62,2.5,92.7,178.0,87.9,13.5,259.0,6.7,1.45
133201,0.0,7,1.37,67.3,178.0,87.9,13.5,259.0,6.7,1.45
133202,0.0,30,2.06,92.7,178.0,88.8,12.7,304.0,7.7,5.6
133203,0.0,10,2.5,92.7,178.0,87.9,13.5,259.0,6.7,1.45
133204,0.0,6,1.4,50.0,178.0,87.9,13.5,259.0,6.7,1.45
133205,0.0,13,1.21,92.7,178.0,87.9,13.5,259.0,6.7,1.45
133206,0.0,69,3.39,82.9,200.0,85.8,14.5,191.0,2.2,0.99
133207,0.0,66,3.57,92.7,178.0,87.9,13.5,259.0,6.7,1.45
133208,0.0,57,5.0,112.7,180.0,83.2,14.6,208.0,6.0,1.86
133209,0.0,66,5.0,81.4,259.0,92.2,12.0,314.0,9.7,1.61
133210,0.0,40,2.5,112.3,178.0,87.9,13.5,259.0,6.7,1.45
133211,0.0,58,5.0,100.5,276.0,92.3,12.7,252.0,7.7,1.42
133212,0.0,58,0.66,81.0,257.0,91.8,14.4,265.0,4.6,0.11
133213,0.0,80,2.73,92.7,178.0,87.9,13.5,259.0,6.7,1.45
133214,0.0,11,4.86,83.5,152.0,68.6,15.2,287.0,7.5,1.73
133215,1.0,76,5.0,87.5,174.0,91.8,13.7,214.0,4.9,1.06
133216,0.0,51,5.0,110.3,183.0,83.5,13.7,304.0,13.1,1.84
133217,0.0,3,4.46,42.7,178.0,87.9,13.5,259.0,6.7,1.45
133218,0.0,65,2.62,93.7,139.0,97.3,13.7,180.0,8.2,5.94
133219,0.0,5,4.32,92.7,178.0,87.9,13.5,259.0,6.7,1.45
133220,0.0,7,4.5,59.6,178.0,87.9,13.5,259.0,6.7,1.45
133221,0.0,74,3.06,117.2,215.0,94.1,14.4,256.0,4.3,2.45
133222,0.0,46,2.5,87.8,159.0,87.2,12.8,335.0,7.9,1.83
133223,0.0,32,2.5,87.7,141.0,91.0,13.2,209.0,8.2,0.4
133224,0.0,73,2.5,98.5,292.0,91.6,15.0,481.0,10.5,5.25
133225,0.0,58,0.74,110.0,187.0,83.2,15.1,315.0,8.9,10.71
133226,0.0,19,2.5,92.7,178.0,92.1,12.6,236.0,6.4,1.35
133227,0.0,2,2.5,47.4,178.0,87.9,13.5,259.0,6.7,1.45
133229,0.0,32,2.5,92.7,183.0,85.8,13.6,210.0,6.0,0.11
133230,0.0,44,3.15,91.0,116.0,96.1,13.3,329.0,6.7,0.54
133231,0.0,19,5.0,67.2,158.0,92.8,12.8,288.0,7.0,0.18
133232,0.0,15,0.91,92.7,178.0,87.9,13.5,259.0,6.7,1.45
133233,0.0,65,0.88,92.7,214.0,92.7,14.4,260.0,4.5,0.64
133234,0.0,38,5.0,93.5,178.0,87.9,13.5,259.0,6.7,1.45
133235,0.0,36,2.17,92.5,159.0,86.6,12.7,258.0,6.3,0.57
133236,0.0,60,3.02,96.6,222.0,92.1,13.9,244.0,6.1,2.15
133237,0.0,8,5.0,56.0,178.0,87.9,13.5,259.0,6.7,1.45
133238,0.0,19,2.31,80.7,210.0,87.7,13.1,178.0,6.3,3.08
133239,0.0,5,1.65,92.7,178.0,87.9,13.5,259.0,6.7,1.45
133240,0.0,35,2.5,92.7,178.0,87.9,13.5,259.0,6.7,1.45
133241,0.0,14,1.37,87.0,126.0,84.1,12.7,279.0,3.9,2.46
133242,0.0,11,5.0,69.9,152.0,65.9,15.6,275.0,5.3,2.38
133243,0.0,44,5.0,81.7,151.0,81.7,15.2,320.0,6.5,3.01
133244,0.0,5,1.08,54.8,178.0,87.9,13.5,259.0,6.7,1.45
133245,0.0,6,2.5,92.7,178.0,87.9,13.5,259.0,6.7,1.45
133246,0.0,62,4.56,90.1,269.0,89.8,12.6,253.0,5.9,0.58
133247,0.0,78,4.46,92.7,178.0,87.9,13.5,259.0,6.7,1.45
133248,0.0,9,0.58,53.6,178.0,87.9,13.5,259.0,6.7,1.45
133249,0.0,41,0.72,83.1,114.0,85.6,15.7,199.0,5.0,7.75
133250,0.0,57,0.99,106.2,205.0,87.8,13.7,271.0,5.5,5.99
133251,0.0,68,2.5,87.4,179.0,92.4,13.6,222.0,5.7,0.26
133252,0.0,39,0.0,92.7,178.0,87.9,13.5,259.0,6.7,1.45
133253,0.0,16,0.82,89.8,153.0,86.2,13.2,312.0,5.8,1.07
133254,0.0,3,5.0,51.2,178.0,87.9,13.5,259.0,6.7,1.45
133255,0.0,52,5.0,93.2,254.0,94.2,13.3,260.0,7.4,1.41
133256,0.0,2,2.5,59.1,178.0,87.9,13.5,259.0,6.7,1.45
133257,0.0,39,5.0,92.7,178.0,87.9,13.5,259.0,6.7,1.45
133259,0.0,11,5.0,73.3,202.0,83.3,13.6,324.0,5.1,0.53
133260,0.0,5,5.0,65.5,178.0,87.9,13.5,259.0,6.7,1.45
133261,0.0,79,2.58,95.6,222.0,95.0,13.0,270.0,6.3,2.96
133262,0.0,21,0.37,79.9,157.0,94.2,13.1,387.0,7.2,1.19
133263,0.0,34,1.6,152.2,174.0,88.6,13.2,335.0,8.7,7.03
133264,0.0,29,2.5,92.7,178.0,87.9,13.5,259.0,6.7,1.45
133265,0.0,55,5.0,127.0,190.0,69.3,18.2,224.0,5.2,2.95
133266,0.0,62,1.1,117.2,178.0,92.4,13.3,254.0,8.7,1.45
133267,0.0,12,1.01,93.8,152.0,69.9,14.6,267.0,6.6,0.68
133268,0.0,17,0.38,76.7,119.0,87.7,13.0,287.0,7.3,0.57
133269,0.0,8,0.12,92.7,178.0,87.9,13.5,259.0,6.7,1.45
133270,1.0,60,2.5,124.8,178.0,84.8,14.8,215.0,8.5,0.71
133271,0.0,80,2.16,96.3,148.0,92.3,14.4,179.0,12.9,0.97
133272,0.0,2,2.5,43.8,178.0,87.9,13.5,259.0,6.7,1.45
133273,0.0,59,1.92,113.9,176.0,96.8,14.0,218.0,7.4,2.67
133274,0.0,6,4.27,92.7,178.0,87.9,13.5,259.0,6.7,1.45
133275,0.0,62,2.5,92.7,178.0,87.9,13.5,259.0,6.7,1.45
133276,0.0,13,1.55,92.7,178.0,87.9,13.5,259.0,6.7,1.45
133277,0.0,60,5.0,93.5,197.0,97.2,14.2,121.0,2.2,6.41
133278,1.0,80,0.81,95.8,150.0,96.0,13.3,159.0,6.3,0.74
133279,0.0,54,0.49,105.9,185.0,80.2,18.9,174.0,5.9,2.4
133280,0.0,9,1.15,92.7,178.0,87.9,13.5,259.0,6.7,1.45
133281,0.0,10,2.5,92.7,178.0,87.9,13.5,259.0,6.7,1.45
133282,0.0,13,1.94,66.8,152.0,86.1,13.6,191.0,5.4,0.11
133283,0.0,73,5.0,77.0,176.0,83.7,15.1,237.0,4.8,0.34
133284,0.0,36,2.41,126.1,179.0,71.0,18.3,333.0,6.8,37.75
133285,0.0,15,5.0,87.6,150.0,88.0,12.1,287.0,7.6,1.03
133286,0.0,2,2.5,50.4,178.0,87.9,13.5,259.0,6.7,1.45
133287,0.0,71,3.43,126.5,161.0,94.2,14.6,383.0,9.7,3.69
133288,0.0,14,2.5,92.7,178.0,87.9,13.5,259.0,6.7,1.45
133289,0.0,28,1.37,91.1,195.0,81.5,17.1,327.0,5.8,0.59
133290,0.0,69,0.81,92.8,178.0,87.9,13.5,259.0,6.7,1.45
133291,0.0,68,5.0,116.8,206.0,94.2,12.5,213.0,6.0,3.43
133292,0.0,71,4.06,88.0,178.0,87.9,13.5,259.0,6.7,1.45
133293,0.0,68,2.5,124.3,148.0,88.9,15.0,222.0,6.4,1.97
133294,0.0,13,1.85,111.1,178.0,87.9,13.5,259.0,6.7,1.45
133295,0.0,15,5.0,90.3,154.0,76.4,15.1,220.0,11.5,2.67
133296,1.0,80,3.04,111.4,178.0,87.9,13.5,259.0,6.7,1.45
133297,0.0,5,0.97,92.7,178.0,87.9,13.5,259.0,6.7,1.45
133298,0.0,42,5.0,76.8,180.0,87.6,13.1,277.0,5.7,1.75
133299,1.0,57,0.4,96.5,190.0,98.5,12.7,279.0,10.6,4.82
133300,0.0,54,5.0,93.9,209.0,94.6,12.4,215.0,4.8,0.46
133302,0.0,66,5.0,86.6,240.0,88.0,13.1,275.0,4.8,1.42
133303,0.0,71,5.0,94.0,176.0,91.1,13.7,314.0,8.3,0.86
133304,0.0,33,2.5,92.7,178.0,87.9,13.5,259.0,6.7,1.45
133305,0.0,39,4.46,86.6,223.0,94.5,12.7,254.0,9.5,0.63
133306,0.0,11,5.0,92.9,178.0,87.9,13.5,259.0,6.7,1.45
133307,1.0,58,2.5,115.5,178.0,90.3,14.6,295.0,11.7,1.45
133308,0.0,5,1.85,92.7,178.0,87.9,13.5,259.0,6.7,1.45
133309,0.0,4,5.0,51.8,178.0,87.9,13.5,259.0,6.7,1.45
133310,0.0,63,1.86,107.7,144.0,92.8,13.4,399.0,10.5,16.25
133311,0.0,40,5.0,76.7,179.0,87.8,13.7,223.0,3.9,0.39
133312,0.0,12,1.57,79.5,156.0,86.0,12.9,318.0,9.0,0.11
133313,0.0,2,0.94,92.7,178.0,87.9,13.5,259.0,6.7,1.45
133314,0.0,34,2.5,96.8,178.0,93.4,12.9,231.0,7.6,1.2
133315,0.0,76,5.0,88.2,168.0,90.8,14.0,154.0,8.2,0.61
133316,0.0,61,4.92,122.3,220.0,82.7,13.9,325.0,7.4,4.77
133317,0.0,41,5.0,92.6,229.0,88.6,13.3,264.0,6.0,2.73
133318,0.0,63,2.85,89.5,254.0,93.1,13.4,186.0,6.2,0.52
133319,0.0,8,2.85,60.2,143.0,85.2,12.6,453.0,6.8,0.31
133320,0.0,47,5.0,109.6,210.0,89.8,14.5,239.0,6.0,0.59
133321,0.0,53,4.82,92.7,178.0,87.9,13.5,259.0,6.7,1.45
133322,1.0,80,2.5,92.7,150.0,85.8,14.1,269.0,5.9,1.87
133323,0.0,7,5.0,92.7,178.0,87.9,13.5,259.0,6.7,1.45
133324,0.0,63,3.82,81.0,155.0,93.4,14.1,224.0,6.7,0.58
133325,0.0,40,5.0,100.3,201.0,92.8,13.5,340.0,6.1,0.62
133326,1.0,78,1.34,92.3,178.0,85.8,14.7,236.0,8.0,1.45
133327,0.0,5,5.0,92.7,178.0,87.9,13.5,259.0,6.7,1.45
133328,0.0,61,0.88,92.7,178.0,87.9,13.5,259.0,6.7,1.45
133329,0.0,55,5.0,111.2,198.0,88.7,13.9,288.0,9.2,1.83
133330,0.0,16,5.0,97.7,156.0,84.7,12.5,297.0,9.3,1.77
133331,0.0,43,3.0,92.7,178.0,87.9,13.5,259.0,6.7,1.45
133332,0.0,40,1.2,92.7,178.0,87.9,13.5,259.0,6.7,1.45
133333,0.0,15,2.5,92.7,178.0,87.9,13.5,259.0,6.7,1.45
133334,1.0,75,5.0,109.2,182.0,88.5,13.9,238.0,6.5,1.12
133335,0.0,15,1.14,67.3,155.0,80.4,13.4,371.0,7.4,0.54
133336,0.0,63,5.0,113.0,185.0,91.2,14.1,161.0,5.0,2.8
133337,0.0,49,5.0,88.0,207.0,90.7,13.5,306.0,11.4,2.03
133338,0.0,42,0.82,83.2,176.0,87.0,13.4,200.0,6.2,1.3
133339,0.0,4,2.3,54.0,178.0,87.9,13.5,259.0,6.7,1.45
133340,1.0,80,4.05,84.0,136.0,93.3,14.4,100.0,4.8,2.62
133341,0.0,9,0.43,55.6,181.0,84.5,12.7,267.0,5.0,0.22
133342,0.0,46,1.15,102.1,205.0,81.8,16.4,332.0,6.6,14.44
133343,0.0,59,3.55,101.9,128.0,91.3,12.6,270.0,6.8,0.34
133344,0.0,73,2.58,96.5,178.0,84.9,14.1,330.0,6.0,1.45
133345,0.0,4,0.66,92.7,178.0,87.9,13.5,259.0,6.7,1.45
133346,0.0,51,3.16,92.7,192.0,93.5,14.2,187.0,6.6,6.43
133347,1.0,66,2.5,92.7,178.0,87.9,13.5,259.0,6.7,1.45
133348,0.0,47,2.62,142.9,257.0,65.8,17.6,576.0,6.9,10.33
133349,0.0,80,2.5,92.7,178.0,87.9,13.5,259.0,6.7,1.45
133350,0.0,67,5.0,99.3,130.0,89.7,12.8,260.0,4.8,0.24
133351,0.0,14,0.69,92.7,178.0,87.9,13.5,259.0,6.7,1.45
133352,0.0,22,5.0,131.7,148.0,86.3,14.0,287.0,8.5,3.45
133353,0.0,15,1.42,67.7,150.0,94.1,12.7,279.0,7.6,0.18
133354,0.0,79,1.14,92.7,178.0,87.9,13.5,259.0,6.7,1.45
133355,0.0,4,1.03,92.7,178.0,87.9,13.5,259.0,6.7,1.45
133356,0.0,77,2.36,112.6,142.0,84.6,14.3,214.0,9.2,5.18
133357,0.0,77,2.5,114.6,158.0,87.8,14.2,195.0,6.3,2.06
133358,1.0,80,0.76,92.8,155.0,86.4,14.6,174.0,6.7,1.17
133359,0.0,4,1.44,92.7,178.0,87.9,13.5,259.0,6.7,1.45
133360,0.0,55,5.0,83.8,239.0,95.7,12.6,244.0,4.5,0.46
133361,0.0,41,1.91,100.4,178.0,87.9,13.5,259.0,6.7,1.45
133362,1.0,77,1.14,106.5,178.0,87.9,13.5,259.0,6.7,1.45
133364,0.0,17,2.5,69.8,178.0,87.9,13.5,259.0,6.7,1.45
133365,0.0,3,3.58,48.4,178.0,87.9,13.5,259.0,6.7,1.45
133366,1.0,69,3.28,117.6,194.0,80.8,14.0,197.0,5.9,3.54
133367,1.0,67,0.8,92.7,178.0,87.9,13.5,259.0,6.7,1.45
133368,0.0,17,0.88,81.9,129.0,79.6,14.0,255.0,8.1,4.81
133369,0.0,63,5.0,77.2,228.0,98.1,12.8,293.0,6.4,1.04
133370,0.0,26,2.21,82.0,174.0,89.4,13.0,231.0,12.4,9.93
133371,0.0,78,2.61,92.7,178.0,87.9,13.5,259.0,6.7,1.45
133372,0.0,6,0.81,92.7,178.0,87.9,13.5,259.0,6.7,1.45
133373,0.0,24,2.5,74.5,145.0,90.8,13.0,245.0,8.6,0.67
133374,0.0,80,5.0,92.7,210.0,86.6,15.5,317.0,7.3,9.29
133375,0.0,7,0.43,68.9,178.0,83.8,12.9,297.0,10.9,0.52
133376,0.0,12,0.0,92.7,178.0,87.9,13.5,259.0,6.7,1.45
133377,0.0,79,0.1,92.7,178.0,87.9,13.5,259.0,6.7,1.45
133378,0.0,18,0.44,92.5,149.0,88.2,12.8,208.0,8.7,9.45
133379,0.0,71,2.57,71.6,235.0,90.8,13.6,213.0,8.1,1.2
133380,0.0,69,5.0,99.0,262.0,87.1,13.1,268.0,4.1,0.54
133381,0.0,60,5.0,92.7,178.0,87.9,13.5,259.0,6.7,1.45
133382,0.0,66,1.88,90.1,243.0,89.8,13.6,142.0,6.5,6.22
133383,0.0,13,1.19,75.0,150.0,91.4,13.7,236.0,7.3,0.32
133384,0.0,65,2.5,92.7,178.0,87.9,13.5,259.0,6.7,1.45
133385,0.0,27,2.5,92.7,178.0,87.9,13.5,259.0,6.7,1.45
133386,0.0,58,0.69,86.8,185.0,90.3,13.1,375.0,4.8,5.7
133387,0.0,1,0.79,92.7,178.0,87.9,13.5,259.0,6.7,1.45
133388,0.0,32,3.67,100.7,136.0,90.2,13.1,228.0,6.5,0.34
133389,1.0,70,2.71,96.0,138.0,87.9,13.1,146.0,5.7,2.78
133390,0.0,49,4.33,114.0,225.0,84.9,13.8,323.0,6.8,3.71
133391,0.0,8,2.5,92.7,178.0,87.9,13.5,259.0,6.7,1.45
133392,0.0,3,5.0,50.5,178.0,87.9,13.5,259.0,6.7,1.45
133393,0.0,45,5.0,91.0,202.0,66.8,14.1,216.0,5.9,0.72
133394,0.0,62,1.09,90.0,178.0,88.8,14.6,229.0,4.4,1.45
133395,0.0,57,3.43,103.8,243.0,94.3,13.6,363.0,12.8,5.47
133396,0.0,48,5.0,105.2,185.0,91.8,13.0,184.0,3.5,2.0
133397,0.0,80,2.5,92.7,178.0,87.9,13.5,259.0,6.7,1.45
133398,0.0,18,0.99,92.3,109.0,86.5,13.6,245.0,6.2,3.75
133399,0.0,58,4.78,77.0,267.0,97.4,12.7,225.0,6.4,2.44
133400,0.0,19,0.37,92.1,174.0,82.7,14.1,287.0,7.4,0.64
133401,0.0,59,5.0,102.4,189.0,90.6,13.1,227.0,5.2,0.76
133402,1.0,51,0.46,107.2,121.0,65.8,21.5,384.0,6.1,6.07
133403,0.0,9,0.61,59.9,163.0,84.1,13.8,272.0,5.6,0.43
133404,0.0,7,1.42,92.7,178.0,87.9,13.5,259.0,6.7,1.45
133405,0.0,13,0.77,92.7,178.0,87.9,13.5,259.0,6.7,1.45
133406,0.0,39,5.0,88.4,202.0,95.2,12.8,222.0,6.6,0.47
133407,0.0,5,1.74,59.4,178.0,86.3,12.4,365.0,7.9,0.3
133408,0.0,13,2.5,92.7,178.0,87.9,13.5,259.0,6.7,1.45
133409,0.0,4,2.5,92.7,178.0,87.9,13.5,259.0,6.7,1.45
133410,0.0,4,0.03,50.6,178.0,87.9,13.5,259.0,6.7,1.45
133411,0.0,13,1.26,61.9,132.0,78.2,12.8,284.0,9.0,0.15
133412,0.0,68,1.01,92.7,178.0,87.9,13.5,259.0,6.7,1.45
133413,0.0,18,0.11,75.2,197.0,93.5,12.5,256.0,10.9,0.5
133414,0.0,45,5.0,147.4,217.0,85.5,13.5,304.0,6.2,4.65
133416,0.0,13,2.5,92.7,178.0,87.9,13.5,259.0,6.7,1.45
133417,0.0,5,5.0,54.0,178.0,87.9,13.5,259.0,6.7,1.45
133418,0.0,36,5.0,101.3,226.0,84.7,13.0,328.0,8.0,4.31
133419,0.0,43,2.5,92.7,178.0,87.9,13.5,259.0,6.7,1.45
133420,0.0,4,0.5,92.7,178.0,87.9,13.5,259.0,6.7,1.45
133421,0.0,29,5.0,106.0,234.0,94.2,17.1,195.0,8.4,5.58
133422,0.0,37,0.0,108.1,235.0,94.1,13.6,306.0,8.3,7.92
133424,0.0,5,5.0,61.2,178.0,80.4,12.2,259.0,9.4,0.31
133425,0.0,31,2.74,71.8,159.0,91.7,13.7,258.0,6.1,0.18
133426,0.0,43,3.42,87.2,178.0,87.9,13.5,259.0,6.7,1.45
133427,0.0,43,2.09,97.0,221.0,94.9,13.1,241.0,6.7,1.82
133428,1.0,71,1.32,119.8,211.0,82.2,15.9,277.0,14.1,56.96
133429,0.0,38,1.34,92.7,178.0,87.9,13.5,259.0,6.7,1.45
133430,0.0,74,2.5,116.8,151.0,90.3,14.2,330.0,5.4,3.96
133431,0.0,9,3.13,66.2,178.0,87.9,13.5,259.0,6.7,1.45
133432,0.0,5,2.5,60.9,178.0,87.9,13.5,259.0,6.7,1.45
133433,0.0,13,2.05,92.7,178.0,87.9,13.5,259.0,6.7,1.45
133434,0.0,30,2.5,92.7,135.0,75.4,13.6,218.0,4.1,0.98
133435,0.0,54,5.0,92.7,178.0,87.9,13.5,259.0,6.7,1.45
133436,0.0,37,3.11,92.7,178.0,87.9,13.5,259.0,6.7,1.45
133437,0.0,6,2.5,92.7,178.0,87.9,13.5,259.0,6.7,1.45
133438,0.0,32,1.73,98.7,166.0,86.3,12.9,231.0,6.2,2.43
133439,0.0,43,5.0,115.2,213.0,86.8,13.5,216.0,7.6,8.57
133440,0.0,43,4.46,84.0,188.0,93.9,12.6,239.0,4.4,0.93
133441,0.0,49,3.45,75.9,223.0,99.0,13.1,145.0,4.3,1.56
133442,0.0,14,0.89,74.4,155.0,80.8,14.0,142.0,6.9,0.45
133444,0.0,17,1.87,66.8,116.0,83.3,14.2,192.0,5.6,0.67
133445,1.0,58,2.03,92.7,178.0,87.9,13.5,259.0,6.7,1.45
133446,0.0,31,2.5,92.7,178.0,87.9,13.5,259.0,6.7,1.45
133447,0.0,80,1.85,92.7,178.0,87.9,13.5,259.0,6.7,1.45
133448,0.0,56,5.0,91.9,195.0,88.5,13.2,190.0,7.6,0.47
133449,0.0,7,2.5,57.5,130.0,81.9,13.0,413.0,6.5,0.57
133450,0.0,73,4.64,92.7,178.0,87.9,13.5,259.0,6.7,1.45
133451,0.0,48,4.04,101.5,319.0,86.3,13.2,307.0,10.4,1.99
133452,0.0,8,4.18,62.5,193.0,78.1,13.6,474.0,6.6,0.92
133453,0.0,43,4.9,109.5,238.0,87.4,13.9,275.0,7.1,1.45
133454,0.0,37,0.89,109.5,155.0,81.6,13.9,233.0,5.0,5.97
133455,0.0,23,5.0,92.7,178.0,87.9,13.5,259.0,6.7,1.45
133456,0.0,4,0.92,49.1,178.0,87.9,13.5,259.0,6.7,1.45
133457,0.0,39,0.76,97.6,155.0,81.8,14.7,327.0,9.9,7.93
133458,0.0,4,2.5,53.8,178.0,87.9,13.5,259.0,6.7,1.45
133459,0.0,77,0.0,106.9,145.0,92.6,13.4,298.0,8.0,1.81
133460,0.0,5,5.0,51.6,178.0,87.9,13.5,259.0,6.7,1.45
133461,0.0,67,4.31,82.5,271.0,95.8,13.3,336.0,7.1,1.19
133462,0.0,48,5.0,92.7,178.0,87.9,13.5,259.0,6.7,1.45
133463,0.0,17,1.91,84.5,178.0,87.9,13.5,259.0,6.7,1.45
133464,0.0,13,2.88,110.2,178.0,83.2,13.6,276.0,8.6,1.45
133465,0.0,68,2.03,93.7,182.0,96.4,13.3,217.0,3.6,1.34
133466,0.0,2,5.0,47.6,178.0,87.9,13.5,259.0,6.7,1.45
133467,0.0,80,4.64,92.7,178.0,87.9,13.5,259.0,6.7,1.45
133468,0.0,65,1.34,92.7,178.0,87.9,13.5,259.0,6.7,1.45
133469,0.0,13,1.67,92.7,178.0,87.9,13.5,259.0,6.7,1.45
133470,0.0,35,3.34,105.2,161.0,86.6,13.6,288.0,7.2,1.78
133471,0.0,9,0.8,74.9,113.0,84.4,13.1,275.0,6.8,2.43
133472,0.0,80,5.0,79.2,194.0,95.1,13.1,254.0,6.8,0.74
133473,0.0,10,0.7,56.0,178.0,87.9,13.5,259.0,6.7,1.45
133474,0.0,65,3.77,125.8,179.0,73.5,18.2,270.0,7.1,4.9
133475,0.0,23,0.08,92.7,178.0,87.9,13.5,259.0,6.7,1.45
133476,0.0,55,2.15,94.6,164.0,90.4,12.8,337.0,8.5,0.51
133477,0.0,17,4.02,95.8,147.0,87.7,13.5,211.0,5.7,4.8
133478,0.0,80,1.25,105.5,167.0,85.3,13.9,205.0,7.5,1.12
133479,0.0,50,1.83,104.4,264.0,90.2,14.1,280.0,12.8,10.06
133480,0.0,50,3.04,115.2,146.0,73.7,19.1,238.0,7.3,1.23
133481,0.0,29,2.5,96.9,200.0,87.3,13.1,349.0,6.0,2.21
133482,0.0,76,1.31,103.3,204.0,92.6,13.1,198.0,5.1,1.02
133484,0.0,74,3.55,92.7,86.0,98.9,13.2,148.0,6.0,0.67
133485,0.0,33,0.78,92.7,178.0,87.9,13.5,259.0,6.7,1.45
133486,0.0,19,2.57,84.3,193.0,84.2,13.0,265.0,8.7,1.32
133487,1.0,77,2.5,119.9,169.0,85.6,16.6,303.0,9.0,31.09
133488,0.0,1,2.5,92.7,178.0,87.9,13.5,259.0,6.7,1.45
133489,0.0,54,5.0,82.3,272.0,85.8,13.2,244.0,3.8,0.93
133490,0.0,64,2.5,93.6,178.0,86.4,14.2,216.0,5.0,5.8
133491,1.0,68,1.55,115.5,176.0,89.4,16.2,164.0,4.1,0.78
133492,0.0,45,5.0,104.3,171.0,85.2,13.7,236.0,5.7,1.94
133493,0.0,38,2.01,92.7,178.0,87.9,13.5,259.0,6.7,1.45
133494,0.0,43,5.0,86.6,204.0,86.2,13.4,240.0,8.6,1.04
133495,0.0,22,1.85,92.7,178.0,87.9,13.5,259.0,6.7,1.45
133496,0.0,25,5.0,87.3,151.0,83.4,13.4,203.0,6.2,0.55
133497,0.0,77,0.69,92.7,178.0,87.9,13.5,259.0,6.7,1.45
133498,0.0,2,0.84,92.7,178.0,87.9,13.5,259.0,6.7,1.45
133499,0.0,10,5.0,92.7,178.0,87.9,13.5,259.0,6.7,1.45
133500,0.0,24,0.03,92.7,167.0,82.6,14.0,200.0,4.2,1.02
133501,0.0,6,2.77,51.6,142.0,85.6,14.1,348.0,5.9,0.11
133502,1.0,80,2.5,92.7,178.0,87.9,13.5,259.0,6.7,1.45
133503,0.0,7,1.41,71.3,178.0,87.9,13.5,259.0,6.7,1.45
133504,0.0,45,0.43,135.9,250.0,91.4,13.7,208.0,5.3,2.97
133505,0.0,4,0.92,50.1,178.0,87.9,13.5,259.0,6.7,1.45
133506,0.0,79,5.0,97.2,170.0,95.3,12.9,232.0,5.2,1.55
133507,0.0,6,2.5,61.9,165.0,86.9,12.1,343.0,12.4,0.72
133508,0.0,50,2.5,101.1,141.0,60.2,18.7,390.0,3.5,1.95
133509,0.0,34,5.0,92.7,178.0,87.9,13.5,259.0,6.7,1.45
133510,0.0,22,0.58,70.7,178.0,87.9,13.5,259.0,6.7,1.45
133511,0.0,62,5.0,92.6,213.0,93.8,13.7,225.0,6.1,2.31
133512,0.0,49,2.5,92.7,178.0,87.9,13.5,259.0,6.7,1.45
133513,1.0,71,1.86,105.7,107.0,84.5,14.4,225.0,6.4,1.94
133514,0.0,70,2.5,92.7,178.0,87.9,13.5,259.0,6.7,1.45
133515,0.0,52,5.0,89.5,208.0,91.2,13.3,334.0,6.2,0.58
133516,0.0,11,0.17,57.0,178.0,87.9,13.5,259.0,6.7,1.45
133517,1.0,73,1.4,96.9,180.0,85.7,15.2,258.0,4.8,0.57
133518,1.0,72,3.19,92.7,178.0,87.9,13.5,259.0,6.7,1.45
133519,0.0,11,0.77,59.8,178.0,83.0,13.7,261.0,7.6,1.45
133520,0.0,30,5.0,88.4,188.0,86.6,12.2,233.0,4.7,0.93
133521,0.0,10,1.74,92.7,178.0,87.9,13.5,259.0,6.7,1.45
133522,0.0,80,1.19,92.7,177.0,92.1,14.4,184.0,4.8,0.53
133523,0.0,14,3.0,92.7,178.0,86.2,13.2,234.0,7.2,0.33
133524,0.0,39,1.87,95.1,195.0,90.1,13.1,207.0,6.4,0.67
133525,0.0,59,2.5,80.4,273.0,92.9,13.5,231.0,6.3,2.49
133526,1.0,58,0.66,91.1,194.0,91.7,13.3,297.0,7.8,5.06
133527,0.0,9,3.96,92.7,178.0,87.9,13.5,259.0,6.7,1.45
133528,0.0,12,1.17,92.7,178.0,87.9,13.5,259.0,6.7,1.45
133529,0.0,62,1.64,105.2,165.0,100.3,12.8,299.0,6.8,3.07
133530,0.0,62,0.8,91.3,247.0,95.3,14.4,169.0,11.0,9.45
133531,0.0,68,1.29,116.6,193.0,89.5,12.5,227.0,5.1,0.92
133532,0.0,63,0.53,117.4,185.0,87.6,12.9,163.0,8.9,0.88
133533,0.0,56,5.0,120.8,184.0,88.4,13.6,251.0,6.5,1.04
133534,0.0,65,0.65,92.7,178.0,87.9,13.5,259.0,6.7,1.45
133535,0.0,29,0.94,116.0,180.0,85.6,13.5,285.0,5.3,5.14
133536,1.0,68,3.87,143.6,84.0,81.6,14.4,168.0,8.0,4.24
133537,0.0,50,5.0,99.5,183.0,93.8,12.0,257.0,5.1,1.01
133538,0.0,14,1.85,105.3,130.0,83.6,13.5,318.0,7.5,2.81
133539,1.0,80,5.0,116.4,147.0,88.9,12.5,282.0,6.8,0.59
133540,0.0,12,1.05,92.7,178.0,87.9,13.5,259.0,6.7,1.45
133541,0.0,46,1.41,115.7,153.0,89.4,13.2,245.0,9.2,16.05
133542,0.0,4,0.2,72.6,178.0,87.9,13.5,259.0,6.7,1.45
133543,0.0,69,1.32,83.0,125.0,88.5,13.2,246.0,4.7,2.32
133544,0.0,18,1.29,77.5,170.0,88.4,12.7,181.0,5.2,0.4
133545,0.0,80,1.47,111.1,202.0,95.0,12.5,176.0,5.3,3.47
133546,0.0,11,0.99,63.0,167.0,82.5,13.5,289.0,7.3,0.2
133547,0.0,37,4.13,105.2,165.0,93.6,14.1,379.0,6.9,5.81
133548,0.0,75,3.55,87.5,184.0,92.8,13.9,227.0,5.6,1.16
133549,0.0,21,2.39,82.7,178.0,87.9,13.5,259.0,6.7,1.45
133550,0.0,34,1.97,138.6,187.0,86.1,13.3,360.0,9.4,10.6
133551,0.0,49,2.78,131.0,177.0,88.8,13.2,379.0,7.3,3.62
133552,0.0,18,2.5,92.7,178.0,87.9,13.5,259.0,6.7,1.45
133553,0.0,21,2.4,92.7,178.0,87.9,13.5,259.0,6.7,1.45
133554,0.0,37,4.33,92.7,183.0,88.4,12.8,205.0,7.4,0.6
133555,0.0,58,5.0,88.2,255.0,94.3,13.3,173.0,4.3,0.97
133556,0.0,79,1.38,102.9,196.0,90.4,12.7,339.0,7.5,0.74
133558,0.0,66,3.42,130.5,126.0,81.1,14.1,309.0,7.1,2.9
133559,0.0,38,1.3,113.7,246.0,85.9,13.6,284.0,7.9,2.51
133560,0.0,60,1.69,90.6,166.0,85.6,12.2,208.0,4.3,4.62
133561,0.0,2,2.27,43.0,178.0,87.9,13.5,259.0,6.7,1.45
133563,0.0,80,3.09,95.6,227.0,91.2,14.2,246.0,8.5,1.55
133564,0.0,9,4.4,72.6,178.0,87.9,13.5,259.0,6.7,1.45
133565,0.0,19,0.93,75.1,119.0,88.9,14.0,275.0,5.1,0.96
133566,0.0,67,4.46,99.1,205.0,98.0,13.0,192.0,4.4,0.56
133567,0.0,80,3.43,107.3,169.0,94.0,13.4,266.0,7.9,0.8
133568,0.0,10,4.9,75.8,178.0,72.8,14.7,250.0,6.0,1.45
133569,0.0,69,4.32,118.7,221.0,87.0,12.8,245.0,6.9,2.15
133570,0.0,29,5.0,113.8,238.0,83.0,13.3,295.0,8.5,3.65
133571,1.0,71,5.0,92.7,98.0,85.5,15.2,183.0,7.3,0.78
133572,0.0,66,3.43,92.7,178.0,87.9,13.5,259.0,6.7,1.45
133573,0.0,2,5.0,92.7,178.0,87.9,13.5,259.0,6.7,1.45
133574,0.0,7,0.48,92.7,178.0,87.9,13.5,259.0,6.7,1.45
133575,0.0,80,2.5,97.3,141.0,88.2,14.4,259.0,5.9,1.45
133576,0.0,40,5.0,91.9,210.0,89.5,12.7,181.0,4.0,0.65
133577,1.0,60,0.03,92.7,178.0,87.9,13.5,259.0,6.7,1.45
133578,0.0,16,5.0,83.5,187.0,92.3,12.9,199.0,6.6,1.24
133579,0.0,56,5.0,107.8,120.0,88.8,12.9,241.0,6.8,0.67
133580,0.0,12,2.5,71.6,153.0,83.1,13.4,246.0,3.1,0.11
133581,0.0,10,2.17,82.8,133.0,77.1,13.8,346.0,6.4,0.56
133582,0.0,75,3.16,118.5,128.0,88.2,14.3,198.0,6.7,0.91
133583,0.0,64,2.19,99.4,242.0,87.5,12.8,275.0,5.9,3.42
133584,1.0,75,1.78,106.7,197.0,92.2,14.4,271.0,7.6,3.19
133585,0.0,15,1.49,81.0,178.0,87.9,13.5,259.0,6.7,1.45
133586,0.0,17,0.35,91.0,149.0,84.4,13.8,194.0,6.1,1.36
133587,0.0,66,1.55,92.7,178.0,87.9,13.5,259.0,6.7,1.45
133588,0.0,38,5.0,92.4,138.0,88.9,13.1,200.0,4.9,1.31
133589,0.0,34,0.72,92.7,151.0,86.8,14.0,299.0,10.8,3.17
133590,0.0,62,1.77,99.7,142.0,85.7,13.3,198.0,6.0,1.03
133591,0.0,5,0.8,53.5,178.0,87.9,13.5,259.0,6.7,1.45
133592,0.0,13,5.0,63.7,152.0,85.3,13.2,267.0,5.7,0.16
133593,0.0,30,1.72,103.0,272.0,88.6,13.7,275.0,6.9,3.81
133594,0.0,38,1.4,125.4,178.0,85.4,14.0,249.0,11.2,1.45
133595,0.0,12,3.6,76.7,140.0,61.8,21.5,212.0,4.5,0.19
133596,0.0,57,5.0,114.8,124.0,95.5,12.6,257.0,7.4,1.14
133597,0.0,56,3.09,159.6,151.0,91.7,16.2,271.0,6.9,13.57
133598,0.0,62,2.21,93.0,205.0,89.2,13.4,311.0,5.0,1.85
133599,0.0,1,1.38,92.7,178.0,87.9,13.5,259.0,6.7,1.45
133600,0.0,74,2.18,75.8,178.0,93.1,14.0,221.0,4.6,1.45
133601,0.0,53,2.5,92.7,178.0,87.9,13.5,259.0,6.7,1.45
133602,0.0,69,5.0,100.7,231.0,87.8,13.2,246.0,7.3,5.6
133603,0.0,64,3.28,95.9,176.0,88.4,13.3,215.0,7.2,1.77
133604,0.0,42,0.11,92.7,178.0,87.9,13.5,259.0,6.7,1.45
133605,0.0,1,5.0,92.7,178.0,87.9,13.5,259.0,6.7,1.45
133606,0.0,10,2.11,92.7,178.0,87.9,13.5,259.0,6.7,1.45
133607,0.0,5,3.72,55.4,178.0,80.0,13.6,307.0,9.7,0.23
133608,0.0,80,0.71,92.7,178.0,87.9,13.5,259.0,6.7,1.45
133610,0.0,49,4.35,92.7,178.0,87.9,13.5,259.0,6.7,1.45
133611,0.0,17,1.14,92.7,178.0,87.9,13.5,259.0,6.7,1.45
133612,0.0,10,2.5,97.2,171.0,79.8,14.0,290.0,9.0,14.45
133613,0.0,39,2.5,129.6,216.0,86.9,13.2,252.0,7.6,3.15
133614,0.0,36,1.12,92.7,178.0,87.9,13.5,259.0,6.7,1.45
133615,0.0,54,1.8,96.0,218.0,87.1,13.1,223.0,5.7,4.9
133616,0.0,20,1.1,92.7,178.0,87.9,13.5,259.0,6.7,1.45
133617,0.0,60,1.9,76.4,189.0,94.1,13.3,254.0,9.9,0.97
133618,1.0,71,5.0,92.7,178.0,87.9,13.5,259.0,6.7,1.45
133619,0.0,12,1.37,84.9,178.0,87.9,13.5,259.0,6.7,1.45
133620,0.0,14,0.76,95.5,152.0,74.2,17.3,405.0,6.1,1.48
133621,0.0,72,2.5,93.0,153.0,95.1,13.8,216.0,4.0,0.62
133622,0.0,54,4.75,143.0,177.0,86.9,14.2,181.0,6.4,12.26
133623,0.0,16,1.54,65.1,170.0,91.2,12.1,213.0,6.5,0.11
133624,0.0,49,2.28,142.6,200.0,77.7,15.2,349.0,8.1,3.09
133625,0.0,5,1.42,92.7,178.0,87.9,13.5,259.0,6.7,1.45
133626,0.0,18,3.38,98.0,178.0,80.3,13.8,149.0,6.8,1.45
133627,0.0,57,5.0,83.3,205.0,92.0,13.1,257.0,4.2,0.41
133628,0.0,53,2.5,96.0,179.0,87.9,13.5,259.0,6.7,0.53
133629,0.0,15,2.77,84.0,178.0,87.9,13.5,259.0,6.7,1.45
133630,0.0,40,1.67,91.3,137.0,89.6,12.7,373.0,9.0,0.62
133631,0.0,62,3.43,108.5,179.0,86.1,14.1,281.0,5.2,1.66
133632,0.0,10,2.5,92.7,178.0,87.9,13.5,259.0,6.7,1.45
133633,0.0,73,2.61,91.1,178.0,92.7,13.0,240.0,5.2,1.45
133634,0.0,50,2.87,109.5,178.0,87.9,13.5,259.0,6.7,1.45
133635,0.0,44,5.0,121.0,206.0,91.2,13.3,267.0,5.1,0.91
133636,0.0,64,1.2,92.7,178.0,87.9,13.5,259.0,6.7,1.45
133637,0.0,54,5.0,91.8,132.0,87.1,13.8,217.0,4.7,5.15
133638,0.0,31,2.5,84.2,138.0,87.8,13.7,228.0,5.7,2.68
133639,0.0,80,2.5,92.7,178.0,87.9,13.5,259.0,6.7,1.45
133640,0.0,30,5.0,76.7,143.0,98.4,12.4,202.0,5.5,0.62
133641,0.0,45,2.5,80.8,219.0,95.9,12.9,295.0,6.5,0.57
133642,0.0,67,0.79,92.7,211.0,89.0,13.0,212.0,4.9,2.36
133643,0.0,70,1.52,92.7,178.0,87.9,13.5,259.0,6.7,1.45
133644,0.0,31,2.5,92.7,178.0,87.9,13.5,259.0,6.7,1.45
133645,0.0,58,0.88,92.0,186.0,90.2,13.1,248.0,8.7,0.82
133646,0.0,21,0.45,88.0,170.0,87.8,13.5,339.0,8.9,4.81
133647,0.0,61,5.0,92.7,178.0,87.9,13.5,259.0,6.7,1.45
133648,0.0,28,0.6,76.5,150.0,96.4,14.0,213.0,4.0,0.99
133649,0.0,31,2.5,92.7,178.0,87.9,13.5,259.0,6.7,1.45
133650,0.0,66,2.5,102.0,197.0,86.1,14.3,289.0,7.2,13.42
133651,0.0,6,4.14,53.0,178.0,87.9,13.5,259.0,6.7,1.45
133652,0.0,15,2.5,92.7,178.0,87.9,13.5,259.0,6.7,1.45
133654,0.0,11,1.06,60.7,178.0,87.9,13.5,259.0,6.7,1.45
133655,0.0,14,0.48,92.7,178.0,87.9,13.5,259.0,6.7,1.45
133656,0.0,3,0.23,46.4,178.0,76.1,14.1,164.0,7.7,14.04
133657,0.0,35,0.88,84.6,156.0,83.3,13.6,193.0,8.3,1.56
133658,0.0,10,1.98,63.6,172.0,91.1,13.0,298.0,6.6,0.87
133659,0.0,80,2.5,96.2,156.0,93.6,13.6,238.0,8.0,0.9
133660,0.0,6,2.5,62.7,151.0,73.5,12.2,324.0,7.2,0.55
133661,0.0,11,1.08,62.2,157.0,83.7,12.2,304.0,6.1,0.11
133662,0.0,9,2.98,62.2,139.0,82.5,13.4,254.0,8.2,0.24
133663,0.0,3,2.5,92.7,178.0,87.9,13.5,259.0,6.7,1.45
133664,0.0,67,0.78,108.3,114.0,86.8,13.9,151.0,4.0,2.41
133665,0.0,58,0.06,92.7,178.0,87.9,13.5,259.0,6.7,1.45
133666,0.0,33,5.0,100.2,178.0,87.9,13.5,259.0,6.7,1.45
133667,0.0,17,2.83,92.7,178.0,87.9,13.5,259.0,6.7,1.45
133668,0.0,4,5.0,92.7,178.0,87.9,13.5,259.0,6.7,1.45
133669,0.0,15,2.5,70.2,144.0,61.4,18.8,390.0,5.2,0.46
133670,0.0,21,3.47,82.7,178.0,87.9,13.5,259.0,6.7,1.45
133671,0.0,8,5.0,72.5,208.0,79.2,14.1,368.0,4.9,0.44
133672,0.0,18,2.5,92.7,178.0,87.9,13.5,259.0,6.7,1.45
133673,0.0,11,2.5,92.7,178.0,87.9,13.5,259.0,6.7,1.45
133674,1.0,74,1.55,92.7,178.0,87.9,13.5,259.0,6.7,1.45
133675,0.0,34,0.34,92.7,178.0,87.9,13.5,259.0,6.7,1.45
133676,0.0,60,2.31,99.6,154.0,87.8,13.6,214.0,6.5,1.78
133677,0.0,2,1.3,53.3,178.0,75.5,15.7,336.0,9.9,14.22
133678,1.0,80,2.5,92.7,178.0,87.9,13.5,259.0,6.7,1.45
133679,0.0,8,5.0,52.5,169.0,74.7,13.2,329.0,5.2,0.48
133680,0.0,28,2.5,78.5,142.0,88.5,12.9,243.0,7.2,0.66
133681,0.0,35,5.0,98.3,191.0,89.8,13.2,229.0,5.7,0.97
133683,0.0,56,0.69,77.0,221.0,90.5,13.2,336.0,5.9,0.15
133684,0.0,47,0.86,91.0,119.0,89.1,14.2,316.0,14.0,29.77
133685,0.0,16,1.46,114.0,156.0,85.6,13.1,326.0,8.2,1.85
133686,0.0,63,3.91,108.7,153.0,96.8,13.7,185.0,8.0,2.87
133687,0.0,15,0.04,61.4,178.0,87.9,13.5,259.0,6.7,1.45
133688,1.0,55,0.74,76.4,230.0,89.0,13.7,142.0,5.7,1.15
133689,0.0,55,0.77,101.4,127.0,97.2,14.5,240.0,7.2,0.74
133690,1.0,72,1.27,97.5,227.0,83.6,13.5,172.0,7.6,3.33
133691,0.0,67,3.0,92.7,178.0,87.9,13.5,259.0,6.7,1.45
133692,1.0,64,1.37,94.0,99.0,84.9,13.7,141.0,4.1,0.33
133693,0.0,59,5.0,88.5,183.0,84.6,13.5,313.0,9.5,2.29
133694,0.0,56,2.13,95.0,174.0,92.5,13.9,245.0,6.5,10.84
133695,0.0,5,0.65,46.1,178.0,87.9,13.5,259.0,6.7,1.45
133696,0.0,7,1.3,73.3,178.0,87.9,13.5,259.0,6.7,1.45
133697,0.0,12,1.13,75.9,128.0,79.9,14.1,434.0,14.5,1.57
133698,0.0,66,4.0,81.8,178.0,85.8,13.6,282.0,5.4,1.45
133699,0.0,10,3.69,92.7,178.0,87.9,13.5,259.0,6.7,1.45
133700,1.0,68,0.88,121.3,180.0,81.7,15.3,244.0,7.4,2.72
133701,0.0,4,5.0,54.3,178.0,85.3,12.5,346.0,7.5,0.38
133702,0.0,62,0.84,108.4,248.0,87.9,13.7,298.0,7.4,2.89
133703,0.0,27,2.21,74.0,128.0,89.3,14.7,170.0,5.4,0.48
133704,0.0,68,3.96,106.0,149.0,92.1,12.2,282.0,10.1,1.67
133705,1.0,73,4.34,92.7,178.0,87.9,13.5,259.0,6.7,1.45
133706,0.0,39,0.49,91.0,115.0,86.4,13.6,197.0,4.1,13.94
133707,0.0,43,3.15,99.0,190.0,91.9,14.0,234.0,9.2,2.68
133708,0.0,7,1.14,58.7,241.0,76.9,13.6,439.0,12.7,1.05
133709,0.0,12,0.46,69.5,126.0,82.0,13.5,295.0,6.8,0.35
133710,0.0,17,3.6,92.7,178.0,87.9,13.5,259.0,6.7,1.45
133711,0.0,2,1.14,92.7,178.0,87.9,13.5,259.0,6.7,1.45
133712,0.0,19,0.97,89.6,186.0,68.5,18.5,364.0,5.8,5.41
133713,0.0,80,2.65,100.8,171.0,100.1,14.3,171.0,3.8,3.5
133714,0.0,10,4.11,89.2,133.0,83.2,12.8,306.0,9.6,0.29
133715,0.0,70,5.0,128.0,166.0,89.1,14.1,175.0,6.4,9.86
133716,0.0,1,2.5,92.7,178.0,87.9,13.5,259.0,6.7,1.45
133717,0.0,23,2.5,85.6,151.0,98.0,12.9,218.0,5.9,0.7
133718,0.0,40,5.0,106.9,197.0,82.0,13.9,254.0,7.5,2.34
133719,0.0,24,1.8,92.7,178.0,87.9,13.5,259.0,6.7,1.45
133720,0.0,8,2.5,92.7,178.0,87.9,13.5,259.0,6.7,1.45
133721,0.0,6,5.0,92.7,178.0,87.9,13.5,259.0,6.7,1.45
133722,1.0,33,2.56,92.7,178.0,87.9,13.5,259.0,6.7,1.45
133723,0.0,58,5.0,106.3,184.0,85.2,14.1,296.0,7.6,3.46
133724,0.0,74,2.18,92.7,178.0,87.9,13.5,259.0,6.7,1.45
133725,0.0,60,2.92,107.7,241.0,83.1,14.1,281.0,6.9,2.49
133726,0.0,68,1.51,87.6,147.0,82.8,14.4,211.0,9.7,0.61
133727,0.0,19,5.0,84.5,136.0,87.7,12.7,215.0,4.4,0.77
133728,0.0,72,1.93,92.7,153.0,83.8,13.8,233.0,6.4,0.48
133729,0.0,16,2.5,92.7,178.0,87.9,13.5,259.0,6.7,1.45
133730,0.0,27,1.47,95.1,159.0,82.8,14.2,341.0,8.4,4.88
133731,0.0,31,0.86,100.5,138.0,91.4,13.3,274.0,5.7,0.24
133732,0.0,27,0.23,110.4,132.0,84.3,13.6,281.0,6.6,7.49
133733,1.0,56,0.72,83.6,184.0,86.4,13.0,205.0,7.1,0.35
133734,0.0,17,0.34,92.7,178.0,87.9,13.5,259.0,6.7,1.45
133737,0.0,8,2.5,92.7,178.0,87.9,13.5,259.0,6.7,1.45
133738,0.0,4,2.5,46.7,178.0,87.9,13.5,259.0,6.7,1.45
133739,0.0,19,5.0,59.6,178.0,87.9,13.5,259.0,6.7,1.45
133740,0.0,3,0.96,92.7,178.0,84.0,14.2,304.0,7.2,0.41
133741,0.0,36,1.48,133.1,159.0,88.3,14.4,386.0,11.6,12.86
133742,0.0,12,0.84,84.0,166.0,80.2,13.8,251.0,8.3,48.97
133743,1.0,60,0.27,92.7,178.0,88.2,14.0,219.0,7.9,1.45
133744,0.0,25,2.5,92.7,178.0,87.9,13.5,259.0,6.7,1.45
133745,1.0,56,1.37,92.7,178.0,87.9,13.5,259.0,6.7,1.45
133746,0.0,45,3.0,92.7,178.0,87.9,13.5,259.0,6.7,1.45
133747,0.0,24,1.61,92.7,178.0,87.9,13.5,259.0,6.7,1.45
133748,0.0,65,4.78,108.5,194.0,92.4,13.4,188.0,5.8,0.93
133750,0.0,70,1.88,92.7,178.0,87.9,13.5,259.0,6.7,1.45
133751,0.0,36,3.38,105.7,184.0,85.8,13.4,333.0,6.0,6.69
133752,0.0,42,1.37,92.7,178.0,87.9,13.5,259.0,6.7,1.45
133753,1.0,73,1.38,98.1,116.0,92.3,15.0,190.0,6.6,2.91
133754,0.0,74,0.9,92.7,178.0,87.9,13.5,259.0,6.7,1.45
133755,0.0,13,2.08,69.5,142.0,76.2,14.1,371.0,4.9,0.36
133756,1.0,80,5.0,92.7,178.0,87.9,13.5,259.0,6.7,1.45
133757,0.0,15,1.95,84.5,144.0,81.5,13.4,210.0,5.2,0.38
133758,0.0,50,1.82,92.7,178.0,87.9,13.5,259.0,6.7,1.45
133759,0.0,65,2.05,92.7,178.0,87.9,13.5,259.0,6.7,1.45
133760,0.0,22,1.03,82.7,165.0,90.7,13.1,292.0,4.9,1.17
133761,0.0,14,4.41,69.2,165.0,81.6,12.9,254.0,7.6,0.11
133762,0.0,39,5.0,84.1,226.0,87.7,12.7,227.0,6.4,0.57
133763,0.0,2,1.61,92.7,178.0,87.9,13.5,259.0,6.7,1.45
133764,0.0,48,2.5,89.0,180.0,86.2,13.7,247.0,5.2,0.33
133765,0.0,19,2.46,70.5,136.0,84.8,12.7,350.0,10.6,1.41
133766,1.0,66,0.89,112.0,261.0,86.9,15.1,322.0,9.1,10.68
133767,0.0,12,0.97,84.0,182.0,80.2,13.1,223.0,8.4,0.43
133768,0.0,14,3.84,72.5,151.0,89.0,13.7,167.0,6.8,0.21
133769,0.0,31,0.58,96.5,228.0,73.6,16.3,218.0,7.7,0.98
133770,0.0,1,0.17,92.7,178.0,87.9,13.5,259.0,6.7,1.45
133771,0.0,4,2.5,52.6,178.0,87.9,13.5,259.0,6.7,1.45
133772,0.0,24,4.32,84.0,158.0,88.6,13.1,359.0,7.7,0.31
133773,0.0,44,2.5,76.0,172.0,88.1,13.5,234.0,5.5,0.44
133774,0.0,68,5.0,99.3,223.0,90.7,12.5,241.0,7.6,1.12
133775,0.0,19,2.18,81.0,152.0,91.2,13.0,173.0,6.9,0.72
133776,0.0,19,2.5,98.1,180.0,90.6,14.1,297.0,12.2,8.2
133777,0.0,57,0.29,119.5,231.0,87.7,16.6,85.0,6.2,3.31
133778,0.0,31,0.68,105.9,216.0,88.9,13.2,281.0,7.1,4.77
133779,0.0,69,5.0,83.1,247.0,93.0,13.7,187.0,5.6,0.9
133780,0.0,70,3.08,86.3,233.0,94.2,13.1,268.0,6.4,0.22
133781,0.0,70,1.09,89.6,174.0,93.2,14.1,247.0,6.4,0.42
133782,0.0,39,3.42,86.3,245.0,94.8,12.5,271.0,5.4,1.12
133783,0.0,31,2.92,117.4,197.0,87.1,13.1,235.0,5.9,2.28
133784,0.0,74,2.5,105.2,204.0,90.6,12.7,274.0,8.2,0.58
133785,0.0,66,2.84,92.7,178.0,87.9,13.5,259.0,6.7,1.45
133786,0.0,71,0.06,114.8,201.0,86.4,14.3,180.0,6.9,12.26
133787,0.0,25,2.5,76.6,201.0,86.8,13.7,232.0,2.6,0.11
133788,0.0,14,4.11,72.6,140.0,83.3,13.7,233.0,6.3,0.25
133789,0.0,2,1.37,92.7,178.0,87.9,13.5,259.0,6.7,1.45
133790,0.0,9,1.99,60.1,139.0,83.4,12.8,259.0,4.5,5.16
133791,0.0,40,2.42,111.9,168.0,84.8,12.8,230.0,5.4,1.91
133792,0.0,34,2.5,112.5,178.0,82.2,13.5,82.0,14.5,1.45
133793,0.0,39,1.06,68.9,178.0,87.9,13.5,259.0,6.7,1.45
133794,0.0,44,5.0,89.5,159.0,97.7,13.1,194.0,3.5,0.99
133795,0.0,38,5.0,92.7,178.0,87.9,13.5,259.0,6.7,1.45
133796,0.0,54,3.11,90.6,178.0,95.1,12.4,273.0,7.9,1.45
133797,0.0,62,2.5,92.7,178.0,87.9,13.5,259.0,6.7,1.45
133798,0.0,77,5.0,102.3,198.0,92.4,14.5,180.0,7.0,6.06
133799,1.0,73,2.5,129.7,185.0,85.9,14.4,232.0,7.9,5.69
133800,1.0,57,1.47,109.2,178.0,88.3,14.0,239.0,7.2,0.88
133801,0.0,74,2.5,112.3,225.0,83.6,13.6,235.0,6.8,1.94
133802,0.0,69,2.5,118.5,211.0,93.3,13.4,266.0,6.7,6.34
133803,0.0,59,3.04,92.7,178.0,87.9,13.5,259.0,6.7,1.45
133804,0.0,11,0.47,92.7,178.0,87.9,13.5,259.0,6.7,1.45
133805,0.0,15,2.5,75.5,178.0,82.8,13.5,261.0,4.7,1.48
133806,0.0,49,5.0,99.7,238.0,96.9,13.6,271.0,6.8,0.98
133807,0.0,51,1.09,92.7,178.0,87.9,13.5,259.0,6.7,1.45
133808,0.0,40,5.0,96.5,196.0,82.7,13.3,275.0,5.7,2.78
133809,0.0,9,2.68,71.4,178.0,87.9,13.5,259.0,6.7,1.45
133810,0.0,76,3.9,93.7,231.0,92.3,14.2,313.0,6.0,3.01
133811,0.0,23,1.61,118.4,178.0,86.3,12.4,258.0,5.8,0.83
133812,1.0,80,1.58,92.7,178.0,87.9,13.5,259.0,6.7,1.45
133813,0.0,73,4.59,92.7,203.0,94.1,15.4,212.0,11.8,6.79
133814,0.0,6,3.87,92.7,178.0,87.9,13.5,259.0,6.7,1.45
133815,0.0,12,2.5,92.7,178.0,87.9,13.5,259.0,6.7,1.45
133817,0.0,12,2.5,77.8,128.0,85.4,13.7,413.0,6.6,0.27
133818,0.0,29,5.0,92.7,178.0,87.9,13.5,259.0,6.7,1.45
133819,0.0,8,1.41,61.2,178.0,83.2,13.2,185.0,5.6,2.23
133820,0.0,3,5.0,92.7,178.0,87.9,13.5,259.0,6.7,1.45
133821,0.0,60,2.5,111.9,238.0,98.9,13.5,230.0,7.4,1.92
133822,0.0,80,2.5,106.7,235.0,78.1,17.5,363.0,9.0,11.44
133823,0.0,30,5.0,92.7,178.0,87.9,13.5,259.0,6.7,1.45
133824,0.0,8,5.0,69.6,123.0,85.3,13.0,309.0,8.2,2.7
133825,0.0,46,3.47,100.6,214.0,84.8,16.7,380.0,5.1,1.22
133826,0.0,37,2.5,95.8,195.0,96.2,12.4,345.0,8.6,3.86
133827,1.0,67,2.43,99.0,88.0,86.8,14.7,216.0,7.4,1.18
133828,0.0,6,2.61,92.7,178.0,87.9,13.5,259.0,6.7,1.45
133829,0.0,67,5.0,92.7,178.0,87.9,13.5,259.0,6.7,1.45
133830,0.0,40,2.06,92.7,178.0,87.9,13.5,259.0,6.7,1.45
133831,0.0,62,4.44,112.1,208.0,74.6,13.6,291.0,8.5,12.91
133833,0.0,1,3.96,92.7,178.0,87.9,13.5,259.0,6.7,1.45
133834,0.0,23,2.5,92.7,178.0,87.9,13.5,259.0,6.7,1.45
133835,0.0,21,1.84,119.8,161.0,85.7,12.9,365.0,6.1,1.06
133836,0.0,74,4.37,109.3,178.0,90.7,14.2,205.0,14.2,1.45
133837,0.0,15,2.39,112.5,178.0,87.9,13.5,259.0,6.7,1.45
133838,0.0,80,2.5,92.7,182.0,100.2,15.2,220.0,4.6,1.93
133839,0.0,29,5.0,97.8,210.0,84.4,13.2,185.0,6.2,0.55
133840,0.0,34,0.03,106.8,178.0,87.9,13.5,259.0,6.7,1.45
133841,0.0,66,1.31,117.5,178.0,78.4,15.9,316.0,7.6,4.73
133842,0.0,2,4.73,92.7,178.0,87.9,13.5,259.0,6.7,1.45
133843,0.0,74,3.49,85.0,186.0,89.4,13.6,341.0,8.7,3.04
133844,0.0,7,2.09,55.4,178.0,87.9,13.5,259.0,6.7,1.45
133846,0.0,54,1.4,112.8,183.0,92.8,14.2,259.0,9.7,0.87
133847,0.0,2,1.82,92.7,178.0,87.9,13.5,259.0,6.7,1.45
133848,0.0,61,5.0,92.7,178.0,87.9,13.5,259.0,6.7,1.45
133849,0.0,15,4.32,74.4,162.0,89.9,12.6,256.0,4.7,0.11
133850,0.0,13,0.01,92.7,178.0,87.9,13.5,259.0,6.7,1.45
133851,0.0,4,2.5,50.8,178.0,87.9,13.5,259.0,6.7,1.45
133852,1.0,69,2.87,130.0,178.0,97.1,12.6,302.0,12.5,7.55
133853,0.0,70,1.64,92.7,178.0,87.9,13.5,259.0,6.7,1.45
133854,0.0,16,1.37,72.3,184.0,74.8,16.9,343.0,6.5,0.49
133855,0.0,1,1.3,92.7,178.0,87.9,13.5,259.0,6.7,1.45
133856,0.0,20,1.41,77.5,131.0,91.4,12.2,233.0,4.1,1.11
133857,0.0,56,2.5,81.6,203.0,90.5,13.4,309.0,6.5,0.3
133858,0.0,49,5.0,95.0,210.0,93.3,13.2,307.0,5.9,1.08
133859,0.0,74,3.0,97.3,215.0,91.7,13.9,191.0,6.6,2.62
133860,0.0,12,0.05,92.7,178.0,87.9,13.5,259.0,6.7,1.45
133861,0.0,62,5.0,112.6,178.0,89.4,13.4,247.0,6.4,3.05
133862,0.0,35,1.46,88.4,212.0,79.1,14.7,339.0,5.6,2.45
133863,0.0,29,2.5,92.7,178.0,87.9,13.5,259.0,6.7,1.45
133864,0.0,80,2.5,79.9,177.0,98.9,13.5,157.0,4.3,0.35
133865,0.0,50,2.65,135.3,207.0,90.1,12.6,272.0,6.5,2.64
133866,0.0,11,1.57,80.0,209.0,85.1,12.2,301.0,7.1,1.67
133867,0.0,4,1.54,92.7,178.0,87.9,13.5,259.0,6.7,1.45
133868,0.0,61,4.81,91.7,150.0,94.7,14.0,221.0,5.5,2.2
133869,0.0,33,2.5,92.7,178.0,87.9,13.5,259.0,6.7,1.45
133870,0.0,36,1.3,106.1,204.0,89.3,12.7,313.0,6.0,0.78
133871,0.0,50,2.5,92.7,178.0,87.9,13.5,259.0,6.7,1.45
133873,0.0,5,2.5,92.7,178.0,87.9,13.5,259.0,6.7,1.45
133874,0.0,37,0.8,81.8,189.0,88.7,13.4,241.0,6.6,1.43
133875,0.0,71,5.0,84.0,236.0,93.5,13.3,227.0,4.5,0.45
133876,0.0,7,2.31,56.0,178.0,87.9,13.5,259.0,6.7,1.45
133877,0.0,34,1.71,81.4,178.0,87.9,13.5,259.0,6.7,1.45
133878,0.0,78,3.26,113.2,140.0,96.1,13.5,263.0,9.0,1.28
133879,0.0,14,2.5,92.7,178.0,87.9,13.5,259.0,6.7,1.45
133880,0.0,3,3.38,92.7,178.0,87.9,13.5,259.0,6.7,1.45
133881,1.0,33,2.5,92.7,178.0,87.9,13.5,259.0,6.7,1.45
133882,0.0,65,1.3,115.3,174.0,84.5,14.1,158.0,7.1,11.02
133883,0.0,72,4.67,129.7,162.0,92.1,12.6,211.0,9.3,3.74
133884,0.0,46,3.26,92.7,178.0,87.9,13.5,259.0,6.7,1.45
133885,0.0,12,2.06,93.2,163.0,77.2,14.4,296.0,5.5,2.14
133886,0.0,10,3.54,63.0,146.0,85.8,12.8,278.0,5.5,0.11
133887,0.0,64,0.78,92.7,178.0,87.9,13.5,259.0,6.7,1.45
133888,0.0,14,5.0,65.0,148.0,90.4,12.7,262.0,6.1,0.37
133889,0.0,7,2.5,70.6,178.0,87.9,13.5,259.0,6.7,1.45
133890,0.0,80,3.68,92.7,178.0,87.9,13.5,259.0,6.7,1.45
133891,0.0,63,0.0,92.7,178.0,87.9,13.5,259.0,6.7,1.45
133892,0.0,10,0.56,92.7,191.0,87.2,14.1,273.0,5.1,0.53
133893,0.0,46,2.05,116.2,216.0,86.8,14.2,288.0,6.3,7.58
133894,0.0,43,2.03,104.5,244.0,90.2,13.2,318.0,8.6,4.65
133895,0.0,34,4.0,74.0,171.0,87.2,13.3,279.0,8.0,0.35
133896,0.0,10,2.7,92.7,178.0,87.9,13.5,259.0,6.7,1.45
133897,0.0,15,3.0,92.7,178.0,87.9,13.5,259.0,6.7,1.45
133899,0.0,8,4.32,53.6,178.0,87.9,13.5,259.0,6.7,1.45
133900,0.0,80,2.74,92.7,178.0,87.9,13.5,259.0,6.7,1.45
133901,0.0,7,5.0,69.6,144.0,83.1,13.5,284.0,8.0,1.1
133902,0.0,59,2.5,92.7,178.0,87.9,13.5,259.0,6.7,1.45
133903,0.0,7,4.14,54.3,178.0,87.9,13.5,259.0,6.7,1.45
133904,0.0,7,2.5,92.7,178.0,87.9,13.5,259.0,6.7,1.45
133906,1.0,53,2.65,92.7,178.0,87.9,13.5,259.0,6.7,1.45
133907,1.0,80,3.93,101.6,194.0,89.4,14.0,184.0,5.0,0.56
133908,0.0,42,3.53,92.7,178.0,87.9,13.5,259.0,6.7,1.45
133909,0.0,22,0.15,78.8,173.0,82.2,14.3,203.0,6.2,3.31
133911,0.0,19,2.5,88.4,185.0,93.1,12.8,359.0,11.3,5.03
133912,0.0,68,2.74,106.0,171.0,88.7,13.1,309.0,7.2,3.41
133913,0.0,11,5.0,84.4,184.0,86.2,12.4,335.0,8.9,1.95
133914,0.0,40,3.26,92.7,178.0,87.9,13.5,259.0,6.7,1.45
133915,0.0,45,2.69,83.5,229.0,74.5,15.9,491.0,7.5,0.52
133916,0.0,80,5.0,109.0,137.0,91.5,14.2,181.0,5.2,0.81
133917,0.0,2,2.5,50.6,178.0,87.9,13.5,259.0,6.7,1.45
133918,0.0,17,2.5,65.2,183.0,89.1,13.9,316.0,6.1,0.44
133919,0.0,44,1.99,114.0,191.0,84.4,13.2,315.0,7.4,1.28
133920,0.0,13,0.05,124.2,147.0,76.3,14.3,381.0,8.7,12.02
133921,0.0,15,3.02,79.8,199.0,84.5,14.9,194.0,5.8,0.46
133922,0.0,9,0.46,71.2,151.0,81.2,13.4,301.0,6.6,0.85
133923,0.0,23,2.16,84.5,173.0,79.8,15.5,235.0,4.8,1.23
133924,0.0,12,3.28,72.2,126.0,84.3,13.9,279.0,6.4,0.31
133925,0.0,18,2.5,92.7,161.0,88.9,13.7,287.0,7.4,1.26
133926,0.0,64,1.62,92.7,178.0,87.9,13.5,259.0,6.7,1.45
133927,0.0,13,2.5,92.7,178.0,87.9,13.5,259.0,6.7,1.45
133928,1.0,54,2.5,92.7,178.0,87.9,13.5,259.0,6.7,1.45
133929,0.0,37,5.0,92.7,178.0,87.9,13.5,259.0,6.7,1.45
133930,1.0,72,5.0,94.7,116.0,90.5,13.2,378.0,7.1,1.1
133931,0.0,12,2.42,63.4,178.0,87.9,13.5,259.0,6.7,1.45
133932,0.0,59,2.73,133.0,178.0,85.7,14.3,233.0,12.3,3.03
133933,0.0,58,1.84,108.5,270.0,86.6,13.3,244.0,6.3,5.89
133934,0.0,65,5.0,104.0,235.0,92.4,13.1,205.0,6.7,3.32
133935,0.0,45,2.5,92.7,178.0,87.9,13.5,259.0,6.7,1.45
133936,0.0,18,3.42,68.2,149.0,87.9,13.5,300.0,6.8,0.39
133937,0.0,23,0.34,89.6,216.0,89.5,14.3,301.0,7.2,4.81
133938,0.0,23,0.26,84.3,178.0,90.7,13.5,320.0,6.8,0.71
133939,0.0,3,2.15,55.0,178.0,87.9,13.5,259.0,6.7,1.45
133940,0.0,39,2.43,84.2,203.0,88.7,12.9,291.0,6.6,2.31
133941,0.0,14,5.0,71.9,106.0,79.3,13.4,205.0,5.4,0.24
133942,0.0,2,0.77,47.3,178.0,87.9,13.5,259.0,6.7,1.45
133943,0.0,41,2.2,107.0,178.0,87.4,12.9,246.0,7.7,1.37
133944,0.0,32,1.91,92.7,178.0,87.9,13.5,259.0,6.7,1.45
133945,0.0,70,2.79,108.4,145.0,91.7,14.7,323.0,8.5,5.45
133946,0.0,80,2.5,92.7,144.0,90.3,15.7,243.0,7.2,2.44
133947,0.0,13,0.62,92.7,178.0,87.9,13.5,259.0,6.7,1.45
133948,0.0,19,5.0,74.7,178.0,87.9,13.5,259.0,6.7,1.45
133949,0.0,15,1.17,105.4,146.0,87.1,14.2,323.0,9.0,2.36
133950,0.0,13,1.09,92.7,163.0,87.7,12.9,295.0,6.6,3.99
133951,0.0,48,5.0,81.3,166.0,84.4,12.7,269.0,3.9,1.06
133952,0.0,9,5.0,92.7,178.0,87.9,13.5,259.0,6.7,1.45
133953,0.0,4,5.0,54.4,178.0,81.4,14.2,354.0,9.3,0.41
133954,0.0,80,2.3,90.6,284.0,90.3,13.5,240.0,5.9,1.02
133955,0.0,52,1.58,100.1,210.0,91.0,13.3,256.0,6.4,0.92
133956,0.0,43,4.33,102.4,190.0,80.8,14.4,344.0,6.7,1.35
133957,0.0,69,4.56,94.9,211.0,90.5,13.0,211.0,6.0,0.52
133958,0.0,59,5.0,134.0,185.0,81.6,15.4,213.0,7.9,3.68
133959,1.0,63,5.0,120.7,143.0,95.4,13.8,172.0,7.5,0.23
133960,0.0,73,2.5,92.2,127.0,84.9,13.4,233.0,6.2,0.68
133962,0.0,14,5.0,92.7,178.0,87.9,13.5,259.0,6.7,1.45
133963,0.0,5,1.74,92.7,178.0,87.9,13.5,259.0,6.7,1.45
133964,0.0,9,3.96,62.5,178.0,87.9,13.5,259.0,6.7,1.45
133965,0.0,65,5.0,98.9,212.0,95.9,13.2,264.0,6.0,1.59
133966,1.0,80,1.52,103.7,168.0,89.8,14.4,196.0,5.6,1.45
133967,0.0,5,2.5,92.7,178.0,87.9,13.5,259.0,6.7,1.45
133968,0.0,7,2.5,92.7,178.0,87.9,13.5,259.0,6.7,1.45
133969,0.0,74,0.99,92.7,178.0,91.5,14.8,258.0,6.2,1.45
133970,0.0,18,1.23,76.5,149.0,90.1,13.1,253.0,6.0,0.11
133971,0.0,22,4.3,99.1,196.0,86.6,12.4,407.0,12.5,3.13
133972,0.0,50,1.14,105.9,152.0,94.1,13.9,358.0,11.5,1.14
133974,0.0,54,0.82,92.7,178.0,87.9,13.5,259.0,6.7,1.45
133975,0.0,17,0.62,72.0,174.0,89.8,13.3,253.0,5.3,0.33
133976,0.0,34,0.9,85.9,129.0,89.1,13.1,262.0,7.1,1.29
133977,0.0,76,1.1,92.7,178.0,87.9,13.5,259.0,6.7,1.45
133978,0.0,30,5.0,92.4,173.0,85.9,13.3,205.0,6.4,0.35
133979,1.0,80,0.43,92.7,178.0,87.9,13.5,259.0,6.7,1.45
133980,0.0,8,5.0,70.4,178.0,87.9,13.5,259.0,6.7,1.45
133981,0.0,15,0.87,82.2,149.0,85.9,14.2,262.0,6.8,0.15
133982,0.0,16,5.0,73.4,137.0,82.3,12.6,265.0,4.6,0.19
133983,0.0,12,5.0,92.7,178.0,87.9,13.5,259.0,6.7,1.45
133984,0.0,53,3.67,117.0,253.0,84.3,13.1,355.0,10.2,7.65
133985,0.0,9,0.86,73.5,144.0,74.7,15.0,379.0,5.7,0.64
133986,0.0,53,5.0,102.4,190.0,87.5,14.3,156.0,4.4,0.66
133987,0.0,67,5.0,92.7,178.0,87.9,13.5,259.0,6.7,1.45
133988,0.0,73,2.74,129.9,215.0,90.0,14.2,315.0,8.7,2.65
133989,0.0,1,0.81,92.7,178.0,80.2,14.3,315.0,8.8,1.45
133990,0.0,12,2.5,92.7,178.0,87.9,13.5,259.0,6.7,1.45
133991,0.0,57,0.26,92.7,178.0,87.9,13.5,259.0,6.7,1.45
133992,0.0,47,2.5,83.8,157.0,91.1,13.6,210.0,7.1,1.17
133993,0.0,4,0.91,55.3,178.0,87.9,13.5,259.0,6.7,1.45
133994,0.0,51,3.88,117.4,249.0,92.1,13.5,261.0,6.9,2.85
133995,0.0,43,4.25,89.6,178.0,90.3,12.7,262.0,8.7,0.6
133996,0.0,6,0.23,92.7,135.0,74.7,14.1,280.0,6.9,0.4
133997,0.0,13,4.27,77.7,154.0,87.2,13.1,312.0,9.1,1.28
133998,0.0,76,3.11,92.7,257.0,104.6,14.5,378.0,8.7,6.05
133999,0.0,70,3.0,93.3,193.0,93.6,13.8,272.0,7.5,1.73
134000,0.0,45,2.5,92.7,178.0,87.9,13.5,259.0,6.7,1.45
134001,0.0,2,2.5,92.7,178.0,87.9,13.5,259.0,6.7,1.45
134002,0.0,29,5.0,67.2,203.0,91.3,13.7,216.0,5.0,0.94
134003,0.0,54,0.83,89.0,179.0,82.0,15.1,301.0,5.8,9.48
134004,0.0,8,1.37,68.4,178.0,87.9,13.5,259.0,6.7,1.45
134005,0.0,14,1.51,111.7,137.0,77.9,14.8,315.0,8.6,1.02
134006,0.0,70,3.8,101.8,232.0,87.6,13.8,294.0,7.2,1.54
134007,0.0,61,0.02,98.8,246.0,87.4,13.6,216.0,5.9,2.06
134008,0.0,5,2.5,92.7,178.0,87.9,13.5,259.0,6.7,1.45
134009,0.0,35,2.57,92.7,178.0,87.9,13.5,259.0,6.7,1.45
134010,0.0,71,5.0,90.9,193.0,94.4,14.1,325.0,5.0,3.91
134011,0.0,80,4.05,92.7,178.0,87.9,13.5,259.0,6.7,1.45
134012,0.0,51,4.64,79.7,180.0,97.0,12.9,159.0,5.2,0.11
134013,0.0,63,1.42,95.8,194.0,100.8,12.9,282.0,7.5,6.86
134014,0.0,14,1.97,80.8,136.0,77.9,15.2,259.0,4.7,0.39
134015,0.0,67,5.0,92.7,178.0,87.9,13.5,259.0,6.7,1.45
134016,0.0,3,1.12,92.7,178.0,87.9,13.5,259.0,6.7,1.45
134017,0.0,39,2.5,92.7,178.0,87.9,13.5,259.0,6.7,1.45
134018,0.0,55,3.43,92.7,178.0,87.9,13.5,259.0,6.7,1.45
134019,0.0,51,5.0,96.4,227.0,86.3,13.4,316.0,5.4,1.22
134020,0.0,5,2.5,92.7,178.0,87.9,13.5,259.0,6.7,1.45
134021,0.0,58,2.21,122.3,123.0,90.6,15.0,257.0,5.9,7.93
134022,0.0,24,1.99,66.0,145.0,91.5,12.2,275.0,6.2,0.11
134023,0.0,74,4.05,112.4,192.0,96.6,13.1,297.0,13.0,0.94
134024,0.0,66,5.0,86.7,215.0,93.3,12.7,211.0,6.7,0.69
134025,1.0,65,3.09,106.8,119.0,91.9,15.7,248.0,10.5,0.92
134026,0.0,6,2.5,50.8,178.0,74.0,13.6,344.0,14.5,1.45
134027,0.0,38,1.26,150.2,178.0,87.9,13.5,259.0,6.7,1.45
134028,0.0,68,5.0,109.8,178.0,87.9,13.5,259.0,6.7,1.45
134029,0.0,37,1.04,100.5,240.0,97.4,13.5,336.0,10.6,7.41
134030,1.0,42,4.13,92.7,178.0,87.9,13.5,259.0,6.7,1.45
134031,0.0,9,2.5,92.7,178.0,87.9,13.5,259.0,6.7,1.45
134032,0.0,61,1.62,92.7,178.0,87.9,13.5,259.0,6.7,1.45
134033,0.0,18,5.0,88.5,182.0,88.4,14.3,209.0,6.5,0.53
134034,0.0,2,1.86,92.7,178.0,74.9,15.2,387.0,6.1,1.45
134035,0.0,8,3.33,94.1,204.0,81.5,13.3,253.0,5.5,3.24
134036,1.0,59,3.27,92.7,178.0,87.9,13.5,259.0,6.7,1.45
134037,0.0,55,2.03,105.1,177.0,81.7,13.6,204.0,5.8,1.0
134038,0.0,13,1.95,73.2,138.0,82.1,13.2,355.0,6.4,0.24
134039,0.0,63,5.0,85.8,237.0,85.5,13.0,245.0,5.1,1.03
134040,0.0,49,5.0,99.8,213.0,89.8,13.2,274.0,5.8,0.76
134041,0.0,9,2.5,72.7,178.0,87.9,13.5,259.0,6.7,1.45
134042,0.0,80,1.64,137.1,141.0,98.8,13.0,162.0,6.7,3.45
134043,0.0,14,4.62,120.8,239.0,86.3,14.1,213.0,6.6,0.78
134044,1.0,62,2.34,105.3,106.0,86.7,14.5,242.0,7.2,0.35
134045,1.0,80,0.98,90.7,200.0,91.0,15.8,152.0,6.1,0.8
134046,1.0,75,5.0,124.2,156.0,89.5,14.7,303.0,9.2,10.73
134047,0.0,30,5.0,81.7,157.0,95.6,12.9,195.0,4.4,0.4
134048,0.0,18,5.0,107.2,175.0,85.6,12.8,299.0,9.4,1.21
134049,0.0,65,5.0,88.6,181.0,95.2,12.1,190.0,6.1,0.64
134050,0.0,49,3.6,149.0,196.0,85.6,17.4,509.0,9.5,6.09
134051,0.0,41,5.0,105.2,172.0,88.1,13.4,292.0,6.9,3.58
134052,0.0,77,5.0,92.7,148.0,89.2,12.8,288.0,5.5,0.37
134053,0.0,18,5.0,77.5,137.0,88.4,12.7,277.0,4.8,0.55
134054,0.0,60,2.5,84.4,160.0,80.8,13.7,222.0,7.7,1.12
134055,1.0,55,0.1,108.5,159.0,85.7,14.6,281.0,13.1,3.64
134056,0.0,67,3.91,82.1,116.0,98.1,14.3,323.0,7.7,45.99
134057,0.0,62,2.73,119.0,180.0,88.1,15.0,375.0,9.5,9.66
134058,0.0,11,0.58,73.1,178.0,86.4,12.7,467.0,11.1,2.4
134059,0.0,11,1.85,77.1,148.0,78.1,14.1,357.0,6.4,0.24
134060,0.0,17,3.04,92.7,178.0,87.9,13.5,259.0,6.7,1.45
134061,0.0,13,2.5,92.7,178.0,87.9,13.5,259.0,6.7,1.45
134062,0.0,76,4.8,120.0,148.0,88.9,15.0,210.0,7.1,2.48
134063,0.0,38,3.02,92.7,178.0,87.9,13.5,259.0,6.7,1.45
134064,0.0,78,2.58,109.0,176.0,92.5,13.8,217.0,8.5,4.2
134065,0.0,16,2.5,68.4,178.0,87.9,13.5,259.0,6.7,1.45
134066,0.0,53,2.5,102.2,153.0,58.4,16.9,224.0,4.4,5.27
134067,0.0,6,1.21,92.7,178.0,87.9,13.5,259.0,6.7,1.45
134068,0.0,71,4.06,125.0,116.0,94.4,14.2,82.0,4.4,1.94
134069,0.0,54,5.0,92.7,178.0,87.9,13.5,259.0,6.7,1.45
134070,0.0,8,2.5,62.2,178.0,87.9,13.5,259.0,6.7,1.45
134071,0.0,15,0.27,78.4,252.0,81.8,13.8,307.0,5.7,4.53
134072,0.0,18,2.5,67.1,142.0,88.6,13.4,233.0,10.1,0.48
134073,0.0,63,1.39,96.1,148.0,85.8,13.8,150.0,4.8,0.99
134074,0.0,70,5.0,92.7,178.0,87.9,13.5,259.0,6.7,1.45
134075,0.0,35,1.85,121.6,181.0,87.9,13.0,381.0,4.9,7.66
134076,0.0,10,0.86,92.7,178.0,87.9,13.5,259.0,6.7,1.45
134077,0.0,40,1.51,134.8,176.0,85.4,13.9,297.0,11.8,8.63
134078,0.0,7,3.0,55.5,161.0,84.6,12.7,354.0,5.4,0.38
134079,1.0,75,3.8,112.3,168.0,100.0,14.0,93.0,3.9,1.81
134080,0.0,43,1.62,92.7,108.0,78.2,18.6,635.0,11.9,30.34
134081,0.0,73,5.0,84.6,185.0,94.9,15.6,205.0,5.2,0.61
134082,0.0,48,2.5,90.5,177.0,91.3,13.2,149.0,6.8,1.57
134083,0.0,71,2.5,81.6,234.0,92.9,13.2,251.0,6.3,0.3
134084,0.0,77,2.32,111.8,155.0,88.3,13.9,204.0,6.0,3.26
134085,0.0,80,1.16,92.7,178.0,87.9,13.5,259.0,6.7,1.45
134086,0.0,3,0.27,52.7,178.0,87.9,13.5,259.0,6.7,1.45
134088,0.0,55,2.5,105.8,181.0,87.8,13.8,231.0,7.4,1.31
134089,0.0,14,1.02,83.5,190.0,89.0,14.0,328.0,6.3,0.52
134090,0.0,70,4.78,100.0,231.0,87.8,14.3,277.0,6.3,8.44
134091,0.0,37,2.17,114.5,147.0,87.5,14.1,169.0,6.5,5.59
134092,0.0,78,2.5,91.0,261.0,89.1,13.9,268.0,7.0,2.63
134093,0.0,57,4.67,92.0,277.0,87.0,13.0,298.0,3.4,1.43
134094,0.0,14,2.5,92.7,178.0,87.9,13.5,259.0,6.7,1.45
134095,0.0,59,5.0,112.4,258.0,86.4,14.5,332.0,6.2,3.55
134096,0.0,59,1.69,74.9,150.0,86.2,13.1,252.0,7.3,0.51
134097,0.0,2,1.44,49.0,178.0,87.9,13.5,259.0,6.7,1.45
134098,0.0,57,2.5,104.8,161.0,90.6,13.1,186.0,5.5,0.83
134099,0.0,28,3.02,81.1,131.0,86.0,14.0,201.0,6.7,0.54
134100,0.0,73,1.67,100.2,192.0,93.3,12.4,194.0,8.6,9.34
134101,0.0,15,3.67,102.0,137.0,81.6,15.5,181.0,7.0,1.94
134102,0.0,32,5.0,92.7,178.0,87.9,13.5,259.0,6.7,1.45
134103,1.0,80,2.58,92.7,178.0,87.9,13.5,259.0,6.7,1.45
134104,0.0,3,5.0,92.7,178.0,87.9,13.5,259.0,6.7,1.45
134105,0.0,15,1.01,81.5,100.0,85.8,14.6,286.0,6.4,3.65
134106,0.0,67,5.0,94.7,190.0,82.2,14.8,170.0,8.1,4.98
134107,0.0,72,2.5,92.7,178.0,87.9,13.5,259.0,6.7,1.45
134108,0.0,6,2.5,92.7,178.0,87.9,13.5,259.0,6.7,1.45
134109,0.0,37,4.02,90.9,229.0,84.1,13.2,293.0,6.9,2.29
134110,0.0,80,1.72,100.1,122.0,94.1,14.7,289.0,6.7,3.43
134111,0.0,14,1.76,69.0,121.0,84.5,12.8,269.0,12.4,0.69
134112,0.0,80,0.71,90.2,128.0,91.2,12.9,196.0,4.1,0.2
134113,0.0,80,4.06,116.8,204.0,88.8,14.0,195.0,5.4,0.42
134114,0.0,70,3.44,87.0,230.0,89.5,14.0,269.0,5.6,0.69
134115,0.0,29,3.04,132.6,174.0,82.7,15.0,379.0,10.1,12.24
134116,0.0,14,1.32,92.7,178.0,87.9,13.5,259.0,6.7,1.45
134117,0.0,46,3.0,92.7,178.0,87.9,13.5,259.0,6.7,1.45
134118,0.0,42,1.26,92.7,178.0,87.9,13.5,259.0,6.7,1.45
134119,0.0,45,1.34,132.0,241.0,82.2,15.2,272.0,5.4,2.91
134120,0.0,80,1.6,92.7,178.0,87.9,13.5,259.0,6.7,1.45
134121,1.0,65,2.05,92.7,178.0,87.9,13.5,259.0,6.7,1.45
134122,0.0,11,0.58,60.5,178.0,87.9,13.5,259.0,6.7,1.45
134123,0.0,74,1.03,92.7,178.0,87.9,13.5,259.0,6.7,1.45
134124,0.0,25,2.54,92.7,178.0,87.9,13.5,259.0,6.7,1.45
134125,0.0,13,2.5,110.2,138.0,85.6,14.0,334.0,10.3,4.43
134126,0.0,78,3.55,92.7,178.0,87.9,13.5,259.0,6.7,1.45
134127,0.0,4,1.49,92.7,178.0,87.9,13.5,259.0,6.7,1.45
134128,0.0,6,2.5,75.5,178.0,87.9,13.5,259.0,6.7,1.45
134129,0.0,80,3.14,88.9,105.0,85.5,15.5,131.0,4.0,13.6
134130,0.0,61,0.55,92.7,178.0,87.9,13.5,259.0,6.7,1.45
134131,0.0,9,0.1,92.7,178.0,87.9,13.5,259.0,6.7,1.45
134132,0.0,11,3.33,69.5,191.0,85.4,14.1,386.0,9.6,0.11
134133,0.0,75,2.62,92.7,178.0,87.9,13.5,259.0,6.7,1.45
134134,0.0,69,2.33,100.8,115.0,96.1,13.1,172.0,7.7,0.42
134135,0.0,54,1.23,92.7,185.0,98.1,13.6,246.0,6.3,2.24
134136,0.0,80,2.5,92.7,178.0,87.9,13.5,259.0,6.7,1.45
134137,0.0,30,2.5,128.7,178.0,83.3,14.1,165.0,7.7,0.91
134138,0.0,73,2.5,92.7,178.0,87.9,13.5,259.0,6.7,1.45
134139,0.0,6,4.33,92.7,178.0,87.9,13.5,259.0,6.7,1.45
134140,0.0,11,1.78,92.7,178.0,87.9,13.5,259.0,6.7,1.45
134141,0.0,70,4.01,83.8,174.0,94.5,11.9,379.0,7.5,1.22
134142,0.0,20,1.65,80.0,149.0,80.2,13.2,185.0,5.2,2.25
134143,0.0,7,2.5,92.7,178.0,87.9,13.5,259.0,6.7,1.45
134144,0.0,70,4.64,92.7,145.0,91.7,14.5,224.0,7.6,0.38
134145,0.0,51,1.18,132.9,228.0,98.5,14.8,237.0,7.4,24.98
134146,0.0,71,5.0,108.1,147.0,89.3,13.4,221.0,7.3,4.94
134147,0.0,68,5.0,102.7,203.0,86.3,12.6,180.0,5.7,0.61
134148,1.0,80,1.64,69.9,194.0,79.9,14.3,202.0,3.2,0.79
134149,0.0,19,5.0,105.2,247.0,84.2,13.2,437.0,7.9,14.13
134150,0.0,37,4.93,92.7,178.0,87.9,13.5,259.0,6.7,1.45
134151,0.0,70,4.37,106.2,147.0,81.3,15.6,327.0,8.5,4.22
134152,0.0,52,5.0,92.7,178.0,87.9,13.5,259.0,6.7,1.45
134153,1.0,62,2.5,92.7,178.0,87.9,13.5,259.0,6.7,1.45
134154,0.0,57,1.61,90.8,132.0,84.8,13.2,262.0,6.3,2.7
134155,1.0,60,0.85,92.7,178.0,87.9,13.5,259.0,6.7,1.45
134156,0.0,62,3.42,124.6,200.0,87.4,13.6,212.0,7.0,2.63
134157,0.0,39,0.09,92.7,178.0,87.9,13.5,259.0,6.7,1.45
134158,0.0,42,3.55,92.7,178.0,87.9,13.5,259.0,6.7,1.45
134159,0.0,7,1.23,92.7,178.0,87.9,13.5,259.0,6.7,1.45
134160,0.0,8,1.69,51.3,178.0,87.9,13.5,259.0,6.7,1.45
134161,1.0,80,1.03,104.4,118.0,79.6,16.5,272.0,7.6,1.57
134162,0.0,7,0.42,92.7,178.0,87.9,13.5,259.0,6.7,1.45
134163,0.0,36,2.33,109.6,178.0,87.9,13.5,259.0,6.7,1.45
134164,0.0,33,5.0,86.8,127.0,91.3,12.9,197.0,3.9,0.21
134165,0.0,19,4.12,80.4,178.0,78.3,13.1,254.0,8.4,1.45
134166,0.0,49,5.0,95.9,224.0,84.2,13.1,369.0,5.9,0.22
134167,0.0,67,5.0,92.7,178.0,87.9,13.5,259.0,6.7,1.45
134168,0.0,36,5.0,95.8,262.0,87.1,12.5,250.0,4.4,0.58
134169,0.0,14,1.32,72.2,174.0,86.7,16.0,427.0,9.8,0.6
134170,0.0,1,1.23,92.7,178.0,87.9,13.5,259.0,6.7,1.45
134171,0.0,59,4.37,78.3,212.0,92.1,14.1,280.0,8.9,0.83
134172,0.0,50,1.14,121.4,172.0,86.7,14.2,278.0,8.0,3.99
134173,0.0,36,4.22,93.1,185.0,92.0,13.1,251.0,8.0,2.66
134174,0.0,15,3.42,91.6,216.0,87.0,12.9,287.0,5.5,0.62
134175,0.0,3,0.78,92.7,178.0,87.9,13.5,259.0,6.7,1.45
134176,0.0,25,5.0,85.0,126.0,84.0,13.2,187.0,6.8,2.07
134177,1.0,74,1.9,92.7,178.0,87.9,13.5,259.0,6.7,1.45
134178,1.0,63,0.01,95.5,178.0,85.7,12.9,157.0,6.0,2.1
134179,0.0,35,5.0,92.7,178.0,87.9,13.5,259.0,6.7,1.45
134180,0.0,2,5.0,49.5,178.0,83.6,12.7,273.0,5.7,1.45
134181,1.0,80,5.0,77.0,247.0,95.0,14.2,152.0,6.0,1.27
134182,0.0,31,1.79,128.7,181.0,84.9,12.1,270.0,5.8,4.64
134183,0.0,52,3.53,108.4,221.0,89.3,13.4,261.0,8.5,1.75
134184,0.0,28,2.5,92.0,182.0,89.0,12.7,297.0,9.9,0.92
134185,0.0,57,3.69,70.6,178.0,87.9,13.5,259.0,6.7,1.45
134186,0.0,16,1.48,70.2,130.0,91.9,12.9,344.0,5.6,0.82
134187,0.0,67,5.0,87.6,147.0,88.0,13.9,234.0,4.8,1.85
134188,0.0,71,3.3,119.4,225.0,89.1,13.5,277.0,5.5,3.37
134189,0.0,53,4.21,114.3,197.0,79.5,16.4,262.0,6.6,29.25
134190,0.0,36,2.5,122.3,178.0,83.7,13.9,378.0,11.4,1.45
134191,0.0,17,2.73,90.1,118.0,87.5,12.7,255.0,5.3,0.92
134192,0.0,58,5.0,92.7,178.0,87.9,13.5,259.0,6.7,1.45
134193,0.0,72,5.0,123.1,190.0,96.2,13.3,205.0,5.4,0.98
134194,0.0,18,0.0,92.7,126.0,88.6,12.9,301.0,8.2,0.22
134195,0.0,9,2.5,92.7,178.0,87.9,13.5,259.0,6.7,1.45
134196,0.0,50,3.52,92.7,178.0,87.9,13.5,259.0,6.7,1.45
134197,0.0,25,2.92,80.9,178.0,88.2,12.6,281.0,6.1,0.27
134198,0.0,46,5.0,109.2,202.0,85.3,12.9,263.0,7.5,6.11
134199,0.0,3,2.68,59.8,178.0,82.5,13.1,255.0,10.5,1.45
134200,0.0,23,4.34,92.7,178.0,87.9,13.5,259.0,6.7,1.45
134201,0.0,32,2.77,89.8,208.0,89.5,12.3,355.0,7.0,0.63
134202,0.0,18,1.39,92.7,178.0,87.9,13.5,259.0,6.7,1.45
134203,0.0,41,5.0,108.6,311.0,87.4,13.4,284.0,6.7,2.6
134204,0.0,80,3.6,100.8,224.0,96.3,14.2,221.0,6.9,2.86
134205,0.0,8,2.5,92.7,178.0,87.9,13.5,259.0,6.7,1.45
134206,0.0,42,1.24,91.9,163.0,93.8,12.9,165.0,7.3,1.32
134208,0.0,41,1.71,113.1,259.0,83.6,12.9,357.0,7.6,32.31
134209,0.0,58,2.5,89.6,251.0,91.2,13.9,240.0,5.3,0.36
134210,0.0,55,2.58,106.7,153.0,87.3,14.0,270.0,5.5,7.41
134211,0.0,62,5.0,123.6,107.0,87.8,13.1,275.0,8.2,11.03
134212,0.0,68,2.5,96.0,174.0,100.2,13.7,168.0,9.7,0.77
134213,0.0,13,4.93,92.7,178.0,87.9,13.5,259.0,6.7,1.45
134214,0.0,7,2.5,63.7,178.0,87.9,13.5,259.0,6.7,1.45
134215,0.0,27,1.37,84.0,200.0,90.9,12.7,272.0,7.3,1.5
134216,0.0,46,1.37,92.7,178.0,87.9,13.5,259.0,6.7,1.45
134217,0.0,38,2.58,96.4,163.0,77.4,14.8,229.0,7.6,4.44
134218,0.0,14,2.5,98.5,153.0,91.6,12.6,314.0,4.0,0.9
134219,0.0,48,2.5,92.7,178.0,87.9,13.5,259.0,6.7,1.45
134220,0.0,9,2.5,92.7,178.0,87.9,13.5,259.0,6.7,1.45
134221,1.0,71,1.77,127.7,157.0,95.8,14.0,236.0,6.9,2.14
134222,0.0,44,5.0,105.9,242.0,83.7,12.9,340.0,5.2,1.75
134223,0.0,15,1.37,102.0,197.0,81.3,13.0,214.0,4.3,2.05
134224,0.0,8,2.22,60.8,178.0,87.9,13.5,259.0,6.7,1.45
134225,0.0,14,0.73,80.5,148.0,85.1,13.9,330.0,9.4,1.0
134226,0.0,19,3.13,113.6,178.0,87.9,13.5,259.0,6.7,1.45
134227,0.0,71,5.0,102.3,107.0,88.0,14.7,296.0,6.8,2.36
134228,0.0,46,2.5,92.7,178.0,87.9,13.5,259.0,6.7,1.45
134229,0.0,6,3.4,56.0,178.0,81.7,12.3,346.0,7.6,0.15
134230,0.0,61,5.0,87.0,132.0,85.6,13.4,261.0,6.5,5.4
134231,0.0,26,5.0,107.1,196.0,85.9,13.2,266.0,5.7,7.64
134232,0.0,72,4.72,141.0,171.0,85.4,13.8,254.0,8.5,4.34
134233,0.0,12,3.36,73.9,160.0,82.1,12.8,318.0,6.4,0.11
134234,0.0,20,1.13,92.0,180.0,91.2,12.3,319.0,7.1,1.23
134235,0.0,44,3.23,93.7,204.0,91.8,13.3,271.0,5.6,1.02
134236,0.0,2,1.26,92.7,178.0,87.9,13.5,259.0,6.7,1.45
134237,0.0,68,2.5,96.5,122.0,110.1,11.9,277.0,9.1,9.46
134238,0.0,57,5.0,99.8,134.0,90.2,13.7,211.0,7.1,0.46
134239,0.0,14,1.9,92.7,178.0,87.9,13.5,259.0,6.7,1.45
134240,0.0,74,5.0,112.5,182.0,92.4,15.3,322.0,4.4,4.82
134241,1.0,73,1.72,120.7,133.0,89.5,14.1,184.0,6.3,1.99
134242,0.0,4,1.46,46.6,178.0,87.9,13.5,259.0,6.7,1.45
134243,0.0,14,3.13,85.0,125.0,76.4,16.4,228.0,5.6,2.46
134244,0.0,38,2.75,109.9,230.0,86.7,13.4,361.0,7.8,1.08
134245,1.0,73,3.65,92.7,178.0,87.9,13.5,259.0,6.7,1.45
134246,0.0,29,2.5,92.7,178.0,87.9,13.5,259.0,6.7,1.45
134247,0.0,44,3.19,96.5,179.0,85.1,14.2,121.0,7.1,4.09
134248,0.0,13,2.5,92.7,178.0,87.9,13.5,259.0,6.7,1.45
134249,0.0,44,3.22,102.2,218.0,87.6,12.7,328.0,9.6,0.86
134250,0.0,30,5.0,88.0,175.0,92.7,12.6,250.0,6.6,0.4
134251,0.0,5,2.5,52.7,178.0,82.8,14.3,239.0,5.5,0.34
134252,0.0,8,0.92,56.1,157.0,85.3,13.6,333.0,6.4,0.19
134253,0.0,48,1.57,101.0,190.0,85.9,13.4,299.0,6.6,3.93
134254,0.0,61,0.51,92.7,202.0,95.1,15.9,273.0,7.9,7.13
134255,0.0,64,3.65,96.4,254.0,88.4,14.0,281.0,8.0,0.7
134256,0.0,58,2.5,92.7,178.0,87.9,13.5,259.0,6.7,1.45
134257,0.0,54,2.5,95.4,179.0,90.9,15.2,220.0,7.3,12.22
134258,0.0,15,5.0,71.6,140.0,82.7,14.2,311.0,6.6,0.17
134259,0.0,30,0.45,113.3,178.0,87.9,13.5,259.0,6.7,1.45
134260,0.0,10,2.54,59.3,139.0,79.3,13.5,301.0,3.3,0.39
134261,0.0,33,5.0,92.7,178.0,87.9,13.5,259.0,6.7,1.45
134262,0.0,80,2.5,88.7,162.0,94.4,12.9,181.0,4.6,1.04
134263,0.0,7,2.5,92.7,178.0,87.9,13.5,259.0,6.7,1.45
134264,0.0,43,1.52,101.7,188.0,87.3,13.0,269.0,6.9,9.08
134265,0.0,63,3.99,108.0,234.0,86.4,13.7,240.0,5.4,3.17
134266,1.0,80,2.5,92.7,160.0,105.9,13.5,179.0,7.3,2.12
134267,0.0,3,3.53,92.7,178.0,87.9,13.5,259.0,6.7,1.45
134268,0.0,27,0.96,112.5,234.0,87.8,12.8,299.0,6.8,8.77
134269,0.0,13,0.63,87.5,154.0,80.4,16.1,194.0,6.1,0.69
134270,0.0,15,2.74,92.7,178.0,87.9,13.5,259.0,6.7,1.45
134271,0.0,52,1.58,124.6,207.0,90.4,15.3,266.0,6.6,7.22
134272,0.0,22,2.5,81.0,216.0,89.6,12.4,323.0,11.1,0.75
134273,0.0,72,2.23,102.0,216.0,90.6,13.9,315.0,5.7,0.54
134275,1.0,75,1.03,92.7,178.0,87.9,13.5,259.0,6.7,1.45
134276,0.0,53,0.63,90.7,178.0,87.9,13.5,259.0,6.7,1.45
134277,0.0,40,2.81,92.7,178.0,87.9,13.5,259.0,6.7,1.45
134278,0.0,43,2.73,92.7,178.0,87.9,13.5,259.0,6.7,1.45
134279,0.0,5,1.61,53.5,178.0,86.0,13.8,396.0,6.7,0.21
134280,0.0,25,3.69,74.4,87.0,84.6,13.9,226.0,5.6,0.42
134281,0.0,61,2.98,104.0,179.0,88.9,13.3,215.0,6.6,0.58
134282,0.0,60,4.1,101.1,178.0,82.2,13.8,366.0,4.9,1.45
134283,0.0,62,1.9,107.2,165.0,95.1,12.8,277.0,6.0,3.4
134284,0.0,16,0.65,96.0,163.0,86.4,13.1,274.0,9.2,4.11
134285,0.0,3,2.25,92.7,178.0,87.9,13.5,259.0,6.7,1.45
134286,0.0,72,2.5,92.7,178.0,87.9,13.5,259.0,6.7,1.45
134287,1.0,80,2.5,92.7,178.0,87.9,13.5,259.0,6.7,1.45
134288,0.0,64,5.0,83.1,229.0,90.5,13.8,203.0,6.4,0.49
134289,0.0,17,0.35,92.7,178.0,87.9,13.5,259.0,6.7,1.45
134291,0.0,12,2.08,92.7,178.0,87.9,13.5,259.0,6.7,1.45
134292,0.0,61,3.55,91.3,256.0,91.3,13.2,421.0,5.2,0.7
134293,0.0,41,3.38,92.7,178.0,87.9,13.5,259.0,6.7,1.45
134294,0.0,72,5.0,92.7,178.0,87.9,13.5,259.0,6.7,1.45
134295,0.0,11,3.0,111.9,150.0,82.8,13.2,365.0,10.2,0.68
134296,0.0,69,0.57,114.7,165.0,102.0,16.7,107.0,4.9,1.99
134297,0.0,31,2.26,85.5,177.0,90.1,12.2,249.0,6.1,0.28
134298,0.0,31,5.0,89.8,188.0,90.1,13.6,270.0,4.5,1.65
134299,0.0,32,0.62,92.7,178.0,87.9,13.5,259.0,6.7,1.45
134300,0.0,4,1.77,55.1,178.0,87.9,13.5,259.0,6.7,1.45
134301,0.0,37,5.0,89.9,161.0,92.4,14.5,218.0,9.1,2.87
134302,0.0,70,2.5,98.9,152.0,87.3,15.2,202.0,5.1,0.36
134303,0.0,61,1.41,120.5,136.0,84.4,15.3,274.0,7.6,9.9
134304,0.0,42,4.68,109.4,180.0,84.9,13.5,191.0,6.4,0.87
134305,0.0,11,2.69,92.7,178.0,87.9,13.5,259.0,6.7,1.45
134306,0.0,19,0.01,78.8,154.0,89.2,13.2,363.0,7.1,0.6
134307,0.0,19,3.24,100.4,175.0,84.8,13.3,260.0,8.2,1.61
134308,0.0,37,2.26,92.7,178.0,87.9,13.5,259.0,6.7,1.45
134309,0.0,55,2.95,79.6,284.0,74.1,15.8,207.0,6.1,0.45
134310,0.0,63,5.0,94.0,190.0,79.1,18.7,198.0,7.4,2.49
134311,0.0,74,2.4,109.3,200.0,92.0,13.1,259.0,8.2,0.93
134312,0.0,61,4.37,95.6,234.0,88.1,13.1,208.0,6.1,1.46
134313,0.0,18,2.5,92.7,178.0,87.9,13.5,259.0,6.7,1.45
134314,0.0,38,1.29,99.1,313.0,88.9,12.7,344.0,9.9,4.25
134315,1.0,80,1.09,121.3,142.0,90.2,13.7,256.0,6.4,2.23
134316,0.0,60,5.0,99.0,224.0,88.9,14.0,210.0,5.7,1.81
134317,0.0,15,1.54,92.7,178.0,87.9,13.5,259.0,6.7,1.45
134318,0.0,5,0.68,62.8,178.0,87.9,13.5,259.0,6.7,1.45
134319,0.0,13,0.3,73.0,136.0,83.2,13.5,198.0,6.9,0.11
134320,0.0,76,1.16,93.6,148.0,82.2,15.0,328.0,8.1,0.93
134321,0.0,6,0.83,82.1,178.0,87.9,13.5,259.0,6.7,1.45
134322,0.0,73,0.71,92.7,178.0,87.9,13.5,259.0,6.7,1.45
134323,0.0,70,3.31,94.2,136.0,90.1,14.2,251.0,7.9,6.63
134324,0.0,57,0.98,133.7,210.0,80.5,14.2,310.0,6.5,7.62
134325,0.0,7,3.7,61.4,127.0,84.3,13.5,359.0,8.5,0.88
134326,0.0,51,4.49,92.7,178.0,87.9,13.5,259.0,6.7,1.45
134327,1.0,80,2.74,95.3,178.0,87.4,13.6,135.0,6.6,0.75
134328,0.0,17,0.91,92.7,178.0,87.9,13.5,259.0,6.7,1.45
134329,0.0,62,2.5,87.3,178.0,75.2,13.5,165.0,4.0,0.75
134330,0.0,20,0.66,117.4,237.0,90.7,12.6,357.0,8.4,3.1
134331,0.0,55,5.0,105.4,260.0,86.8,12.7,222.0,6.9,2.02
134332,0.0,29,2.5,105.1,117.0,87.6,13.9,284.0,6.6,3.32
134333,0.0,12,2.5,81.9,182.0,79.0,13.7,485.0,6.3,1.02
134334,0.0,59,3.7,130.0,133.0,90.7,13.2,127.0,5.8,0.97
134335,0.0,15,2.52,92.7,178.0,87.9,13.5,259.0,6.7,1.45
134336,0.0,22,2.5,78.0,178.0,87.9,13.5,259.0,6.7,1.45
134337,1.0,69,1.72,125.4,159.0,93.9,15.0,161.0,6.3,0.72
134338,0.0,21,4.0,92.7,178.0,87.9,13.5,259.0,6.7,1.45
134339,0.0,67,2.86,100.0,178.0,87.9,13.5,259.0,6.7,1.45
134340,0.0,19,0.68,83.0,133.0,84.1,13.3,264.0,7.1,0.63
134341,0.0,59,2.5,101.4,253.0,92.7,15.7,192.0,2.8,1.14
134342,1.0,64,0.98,92.7,215.0,88.9,15.0,211.0,4.4,5.42
134343,0.0,67,5.0,79.4,271.0,90.4,13.5,234.0,5.3,0.72
134344,0.0,72,5.0,92.7,178.0,87.9,13.5,259.0,6.7,1.45
134345,0.0,59,5.0,81.7,197.0,84.9,13.4,256.0,9.3,1.15
134346,0.0,13,0.3,62.8,95.0,85.5,12.6,307.0,3.7,0.11
134347,0.0,14,1.42,86.9,116.0,84.7,13.2,383.0,11.5,1.0
134348,0.0,61,1.03,170.0,178.0,87.9,13.5,259.0,6.7,1.45
134349,0.0,10,2.5,55.0,150.0,80.3,13.2,236.0,7.5,0.11
134350,0.0,64,5.0,103.4,238.0,94.0,12.5,226.0,6.7,0.69
134351,0.0,70,5.0,92.7,178.0,87.9,13.5,259.0,6.7,1.45
134352,1.0,61,0.83,92.7,178.0,87.9,13.5,259.0,6.7,1.45
134353,0.0,46,5.0,84.0,211.0,89.5,13.2,258.0,7.1,1.03
134354,0.0,50,5.0,118.2,153.0,86.6,13.7,229.0,5.4,1.06
134355,0.0,4,2.5,92.7,178.0,87.9,13.5,259.0,6.7,1.45
134356,0.0,62,5.0,120.5,147.0,84.8,13.9,229.0,6.5,4.23
134357,0.0,15,5.0,57.0,165.0,82.5,13.2,254.0,5.6,0.2
134358,0.0,6,2.5,92.7,178.0,87.9,13.5,259.0,6.7,1.45
134359,0.0,57,2.5,82.5,180.0,90.4,13.2,238.0,4.4,3.92
134361,0.0,68,1.37,92.7,178.0,87.9,13.5,259.0,6.7,1.45
134362,0.0,37,1.09,96.0,142.0,86.0,14.4,186.0,6.7,6.81
134363,0.0,4,2.5,46.6,178.0,87.9,13.5,259.0,6.7,1.45
134364,1.0,80,2.5,92.7,178.0,87.9,13.5,259.0,6.7,1.45
134365,0.0,9,5.0,68.9,155.0,85.8,12.8,266.0,5.7,0.15
134366,0.0,49,1.62,102.1,194.0,75.1,18.9,353.0,5.5,6.44
134367,0.0,29,5.0,92.7,178.0,87.9,13.5,259.0,6.7,1.45
134368,0.0,15,4.22,92.7,178.0,87.9,13.5,259.0,6.7,1.45
134369,0.0,80,3.28,106.4,130.0,89.6,13.3,253.0,6.1,0.9
134370,0.0,3,0.98,92.7,178.0,87.9,13.5,259.0,6.7,1.45
134371,0.0,14,2.34,120.9,178.0,87.9,13.5,259.0,6.7,1.45
134372,0.0,14,5.0,81.3,178.0,87.9,13.5,259.0,6.7,1.45
134373,0.0,29,2.72,95.5,168.0,82.3,12.7,274.0,6.9,6.26
134374,0.0,4,2.5,92.7,178.0,87.9,13.5,259.0,6.7,1.45
134375,0.0,63,0.49,118.6,222.0,91.5,13.7,253.0,10.5,1.76
134376,0.0,11,5.0,92.7,178.0,87.9,13.5,259.0,6.7,1.45
134377,0.0,80,2.5,105.6,273.0,90.8,12.7,341.0,12.9,0.59
134378,1.0,66,2.62,126.7,119.0,96.8,13.3,177.0,7.4,0.74
134379,0.0,38,0.74,90.3,172.0,84.1,13.6,254.0,4.0,1.64
134380,0.0,53,2.41,92.7,106.0,89.1,14.1,205.0,5.8,1.0
134381,0.0,75,5.0,97.2,193.0,89.5,13.3,198.0,6.7,0.56
134382,0.0,61,5.0,121.7,254.0,87.7,14.2,221.0,7.9,7.62
134383,0.0,71,3.28,106.4,206.0,92.1,12.5,258.0,5.2,1.63
134384,0.0,1,2.77,92.7,178.0,87.9,13.5,259.0,6.7,1.45
134385,0.0,28,3.6,85.1,232.0,88.7,12.9,232.0,9.4,1.14
134387,0.0,52,3.02,92.7,178.0,87.9,13.5,259.0,6.7,1.45
134388,0.0,65,2.03,85.8,205.0,91.1,12.9,242.0,7.1,1.02
134389,0.0,69,4.64,96.5,224.0,88.9,13.7,270.0,7.5,1.35
134390,0.0,10,2.73,92.7,178.0,87.9,13.5,259.0,6.7,1.45
134391,0.0,10,2.28,60.0,178.0,87.9,13.5,259.0,6.7,1.45
134392,0.0,41,1.12,86.5,191.0,79.2,16.4,343.0,5.3,1.13
134393,0.0,42,1.02,120.9,178.0,87.9,13.5,259.0,6.7,1.45
134394,0.0,50,0.63,92.7,183.0,85.7,15.2,343.0,12.5,12.6
134395,0.0,1,5.0,92.7,178.0,87.9,13.5,259.0,6.7,1.45
134396,0.0,17,0.82,92.7,178.0,87.9,13.5,259.0,6.7,1.45
134397,0.0,10,4.27,92.9,156.0,82.2,13.9,281.0,8.0,2.02
134398,1.0,76,1.37,94.9,135.0,85.3,14.5,182.0,5.7,2.53
134399,0.0,57,2.5,92.7,239.0,94.4,12.7,350.0,4.4,3.19
134400,0.0,74,2.87,75.2,178.0,94.4,12.4,244.0,3.2,0.53
134401,0.0,35,5.0,93.0,172.0,85.6,12.6,206.0,8.0,0.81
134402,0.0,15,3.0,75.1,187.0,84.7,12.9,306.0,7.4,0.35
134403,0.0,68,4.82,115.8,177.0,88.4,14.4,354.0,6.9,3.88
134404,0.0,52,5.0,86.9,235.0,79.8,17.3,414.0,6.5,2.75
134405,0.0,76,5.0,92.0,157.0,98.0,13.4,306.0,6.6,0.48
134406,0.0,80,1.47,97.8,166.0,91.5,13.4,233.0,8.1,0.57
134407,0.0,52,2.72,96.4,182.0,88.1,12.6,252.0,7.1,1.94
134408,0.0,77,2.18,103.1,173.0,84.6,13.8,261.0,7.0,0.76
134409,0.0,56,5.0,100.5,205.0,91.8,13.4,374.0,5.1,0.68
134410,0.0,51,5.0,110.7,221.0,83.4,14.9,181.0,5.4,4.73
134411,0.0,74,1.69,76.7,185.0,87.2,14.3,297.0,6.2,0.85
134412,0.0,17,2.74,89.6,159.0,85.9,12.8,363.0,9.9,3.51
134413,0.0,33,5.0,187.0,182.0,85.1,12.9,275.0,9.5,1.9
134414,0.0,74,3.16,79.7,169.0,87.4,13.8,218.0,5.6,0.8
134415,0.0,9,0.48,92.7,178.0,87.9,13.5,259.0,6.7,1.45
134416,0.0,6,5.0,92.7,178.0,87.9,13.5,259.0,6.7,1.45
134417,1.0,78,2.5,117.7,160.0,99.9,13.3,293.0,7.2,1.98
134418,1.0,80,1.86,92.7,178.0,87.9,13.5,259.0,6.7,1.45
134419,1.0,67,5.0,92.7,178.0,87.9,13.5,259.0,6.7,1.45
134420,0.0,7,2.77,75.6,186.0,81.0,13.3,396.0,6.2,0.28
134421,0.0,69,1.51,105.2,123.0,85.4,14.5,281.0,9.8,0.33
134422,0.0,13,2.5,92.7,178.0,87.9,13.5,259.0,6.7,1.45
134423,0.0,39,5.0,92.7,178.0,87.9,13.5,259.0,6.7,1.45
134424,0.0,52,2.5,92.7,178.0,87.9,13.5,259.0,6.7,1.45
134425,0.0,65,5.0,96.1,261.0,92.0,12.5,267.0,5.9,2.01
134426,0.0,33,2.5,92.7,178.0,87.9,13.5,259.0,6.7,1.45
134427,0.0,50,3.42,82.2,242.0,91.2,13.1,296.0,4.4,1.82
134428,0.0,15,5.0,92.7,178.0,87.9,13.5,259.0,6.7,1.45
134429,0.0,80,2.5,109.6,124.0,88.3,14.7,185.0,8.5,0.57
134430,0.0,33,4.8,99.2,178.0,87.8,12.8,299.0,6.6,1.55
134431,0.0,58,1.59,120.5,153.0,86.1,14.4,199.0,8.3,0.8
134432,0.0,44,3.08,127.7,164.0,87.0,13.7,219.0,5.5,1.55
134433,0.0,8,2.5,76.0,138.0,78.1,14.0,346.0,7.7,2.11
134434,0.0,75,5.0,92.7,178.0,87.9,13.5,259.0,6.7,1.45
134435,0.0,58,0.88,74.0,178.0,97.4,13.1,308.0,6.6,1.45
134436,0.0,80,3.26,92.7,178.0,87.9,13.5,259.0,6.7,1.45
134437,0.0,77,5.0,92.7,178.0,87.9,13.5,259.0,6.7,1.45
134438,0.0,17,3.87,92.7,178.0,87.9,13.5,259.0,6.7,1.45
134439,0.0,58,2.5,92.7,178.0,87.9,13.5,259.0,6.7,1.45
134440,0.0,3,1.07,47.2,178.0,87.9,13.5,259.0,6.7,1.45
134441,0.0,75,4.0,86.1,215.0,96.4,13.1,184.0,4.7,0.7
134442,0.0,9,0.39,92.7,178.0,87.9,13.5,259.0,6.7,1.45
134443,1.0,65,5.0,92.4,141.0,89.7,12.9,234.0,8.9,0.15
134444,0.0,8,1.05,57.6,178.0,87.9,13.5,259.0,6.7,1.45
134445,0.0,52,2.5,92.7,178.0,87.9,13.5,259.0,6.7,1.45
134446,0.0,53,2.5,90.1,201.0,80.1,13.5,236.0,4.4,1.07
134447,0.0,70,2.59,92.7,178.0,87.9,13.5,259.0,6.7,1.45
134448,0.0,2,5.0,50.2,178.0,77.5,13.8,382.0,9.6,1.45
134449,0.0,16,0.94,109.1,178.0,87.9,13.5,259.0,6.7,1.45
134450,0.0,58,3.55,92.7,208.0,89.6,13.1,289.0,8.2,3.84
134451,0.0,15,4.22,92.7,178.0,87.9,13.5,259.0,6.7,1.45
134452,0.0,57,4.56,123.2,232.0,73.0,15.4,230.0,6.3,6.03
134453,0.0,68,3.0,80.2,202.0,95.5,13.6,160.0,5.3,0.43
134454,0.0,60,5.0,109.5,169.0,94.2,12.6,243.0,8.4,5.01
134455,0.0,13,3.47,72.5,187.0,82.1,14.2,310.0,5.8,0.19
134456,0.0,33,2.0,98.8,161.0,90.2,14.1,311.0,13.1,2.14
134457,0.0,43,1.18,92.7,214.0,87.9,12.2,314.0,6.0,0.34
134458,0.0,62,3.01,92.7,178.0,87.9,13.5,259.0,6.7,1.45
134459,0.0,72,4.16,92.7,178.0,87.9,13.5,259.0,6.7,1.45
134460,0.0,16,5.0,62.0,113.0,80.5,12.8,286.0,8.1,1.35
134461,0.0,18,1.24,65.8,178.0,87.9,13.5,259.0,6.7,1.45
134462,0.0,35,2.37,93.2,178.0,90.6,13.6,217.0,8.6,1.45
134463,0.0,14,5.0,68.8,177.0,83.5,13.9,205.0,3.8,0.17
134464,0.0,20,0.29,66.1,173.0,87.7,12.9,264.0,4.9,1.69
134465,0.0,69,5.0,92.7,178.0,87.9,13.5,259.0,6.7,1.45
134466,0.0,30,3.26,108.3,175.0,85.4,13.7,328.0,7.3,5.83
134467,0.0,65,5.0,82.6,211.0,93.5,13.2,177.0,7.1,1.04
134468,0.0,32,5.0,99.6,190.0,86.5,12.8,208.0,4.7,0.24
134469,0.0,13,2.82,92.7,129.0,87.1,13.1,232.0,3.6,0.11
134470,0.0,57,1.71,94.4,137.0,85.1,14.4,170.0,7.9,0.31
134471,0.0,39,0.93,133.9,178.0,69.9,19.9,470.0,8.2,1.45
134472,0.0,35,3.75,98.4,213.0,88.6,13.5,260.0,5.3,3.89
134473,0.0,9,0.52,57.7,178.0,87.9,13.5,259.0,6.7,1.45
134474,0.0,15,3.0,92.7,178.0,87.9,13.5,259.0,6.7,1.45
134475,0.0,64,3.47,105.0,145.0,84.9,15.0,336.0,4.8,6.2
134476,0.0,23,0.49,92.7,178.0,87.9,13.5,259.0,6.7,1.45
134477,0.0,46,5.0,118.4,178.0,83.8,14.0,280.0,6.4,1.45
134478,0.0,58,2.5,76.8,163.0,90.2,13.7,276.0,9.8,0.77
134479,0.0,55,2.5,104.9,173.0,89.0,13.9,262.0,8.3,7.21
134480,0.0,28,2.5,92.7,178.0,87.9,13.5,259.0,6.7,1.45
134481,0.0,2,2.16,47.2,178.0,87.9,13.5,259.0,6.7,1.45
134482,0.0,37,2.5,77.5,169.0,89.9,13.6,260.0,7.6,0.56
134483,0.0,7,2.5,60.0,182.0,78.3,13.3,402.0,11.0,1.82
134484,0.0,5,0.77,92.7,178.0,87.9,13.5,259.0,6.7,1.45
134485,0.0,12,0.45,77.9,178.0,87.9,13.5,259.0,6.7,1.45
134486,0.0,56,5.0,92.7,178.0,87.9,13.5,259.0,6.7,1.45
134487,0.0,23,2.5,127.4,198.0,85.8,13.9,268.0,10.1,6.95
134488,0.0,68,2.5,107.2,101.0,83.6,14.0,309.0,6.0,3.64
134489,0.0,68,2.4,96.5,156.0,93.3,13.2,295.0,6.6,0.29
134490,0.0,44,5.0,90.4,212.0,87.1,13.0,212.0,4.3,0.59
134491,0.0,38,3.69,109.7,316.0,89.5,13.2,288.0,9.8,8.42
134492,0.0,4,2.5,92.7,178.0,87.9,13.5,259.0,6.7,1.45
134493,0.0,21,0.66,102.4,155.0,81.8,13.2,249.0,5.5,3.72
134494,0.0,9,2.5,96.6,149.0,83.4,13.5,271.0,8.3,2.49
134495,0.0,38,4.66,89.4,276.0,94.3,13.6,266.0,9.2,0.89
134496,0.0,60,2.5,105.4,209.0,97.7,13.2,291.0,8.8,13.22
134497,0.0,71,5.0,109.9,156.0,85.8,14.2,245.0,7.9,9.87
134498,0.0,13,0.65,92.7,178.0,87.9,13.5,259.0,6.7,1.45
134499,0.0,9,1.54,92.7,178.0,87.9,13.5,259.0,6.7,1.45
134500,0.0,5,1.05,55.9,178.0,87.9,13.5,259.0,6.7,1.45
134501,1.0,66,3.68,97.7,168.0,100.1,13.8,347.0,9.4,6.59
134502,0.0,80,2.16,115.0,184.0,71.3,17.5,226.0,5.8,6.72
134503,0.0,40,2.5,93.2,227.0,87.8,13.3,207.0,5.1,0.2
134504,0.0,57,0.99,92.7,178.0,87.9,13.5,259.0,6.7,1.45
134505,0.0,45,1.22,92.7,270.0,92.2,12.9,224.0,10.4,5.77
134506,0.0,21,0.52,92.5,178.0,84.3,12.8,331.0,7.9,2.49
134507,0.0,46,5.0,81.3,169.0,89.7,13.1,344.0,5.7,0.6
134508,0.0,9,1.71,63.9,200.0,78.5,14.8,329.0,5.3,0.35
134509,0.0,13,2.5,92.7,178.0,87.9,13.5,259.0,6.7,1.45
134510,0.0,37,0.62,112.0,178.0,82.0,14.5,229.0,7.2,1.45
134511,0.0,34,5.0,113.7,245.0,78.1,15.6,448.0,14.0,16.41
134512,0.0,17,2.34,93.0,178.0,87.9,13.5,259.0,6.7,1.45
134513,0.0,15,0.46,81.3,150.0,90.6,13.7,276.0,6.5,0.78
134514,0.0,37,0.41,108.2,141.0,80.7,14.8,335.0,7.2,8.75
134515,0.0,55,0.1,118.5,196.0,82.4,13.9,268.0,8.2,2.79
134516,0.0,57,2.5,115.1,172.0,86.0,13.8,288.0,9.9,1.84
134517,0.0,79,2.18,118.8,176.0,93.1,13.6,301.0,8.7,1.4
134518,0.0,3,3.13,92.7,178.0,87.9,13.5,259.0,6.7,1.45
134519,0.0,58,5.0,117.7,236.0,92.1,13.5,257.0,5.8,3.83
134520,0.0,3,0.94,57.4,178.0,82.4,14.8,315.0,4.6,1.45
134521,0.0,8,2.52,92.7,178.0,87.9,13.5,259.0,6.7,1.45
134522,0.0,8,2.5,92.7,178.0,87.9,13.5,259.0,6.7,1.45
134523,0.0,67,2.5,95.2,209.0,81.0,14.1,281.0,11.3,0.61
134524,0.0,73,4.16,92.7,178.0,87.9,13.5,259.0,6.7,1.45
134525,0.0,15,2.5,86.9,178.0,87.9,13.5,259.0,6.7,1.45
134526,0.0,13,1.17,112.0,137.0,84.8,13.0,191.0,5.8,1.13
134527,0.0,49,4.05,141.3,178.0,87.9,13.5,259.0,6.7,1.45
134528,1.0,71,1.01,113.3,157.0,92.6,13.0,148.0,6.5,1.14
134529,1.0,70,1.09,122.2,202.0,82.6,18.0,726.0,10.8,2.86
134530,0.0,14,3.08,99.3,160.0,80.0,14.4,316.0,5.2,0.95
134531,0.0,42,0.87,88.3,168.0,68.1,23.6,244.0,7.2,4.44
134532,0.0,31,0.91,105.4,211.0,79.2,16.4,388.0,8.1,10.23
134533,0.0,47,0.0,82.8,170.0,92.4,13.6,255.0,7.4,1.74
134534,0.0,9,1.8,92.7,178.0,87.9,13.5,259.0,6.7,1.45
134535,0.0,12,2.88,62.5,163.0,80.3,12.7,278.0,5.7,0.37
134536,0.0,43,2.88,76.1,162.0,92.1,12.3,283.0,7.9,1.68
134537,0.0,36,2.78,112.4,169.0,89.7,13.6,196.0,6.2,5.52
134538,1.0,61,2.5,105.7,187.0,83.5,13.5,290.0,8.4,1.02
134539,0.0,39,2.5,92.7,178.0,87.9,13.5,259.0,6.7,1.45
134540,0.0,7,1.09,92.7,178.0,87.9,13.5,259.0,6.7,1.45
134541,0.0,31,1.26,138.7,208.0,80.0,12.7,297.0,10.8,1.33
134542,0.0,1,2.5,92.7,178.0,87.9,13.5,259.0,6.7,1.45
134543,0.0,33,0.55,92.7,178.0,87.9,13.5,259.0,6.7,1.45
134544,0.0,62,2.5,106.3,132.0,92.8,14.1,240.0,6.1,9.64
134545,0.0,23,3.68,113.8,237.0,83.0,13.3,252.0,8.3,1.1
134546,0.0,17,1.26,63.6,145.0,94.2,13.6,202.0,4.0,0.24
134547,0.0,13,2.5,92.7,178.0,87.9,13.5,259.0,6.7,1.45
134548,0.0,9,2.5,52.8,177.0,91.6,12.6,278.0,8.5,1.73
134549,0.0,8,2.5,92.7,178.0,87.9,13.5,259.0,6.7,1.45
134550,1.0,78,4.42,72.5,173.0,86.0,14.0,299.0,5.6,1.18
134551,0.0,37,5.0,82.6,183.0,92.0,13.9,260.0,5.7,1.33
134552,0.0,20,2.5,92.7,178.0,87.9,13.5,259.0,6.7,1.45
134553,0.0,57,5.0,92.7,178.0,87.9,13.5,259.0,6.7,1.45
134554,0.0,74,5.0,84.5,178.0,99.0,13.3,214.0,3.8,0.25
134555,0.0,18,2.5,77.5,201.0,85.7,14.8,210.0,5.5,0.32
134556,0.0,10,3.07,68.4,141.0,82.1,13.4,268.0,6.2,0.11
134557,0.0,1,1.41,92.7,178.0,80.3,13.7,319.0,8.2,0.46
134558,1.0,54,1.69,131.1,175.0,85.6,14.4,232.0,7.6,12.74
134559,0.0,71,5.0,100.6,146.0,91.0,14.4,292.0,8.2,1.52
134560,0.0,13,1.74,68.7,126.0,84.7,12.4,263.0,6.8,0.11
134561,0.0,61,1.51,92.7,178.0,87.9,13.5,259.0,6.7,1.45
134562,1.0,65,2.65,136.8,125.0,88.7,15.4,267.0,7.9,2.81
134563,0.0,60,0.74,100.9,155.0,96.3,11.8,173.0,8.5,1.1
134564,0.0,24,4.1,77.9,149.0,86.7,13.0,202.0,6.0,2.71
134565,0.0,32,1.26,92.7,193.0,61.9,18.6,719.0,13.3,4.64
134566,0.0,52,4.0,106.0,240.0,84.5,14.3,212.0,7.3,1.84
134567,0.0,53,1.24,92.7,178.0,87.9,13.5,259.0,6.7,1.45
134568,0.0,10,2.0,92.7,178.0,87.9,13.5,259.0,6.7,1.45
134569,0.0,2,4.9,48.8,178.0,79.0,12.9,346.0,7.6,1.45
134570,0.0,36,5.0,95.0,241.0,85.9,13.6,271.0,4.1,0.86
134571,0.0,29,1.37,97.5,147.0,88.1,12.9,224.0,10.0,3.88
134572,0.0,26,2.5,89.0,176.0,91.7,14.5,285.0,8.8,0.33
134573,0.0,38,2.5,92.7,178.0,87.9,13.5,259.0,6.7,1.45
134574,0.0,39,2.52,95.2,155.0,89.5,13.5,394.0,5.8,2.95
134575,0.0,12,2.5,72.2,178.0,87.9,13.5,259.0,6.7,1.45
134576,0.0,45,3.09,92.7,178.0,87.9,13.5,259.0,6.7,1.45
134577,0.0,1,2.96,92.7,178.0,87.9,13.5,259.0,6.7,1.45
134578,0.0,8,0.89,92.7,178.0,87.9,13.5,259.0,6.7,1.45
134579,0.0,25,2.24,86.5,178.0,87.9,13.5,259.0,6.7,1.45
134580,0.0,28,2.21,93.0,239.0,89.4,12.6,365.0,6.3,6.35
134581,0.0,40,1.68,117.5,225.0,81.3,13.3,198.0,7.2,1.99
134582,1.0,35,2.5,113.3,209.0,87.7,12.7,284.0,9.8,3.0
134583,0.0,77,3.55,92.7,220.0,90.8,12.8,304.0,7.0,2.27
134584,0.0,56,2.88,96.9,235.0,81.6,13.6,226.0,5.1,1.65
134585,0.0,29,5.0,74.6,185.0,91.3,13.5,220.0,7.1,0.66
134586,0.0,2,2.5,92.7,178.0,87.9,13.5,259.0,6.7,1.45
134587,0.0,60,2.38,90.2,188.0,89.5,12.3,264.0,5.2,0.54
134588,0.0,1,0.94,92.7,178.0,77.9,14.0,278.0,8.6,32.18
134589,0.0,5,1.75,53.0,178.0,78.4,13.3,340.0,10.1,0.32
134590,0.0,28,5.0,75.7,176.0,85.5,12.9,249.0,5.7,0.11
134591,0.0,20,2.92,81.7,125.0,84.5,13.4,208.0,6.9,0.4
134592,0.0,49,1.05,92.7,203.0,87.6,16.1,329.0,7.6,35.98
134593,0.0,15,5.0,73.7,146.0,89.0,12.3,209.0,7.2,0.97
134594,0.0,32,5.0,106.3,204.0,85.0,12.3,248.0,8.3,0.64
134595,0.0,18,0.74,82.6,149.0,86.6,13.0,262.0,5.7,1.18
134596,0.0,28,5.0,79.8,220.0,90.0,14.1,215.0,4.6,0.44
134597,0.0,14,2.5,92.7,178.0,87.9,13.5,259.0,6.7,1.45
134598,0.0,40,1.01,78.4,144.0,82.0,13.2,218.0,10.6,0.98
134599,1.0,69,1.31,92.7,178.0,87.9,13.5,259.0,6.7,1.45
134600,0.0,6,3.42,92.7,178.0,87.9,13.5,259.0,6.7,1.45
134601,0.0,2,2.5,92.7,178.0,87.9,13.5,259.0,6.7,1.45
134602,0.0,75,0.6,91.4,162.0,88.4,13.4,238.0,4.8,1.36
134603,0.0,75,2.75,94.7,200.0,89.6,13.4,319.0,6.3,3.09
134604,0.0,49,4.56,118.1,137.0,87.4,13.5,140.0,4.6,3.3
134605,0.0,3,3.42,92.7,178.0,87.9,13.5,259.0,6.7,1.45
134606,0.0,23,3.28,99.3,131.0,89.3,12.2,288.0,7.8,0.79
134607,0.0,59,1.52,106.7,242.0,96.3,13.6,215.0,5.1,2.49
134608,0.0,5,0.16,92.7,178.0,87.9,13.5,259.0,6.7,1.45
134609,0.0,14,2.92,72.3,183.0,87.4,13.3,264.0,6.7,0.79
134610,0.0,80,1.52,92.7,178.0,87.9,13.5,259.0,6.7,1.45
134611,0.0,28,2.5,92.7,178.0,87.9,13.5,259.0,6.7,1.45
134612,1.0,59,1.91,123.0,144.0,86.9,13.1,254.0,7.7,8.0
134613,0.0,53,2.5,87.5,179.0,90.8,13.3,217.0,3.3,2.72
134614,0.0,16,2.95,114.2,170.0,72.5,13.3,204.0,7.5,1.08
134615,0.0,74,2.5,104.8,220.0,86.0,14.3,333.0,7.6,10.69
134616,0.0,16,1.72,69.8,124.0,68.9,17.4,239.0,4.2,0.24
134617,1.0,80,3.55,78.7,212.0,93.1,13.7,280.0,6.1,1.96
134618,0.0,2,2.5,92.7,178.0,87.9,13.5,259.0,6.7,1.45
134619,0.0,6,2.5,49.2,154.0,81.3,13.6,289.0,5.9,0.11
134620,0.0,43,2.83,95.8,180.0,96.1,12.8,244.0,5.8,0.6
134621,0.0,3,2.5,46.5,178.0,87.9,13.5,259.0,6.7,1.45
134622,0.0,9,1.75,67.2,176.0,68.1,16.0,305.0,7.3,70.98
134623,0.0,60,1.27,135.8,245.0,88.2,14.0,226.0,5.5,7.35
134624,1.0,25,1.09,122.8,220.0,79.1,13.4,230.0,6.2,1.86
134625,0.0,14,2.5,98.7,164.0,90.9,12.6,244.0,7.7,0.39
134626,0.0,19,0.77,117.0,104.0,78.6,12.8,373.0,8.0,5.8
134627,0.0,58,4.82,149.2,105.0,91.1,14.4,217.0,8.7,1.26
134628,1.0,80,2.5,104.2,178.0,87.9,13.5,259.0,6.7,1.45
134629,0.0,16,1.39,69.4,202.0,85.5,13.1,254.0,6.7,1.28
134630,0.0,65,0.52,104.7,187.0,96.9,13.9,246.0,7.7,0.67
134631,0.0,50,4.15,111.9,156.0,80.6,13.7,191.0,6.5,3.75
134632,0.0,12,0.73,75.8,134.0,83.0,12.9,235.0,7.5,0.16
134633,0.0,39,1.3,115.7,184.0,85.3,15.2,266.0,13.0,8.39
134634,0.0,26,3.42,106.5,190.0,84.0,13.3,172.0,9.3,5.08
134635,0.0,36,5.0,83.2,186.0,91.5,12.4,265.0,7.1,0.59
134636,1.0,64,0.7,92.7,178.0,87.9,13.5,259.0,6.7,1.45
134637,0.0,55,2.16,104.1,208.0,86.7,14.3,204.0,6.3,2.65
134638,0.0,13,2.69,92.7,178.0,87.9,13.5,259.0,6.7,1.45
134639,0.0,11,2.5,62.6,177.0,79.4,13.6,299.0,7.9,0.78
134640,0.0,65,1.91,92.7,178.0,87.9,13.5,259.0,6.7,1.45
134641,0.0,15,0.98,106.4,171.0,80.8,15.6,245.0,5.2,9.51
134642,0.0,27,5.0,92.7,178.0,87.9,13.5,259.0,6.7,1.45
134643,0.0,9,5.0,92.7,178.0,87.9,13.5,259.0,6.7,1.45
134644,0.0,5,5.0,52.5,178.0,87.9,13.5,259.0,6.7,1.45
134645,0.0,66,2.5,97.8,304.0,86.9,13.1,273.0,6.8,1.23
134646,0.0,45,0.54,124.9,209.0,95.2,13.7,271.0,9.8,7.25
134647,0.0,9,1.26,59.5,173.0,82.7,12.7,350.0,8.8,0.36
134649,0.0,67,2.5,92.7,178.0,87.9,13.5,259.0,6.7,1.45
134650,0.0,8,3.37,92.7,178.0,87.9,13.5,259.0,6.7,1.45
134651,0.0,25,5.0,109.9,140.0,83.5,15.0,273.0,9.8,15.81
134652,0.0,64,4.42,114.2,134.0,64.3,20.0,253.0,5.6,5.25
134653,0.0,17,1.85,92.7,178.0,87.9,13.5,259.0,6.7,1.45
134654,0.0,77,2.06,92.7,178.0,87.9,13.5,259.0,6.7,1.45
134655,1.0,80,2.94,98.7,178.0,88.9,13.7,438.0,9.1,1.45
134656,0.0,28,2.5,87.0,122.0,85.0,12.9,211.0,4.3,0.4
134657,0.0,67,4.34,85.8,196.0,87.9,13.5,259.0,6.7,1.96
134658,1.0,79,5.0,87.7,134.0,93.5,13.6,287.0,8.7,1.18
134659,0.0,10,0.3,92.7,178.0,87.9,13.5,259.0,6.7,1.45
134660,0.0,51,5.0,110.4,234.0,86.1,13.7,295.0,8.3,2.01
134661,0.0,8,0.62,60.5,141.0,80.4,12.6,293.0,4.9,0.55
134662,0.0,14,1.0,92.7,178.0,87.9,13.5,259.0,6.7,1.45
134663,0.0,13,2.5,92.7,178.0,87.9,13.5,259.0,6.7,1.45
134664,0.0,17,2.5,92.7,178.0,87.9,13.5,259.0,6.7,1.45
134665,0.0,41,2.7,82.8,167.0,91.6,12.8,241.0,8.3,0.4
134666,0.0,18,0.07,101.0,127.0,90.0,13.6,245.0,8.0,2.36
134667,0.0,10,0.87,92.7,178.0,87.9,13.5,259.0,6.7,1.45
134668,0.0,36,0.85,79.0,158.0,88.5,13.3,226.0,7.5,6.08
134669,0.0,4,0.77,54.7,178.0,87.9,13.5,259.0,6.7,0.39
134670,0.0,5,0.91,53.3,178.0,87.9,13.5,259.0,6.7,1.45
134671,0.0,36,3.19,93.0,164.0,89.5,12.6,276.0,5.8,6.13
134672,0.0,51,5.0,81.0,225.0,91.6,13.0,287.0,3.9,0.37
134673,1.0,76,3.28,92.7,178.0,87.9,13.5,259.0,6.7,1.45
134674,0.0,11,2.31,90.0,178.0,87.9,13.5,259.0,6.7,1.45
134675,0.0,19,1.47,80.3,144.0,86.2,13.2,228.0,5.4,3.16
134676,0.0,26,1.75,149.3,168.0,81.9,14.8,388.0,9.9,11.26
134677,0.0,64,4.86,101.4,173.0,87.2,15.7,216.0,5.3,0.69
134678,0.0,3,4.1,50.9,178.0,80.8,14.2,368.0,6.4,0.21
134679,0.0,8,4.88,94.0,179.0,74.1,17.5,397.0,7.5,11.04
134680,0.0,14,0.77,101.0,178.0,83.6,12.9,356.0,11.4,1.45
134681,0.0,10,2.88,78.1,132.0,76.4,13.4,356.0,9.1,0.23
134682,0.0,5,0.23,50.8,178.0,76.5,13.4,352.0,4.5,0.15
134683,0.0,45,4.33,93.2,207.0,94.4,13.0,286.0,7.4,2.45
134684,0.0,14,5.0,67.5,128.0,74.6,16.2,290.0,5.6,0.31
134685,0.0,36,2.5,144.8,224.0,79.1,15.7,399.0,10.0,5.99
134686,0.0,75,2.5,92.7,178.0,87.9,13.5,259.0,6.7,1.45
134687,1.0,62,0.36,101.2,178.0,90.3,13.1,247.0,5.3,1.95
134688,0.0,13,1.0,73.7,176.0,81.4,14.0,236.0,5.0,0.45
134690,1.0,52,0.2,108.7,178.0,85.5,13.6,468.0,7.7,1.45
134691,1.0,75,5.0,100.1,140.0,86.2,12.8,197.0,6.0,1.24
134692,0.0,80,1.77,123.8,134.0,89.3,14.9,284.0,9.0,10.5
134693,0.0,8,4.22,55.3,178.0,87.9,13.5,259.0,6.7,1.45
134694,0.0,13,0.85,95.6,156.0,85.9,13.4,273.0,7.2,5.52
134695,0.0,40,0.62,92.7,176.0,85.2,13.6,219.0,6.3,0.44
134696,0.0,29,2.5,86.2,161.0,86.1,13.5,226.0,5.2,0.6
134697,0.0,29,0.88,92.7,178.0,87.9,13.5,259.0,6.7,1.45
134698,0.0,41,4.43,92.7,178.0,87.9,13.5,259.0,6.7,1.45
134699,0.0,10,0.94,98.2,178.0,87.9,13.5,259.0,6.7,1.45
134700,0.0,42,0.55,92.7,178.0,87.9,13.5,259.0,6.7,1.45
134701,0.0,8,0.02,53.3,201.0,77.2,13.8,236.0,3.5,0.68
134702,0.0,1,2.5,92.7,178.0,87.9,13.5,259.0,6.7,1.45
134703,0.0,80,2.5,114.8,148.0,92.2,15.4,252.0,5.9,0.31
134704,0.0,51,3.08,90.0,199.0,94.3,12.6,373.0,8.6,2.63
134705,0.0,5,1.13,63.1,178.0,77.9,13.7,330.0,5.8,0.18
134706,0.0,80,2.5,92.7,178.0,87.9,13.5,259.0,6.7,1.45
134707,1.0,63,1.37,147.8,156.0,85.8,17.0,276.0,8.4,1.04
134708,0.0,46,5.0,113.7,263.0,93.7,12.4,253.0,6.6,1.53
134709,0.0,6,5.0,53.1,180.0,85.1,13.1,447.0,5.0,0.56
134710,0.0,8,0.41,62.0,150.0,72.3,15.6,290.0,6.2,0.5
134711,0.0,24,0.96,125.8,149.0,89.0,12.7,277.0,4.5,0.93
134712,0.0,68,2.79,98.0,246.0,94.0,13.0,409.0,8.6,1.92
134713,0.0,19,2.68,84.5,174.0,85.2,13.3,437.0,11.2,0.59
134714,1.0,53,2.16,92.7,178.0,87.9,13.5,259.0,6.7,1.45
134715,0.0,22,1.47,74.1,178.0,89.5,13.2,300.0,5.0,1.45
134716,0.0,22,1.39,70.5,169.0,64.7,20.2,421.0,7.5,0.22
134717,0.0,38,4.05,105.7,243.0,90.3,13.4,276.0,6.6,1.3
134718,0.0,10,1.75,80.4,154.0,79.9,13.3,295.0,8.1,1.72
134719,0.0,50,2.06,92.7,178.0,87.9,13.5,259.0,6.7,1.45
134720,0.0,54,4.92,114.1,197.0,89.9,12.5,301.0,7.3,6.89
134721,0.0,47,4.82,92.3,200.0,92.7,14.3,324.0,10.4,4.89
134722,0.0,13,1.08,67.6,128.0,81.4,13.9,340.0,10.1,0.32
134723,0.0,70,2.01,105.7,171.0,93.8,14.0,300.0,7.0,5.83
134724,0.0,17,5.0,72.1,166.0,86.0,14.5,281.0,10.4,0.27
134725,0.0,76,2.79,116.3,178.0,98.4,14.0,223.0,10.1,0.92
134726,0.0,12,2.34,90.0,127.0,74.5,15.0,397.0,9.8,3.43
134727,0.0,52,0.55,106.8,159.0,83.8,12.8,166.0,5.4,0.33
134728,0.0,28,2.1,111.5,145.0,85.8,14.1,229.0,9.4,2.96
134729,0.0,68,2.5,104.2,172.0,95.9,13.1,255.0,3.9,0.47
134730,0.0,26,2.73,82.7,202.0,89.1,12.0,264.0,6.5,6.46
134731,0.0,27,4.37,96.4,178.0,87.9,13.5,259.0,6.7,1.45
134732,0.0,32,2.83,124.8,128.0,92.3,13.9,266.0,5.9,1.03
134733,0.0,19,4.13,92.7,178.0,87.9,13.5,259.0,6.7,1.45
134734,0.0,30,0.82,76.7,205.0,86.4,14.4,288.0,8.6,1.69
134735,0.0,67,2.5,92.7,178.0,87.9,13.5,259.0,6.7,1.45
134736,0.0,48,2.5,148.3,140.0,80.6,16.4,225.0,7.2,9.64
134737,0.0,23,1.91,100.8,274.0,96.8,12.3,259.0,6.2,2.03
134738,0.0,2,3.94,49.7,178.0,76.3,14.7,318.0,8.1,0.29
134739,0.0,9,0.62,92.7,178.0,87.9,13.5,259.0,6.7,1.45
134740,1.0,73,2.74,107.6,215.0,84.3,14.9,415.0,9.5,4.63
134741,0.0,16,0.08,103.2,178.0,87.9,13.5,259.0,6.7,1.45
134742,0.0,18,0.52,70.4,137.0,83.8,13.1,275.0,10.8,1.96
134743,0.0,65,5.0,96.9,180.0,90.2,14.2,202.0,4.1,1.26
134744,0.0,55,1.89,100.4,241.0,90.6,13.7,227.0,5.4,3.33
134745,0.0,42,1.1,97.4,209.0,85.3,13.7,285.0,10.4,1.92
134746,0.0,44,2.5,88.3,246.0,83.0,17.0,335.0,4.1,0.65
134747,0.0,79,2.5,92.7,178.0,87.9,13.5,259.0,6.7,1.45
134748,0.0,29,2.5,113.5,159.0,96.7,13.3,334.0,8.0,3.38
134749,0.0,60,2.13,78.6,178.0,87.9,13.5,259.0,6.7,1.45
134750,0.0,2,2.5,92.7,178.0,87.9,13.5,259.0,6.7,1.45
134751,0.0,44,5.0,95.4,208.0,84.7,13.1,242.0,9.6,0.86
134752,0.0,10,5.0,76.5,153.0,84.2,12.8,293.0,7.2,1.05
134753,0.0,17,3.04,77.0,188.0,89.0,12.9,229.0,5.3,1.37
134754,0.0,31,2.26,92.7,178.0,87.9,13.5,259.0,6.7,1.45
134756,0.0,54,1.94,86.2,212.0,88.4,14.2,238.0,6.9,3.21
134757,0.0,27,2.5,97.4,171.0,88.5,12.8,240.0,14.0,7.77
134758,0.0,30,1.96,92.7,178.0,87.9,13.5,259.0,6.7,1.45
134759,0.0,41,1.3,78.8,175.0,98.1,13.4,242.0,5.6,0.11
134760,0.0,62,3.33,99.4,197.0,95.7,12.8,227.0,9.4,1.07
134761,0.0,3,1.74,92.7,178.0,87.9,13.5,259.0,6.7,1.45
134762,0.0,16,2.1,92.7,178.0,87.9,13.5,259.0,6.7,1.45
134763,0.0,3,1.29,92.7,178.0,87.9,13.5,259.0,6.7,1.45
134764,0.0,41,2.5,92.7,178.0,87.9,13.5,259.0,6.7,1.45
134765,0.0,18,2.5,91.2,178.0,82.4,12.4,355.0,7.0,1.45
134766,0.0,10,1.85,93.8,150.0,82.0,14.0,346.0,12.4,1.16
134767,0.0,11,1.07,92.7,178.0,87.9,13.5,259.0,6.7,1.45
134768,0.0,78,2.5,92.7,178.0,87.9,13.5,259.0,6.7,1.45
134769,0.0,52,2.5,98.7,259.0,87.8,14.0,300.0,9.0,6.4
134770,0.0,13,3.08,75.5,145.0,85.1,14.7,293.0,7.0,0.64
134771,1.0,80,2.5,94.8,192.0,93.0,14.2,486.0,7.8,4.18
134772,0.0,16,2.47,72.0,134.0,85.7,13.3,225.0,5.4,0.17
134773,0.0,32,2.5,92.7,178.0,87.9,13.5,259.0,6.7,1.45
134774,0.0,12,1.48,58.5,160.0,87.9,13.1,263.0,3.3,0.16
134775,0.0,57,4.34,92.7,178.0,87.9,13.5,259.0,6.7,1.45
134776,0.0,72,4.59,93.7,160.0,86.9,14.0,292.0,5.6,1.43
134777,0.0,43,2.5,92.7,178.0,87.9,13.5,259.0,6.7,1.45
134778,0.0,14,2.19,104.5,154.0,83.0,14.2,343.0,10.3,5.57
134779,0.0,5,2.5,92.7,178.0,87.9,13.5,259.0,6.7,1.45
134780,0.0,14,0.86,92.7,178.0,78.7,14.8,256.0,5.5,2.26
134781,0.0,25,1.34,63.7,155.0,95.6,12.8,245.0,6.4,0.16
134783,0.0,4,1.85,49.6,178.0,77.4,14.2,374.0,7.3,2.82
134784,0.0,27,5.0,92.7,178.0,87.9,13.5,259.0,6.7,1.45
134785,0.0,9,1.62,92.7,178.0,87.9,13.5,259.0,6.7,1.45
134786,0.0,7,5.0,65.4,178.0,87.9,13.5,259.0,6.7,1.45
134787,0.0,5,0.82,54.6,178.0,87.9,13.5,259.0,6.7,1.45
134788,0.0,61,1.6,111.1,169.0,95.5,13.6,196.0,6.6,4.28
134789,0.0,80,0.57,92.7,178.0,87.9,13.5,259.0,6.7,1.45
134790,0.0,29,2.5,79.5,178.0,87.9,13.5,259.0,6.7,1.45
134791,0.0,36,3.91,132.3,245.0,87.2,14.2,281.0,9.9,13.84
134792,0.0,78,1.94,92.7,178.0,87.9,13.5,259.0,6.7,1.45
134793,0.0,49,5.0,86.9,174.0,90.5,12.7,274.0,5.6,0.47
134794,0.0,64,0.88,117.9,298.0,89.5,15.1,292.0,7.5,11.68
134795,0.0,1,4.5,92.7,178.0,87.9,13.5,259.0,6.7,1.45
134796,0.0,32,0.4,92.7,233.0,81.9,13.1,262.0,7.3,11.69
134797,0.0,12,0.86,92.7,178.0,87.9,13.5,259.0,6.7,1.45
134798,0.0,14,2.26,92.7,178.0,87.9,13.5,259.0,6.7,1.45
134799,0.0,12,5.0,92.7,178.0,87.9,13.5,259.0,6.7,1.45
134800,0.0,75,1.01,92.7,178.0,87.9,13.5,259.0,6.7,1.45
134801,0.0,7,0.3,55.2,182.0,83.6,13.8,457.0,6.4,0.78
134802,0.0,56,0.22,79.6,175.0,89.4,12.3,328.0,5.0,0.47
134803,0.0,7,4.31,92.7,178.0,87.9,13.5,259.0,6.7,1.45
134804,0.0,66,0.62,124.2,182.0,91.4,15.8,483.0,15.9,2.25
134805,0.0,65,5.0,108.9,186.0,86.9,13.6,294.0,6.5,9.04
134806,0.0,37,2.28,80.1,193.0,85.5,13.4,390.0,5.4,2.46
134807,0.0,30,2.5,92.7,178.0,87.9,13.5,259.0,6.7,1.45
134808,0.0,11,5.0,65.7,152.0,73.6,14.6,300.0,6.4,0.37
134809,0.0,43,2.5,92.7,178.0,87.9,13.5,259.0,6.7,1.45
134810,0.0,2,2.5,53.0,178.0,87.9,13.5,259.0,6.7,1.45
134811,0.0,73,2.5,106.5,170.0,87.0,13.7,235.0,7.7,3.26
134812,1.0,74,2.53,95.9,158.0,90.9,14.6,296.0,8.5,5.53
134813,0.0,79,4.0,89.5,197.0,90.5,15.1,236.0,9.4,1.25
134814,0.0,7,2.29,51.6,147.0,83.0,13.3,599.0,10.1,1.04
134815,0.0,9,4.31,56.2,178.0,87.9,13.5,259.0,6.7,1.45
134816,0.0,8,2.83,76.0,178.0,87.9,13.5,259.0,6.7,1.45
134817,0.0,80,2.35,109.3,178.0,94.3,14.5,156.0,6.1,7.11
134818,1.0,68,4.45,92.7,178.0,87.9,13.5,259.0,6.7,1.45
134819,0.0,5,0.83,54.0,178.0,80.6,14.7,297.0,11.1,7.35
134820,0.0,5,2.5,92.7,178.0,87.9,13.5,259.0,6.7,1.45
134821,0.0,18,1.14,62.7,162.0,89.8,12.3,358.0,6.2,0.37
134822,1.0,71,5.0,104.3,130.0,91.1,13.5,212.0,7.6,1.15
134823,0.0,5,0.77,65.4,178.0,87.9,13.5,259.0,6.7,1.45
134824,0.0,59,2.5,97.3,268.0,90.3,13.0,249.0,5.2,0.75
134825,0.0,65,1.32,111.0,233.0,96.3,14.2,246.0,5.3,8.18
134826,0.0,50,2.16,85.0,170.0,89.6,12.6,234.0,7.6,0.6
134827,0.0,80,1.85,97.4,178.0,94.7,13.0,213.0,4.1,1.46
134828,0.0,51,1.29,111.5,203.0,89.4,12.9,189.0,9.0,3.46
134829,0.0,17,2.16,96.9,162.0,85.7,13.0,178.0,8.1,1.03
134831,0.0,21,2.16,97.6,178.0,87.7,13.4,393.0,12.5,3.35
134832,0.0,68,1.48,92.7,178.0,87.9,13.5,259.0,6.7,1.45
134833,0.0,9,4.12,92.7,178.0,87.9,13.5,259.0,6.7,1.45
134834,1.0,71,1.1,99.0,158.0,92.9,14.0,194.0,6.6,0.8
134835,0.0,44,5.0,92.7,178.0,87.9,13.5,259.0,6.7,1.45
134836,0.0,49,2.5,94.1,257.0,89.0,12.5,347.0,5.7,1.92
134837,0.0,70,0.9,92.7,178.0,87.9,13.5,259.0,6.7,1.45
134838,1.0,80,3.58,92.7,178.0,87.9,13.5,259.0,6.7,1.45
134839,0.0,27,2.47,88.0,165.0,92.4,12.8,332.0,8.6,0.34
134840,0.0,9,2.5,92.7,178.0,87.9,13.5,259.0,6.7,1.45
134841,0.0,80,2.5,92.7,178.0,87.9,13.5,259.0,6.7,1.45
134842,0.0,14,1.34,92.7,178.0,87.9,13.5,259.0,6.7,1.45
134843,0.0,59,2.5,92.7,178.0,87.9,13.5,259.0,6.7,1.45
134844,0.0,80,2.5,92.7,178.0,87.9,13.5,259.0,6.7,1.45
134845,0.0,69,2.5,111.9,150.0,89.5,13.6,222.0,11.4,1.78
134846,0.0,10,1.37,92.7,178.0,87.9,13.5,259.0,6.7,1.45
134847,1.0,63,2.5,92.7,154.0,92.2,13.0,239.0,5.5,10.85
134848,0.0,62,5.0,92.7,178.0,87.9,13.5,259.0,6.7,1.45
134849,0.0,43,1.8,92.7,178.0,87.9,13.5,259.0,6.7,1.45
134850,0.0,60,4.63,91.6,210.0,87.5,13.3,218.0,5.2,0.55
134851,0.0,47,2.83,91.6,227.0,93.0,13.5,242.0,6.9,4.44
134852,0.0,17,5.0,82.9,105.0,88.4,14.0,189.0,5.8,0.71
134853,0.0,8,2.67,79.4,117.0,78.6,15.2,376.0,6.2,7.86
134854,0.0,27,3.13,92.7,178.0,87.9,13.5,259.0,6.7,1.45
134855,0.0,6,2.54,92.7,178.0,87.9,13.5,259.0,6.7,1.45
134856,0.0,32,2.17,107.5,182.0,87.8,13.0,200.0,5.6,1.16
134857,0.0,34,2.95,129.3,167.0,87.5,14.0,281.0,5.2,9.08
134858,0.0,32,0.26,110.2,129.0,84.8,12.5,211.0,8.7,2.41
134859,0.0,40,4.17,92.9,166.0,87.9,13.5,166.0,3.9,3.0
134860,0.0,14,2.29,92.7,113.0,78.3,13.8,254.0,11.0,0.19
134861,0.0,20,1.37,92.7,178.0,87.9,13.5,259.0,6.7,1.45
134862,0.0,29,0.82,92.7,178.0,87.9,13.5,259.0,6.7,1.45
134863,0.0,1,3.37,92.7,178.0,87.9,13.5,259.0,6.7,1.45
134864,0.0,62,5.0,112.7,224.0,89.6,13.0,254.0,8.0,7.42
134865,0.0,15,0.88,129.6,178.0,87.9,13.5,259.0,6.7,1.45
134866,0.0,74,1.97,92.7,178.0,87.9,13.5,259.0,6.7,1.45
134867,0.0,23,2.5,92.7,178.0,87.9,13.5,259.0,6.7,1.45
134868,0.0,6,3.33,53.5,178.0,87.9,13.5,259.0,6.7,1.45
134869,0.0,11,2.52,92.7,178.0,87.9,13.5,259.0,6.7,1.45
134870,0.0,33,0.74,73.3,198.0,85.1,14.1,188.0,4.6,0.33
134871,0.0,5,1.85,92.7,178.0,87.9,13.5,259.0,6.7,1.45
134872,0.0,8,2.5,92.7,178.0,87.9,13.5,259.0,6.7,1.45
134873,0.0,6,1.17,53.4,178.0,87.9,13.5,259.0,6.7,1.45
134874,0.0,65,2.12,97.6,185.0,96.1,13.4,245.0,6.9,3.1
134876,1.0,71,3.66,92.7,165.0,91.0,12.9,253.0,6.7,2.25
134877,1.0,60,1.32,104.3,195.0,84.4,14.9,315.0,13.8,5.49
134878,0.0,40,5.0,105.5,249.0,89.7,13.5,362.0,5.8,1.04
134879,0.0,71,3.17,119.2,154.0,91.0,13.7,191.0,5.0,0.73
134880,0.0,14,1.16,67.2,164.0,85.4,13.0,248.0,7.8,0.2
134881,1.0,70,1.07,92.7,178.0,87.9,13.5,259.0,6.7,1.45
134882,0.0,1,2.85,92.7,178.0,71.9,15.0,241.0,4.3,1.74
134883,0.0,18,1.49,69.2,113.0,87.4,13.1,254.0,6.4,0.11
134884,0.0,13,1.78,92.7,178.0,87.9,13.5,259.0,6.7,1.45
134885,0.0,57,2.5,92.7,178.0,87.9,13.5,259.0,6.7,1.45
134886,0.0,65,5.0,79.6,178.0,87.1,14.9,302.0,9.3,1.02
134887,0.0,5,0.55,50.9,178.0,62.5,15.1,306.0,6.9,0.47
134889,0.0,38,0.8,100.9,173.0,92.4,13.0,373.0,7.7,3.94
134890,0.0,58,2.51,92.7,168.0,62.1,15.6,225.0,7.5,4.38
134891,0.0,80,1.04,87.4,149.0,93.3,14.9,166.0,6.0,0.57
134892,0.0,10,2.5,64.4,146.0,85.9,12.2,297.0,7.2,0.15
134893,0.0,17,1.71,76.8,175.0,79.0,14.0,269.0,6.1,0.34
134894,0.0,39,3.56,113.5,228.0,88.2,13.9,231.0,10.5,1.12
134895,0.0,12,0.86,92.7,178.0,87.9,13.5,259.0,6.7,1.45
134896,0.0,34,1.14,106.6,182.0,84.9,13.5,317.0,13.0,7.99
134897,0.0,64,4.32,92.7,182.0,98.5,14.0,338.0,5.2,0.23
134898,0.0,80,2.5,92.7,178.0,87.9,13.5,259.0,6.7,1.45
134899,0.0,60,2.4,115.0,233.0,87.1,14.4,263.0,10.6,1.16
134900,0.0,15,1.96,92.7,178.0,87.9,13.5,259.0,6.7,1.45
134901,0.0,43,5.0,86.7,147.0,92.5,12.8,177.0,5.5,0.59
134902,0.0,41,5.0,72.8,141.0,84.8,13.0,194.0,3.3,4.03
134903,0.0,71,1.07,105.5,178.0,79.2,15.2,256.0,6.4,3.55
134904,0.0,56,5.0,121.3,178.0,87.9,13.5,259.0,6.7,1.45
134906,1.0,60,5.0,158.1,135.0,84.5,13.6,273.0,10.8,3.51
134907,0.0,11,2.5,92.7,178.0,87.9,13.5,259.0,6.7,1.45
134908,0.0,72,1.84,94.2,145.0,89.4,12.9,147.0,5.6,0.49
134909,0.0,1,3.16,92.7,178.0,87.9,13.5,259.0,6.7,1.45
134910,0.0,74,2.33,97.8,228.0,85.3,13.6,300.0,5.3,3.43
134911,0.0,2,5.0,92.7,178.0,87.9,13.5,259.0,6.7,1.45
134912,0.0,12,2.15,63.9,178.0,87.9,13.5,259.0,6.7,1.45
134913,0.0,70,0.74,92.7,178.0,87.9,13.5,259.0,6.7,1.45
134914,0.0,73,2.5,92.7,178.0,87.9,13.5,259.0,6.7,1.45
134915,0.0,5,0.75,65.8,178.0,79.8,13.1,212.0,10.0,0.99
134916,0.0,47,5.0,157.7,168.0,81.8,13.7,248.0,8.3,8.69
134917,0.0,22,1.07,96.1,269.0,77.3,14.9,236.0,7.2,3.23
134918,1.0,72,2.5,98.2,128.0,90.3,13.6,274.0,5.6,1.05
134919,0.0,48,3.13,94.9,175.0,88.0,17.4,277.0,7.0,1.28
134920,0.0,67,2.5,124.1,178.0,87.9,13.5,259.0,6.7,1.45
134921,0.0,1,1.95,92.7,178.0,87.9,13.5,259.0,6.7,1.45
134922,0.0,61,2.5,105.5,223.0,102.7,14.3,238.0,4.7,0.65
134923,0.0,69,1.84,92.7,244.0,90.7,13.6,224.0,4.9,0.32
134924,0.0,43,5.0,92.7,178.0,87.9,13.5,259.0,6.7,1.45
134925,0.0,55,2.5,92.7,178.0,87.9,13.5,259.0,6.7,1.45
134926,0.0,28,3.88,75.8,119.0,87.0,13.4,169.0,3.8,0.54
134927,0.0,16,3.5,78.3,175.0,86.1,13.5,265.0,7.4,0.63
134928,0.0,70,4.12,104.4,178.0,93.9,12.9,194.0,5.8,0.9
134929,0.0,55,2.43,108.5,236.0,90.1,13.5,311.0,6.6,1.05
134930,0.0,12,4.48,121.3,191.0,74.3,15.1,436.0,10.0,5.19
134931,0.0,68,2.5,92.7,178.0,87.9,13.5,259.0,6.7,1.45
134932,0.0,70,1.0,102.5,178.0,83.0,13.9,162.0,7.1,1.45
134933,0.0,11,5.0,72.9,154.0,88.9,13.3,266.0,4.7,0.15
134934,0.0,5,2.5,92.7,178.0,87.9,13.5,259.0,6.7,1.45
134935,0.0,21,0.48,136.1,152.0,83.9,13.5,284.0,8.1,5.65
134936,0.0,18,1.02,92.7,178.0,87.9,13.5,259.0,6.7,1.45
134937,0.0,7,1.49,56.1,178.0,87.9,13.5,259.0,6.7,1.45
134938,0.0,53,0.82,92.7,178.0,87.9,13.5,259.0,6.7,1.45
134939,1.0,66,0.99,80.5,256.0,73.2,16.7,281.0,10.3,3.15
134940,0.0,51,5.0,151.8,193.0,93.4,13.6,264.0,7.3,4.54
134941,0.0,41,2.61,131.8,159.0,85.9,14.1,225.0,7.8,8.97
134942,0.0,80,2.5,100.7,178.0,96.5,12.8,298.0,8.3,2.48
134943,0.0,74,2.5,115.8,178.0,85.4,15.2,372.0,8.1,1.45
134944,1.0,80,1.51,116.0,146.0,97.8,13.7,228.0,6.7,9.71
134945,0.0,17,5.0,87.5,173.0,87.6,12.8,247.0,6.1,2.37
134946,0.0,65,3.55,102.7,187.0,87.9,12.4,179.0,6.0,6.98
134947,0.0,18,1.61,80.5,158.0,80.3,16.2,336.0,6.0,3.04
134948,0.0,36,4.53,92.7,178.0,87.9,13.5,259.0,6.7,1.45
134949,0.0,9,0.46,64.6,178.0,84.9,13.0,266.0,6.6,1.45
134950,0.0,7,0.82,56.5,173.0,78.0,13.7,357.0,7.0,0.11
134951,0.0,50,1.99,98.5,257.0,91.1,16.1,303.0,5.3,4.21
134952,0.0,3,5.0,92.7,178.0,87.9,13.5,259.0,6.7,1.45
134953,0.0,62,2.5,98.3,132.0,86.0,13.8,251.0,7.5,0.74
134954,0.0,72,2.5,90.0,112.0,98.0,15.3,136.0,5.9,3.87
134955,0.0,65,5.0,101.1,155.0,88.2,13.6,254.0,5.1,0.25
134956,0.0,1,1.3,92.7,178.0,87.9,13.5,259.0,6.7,1.45
134957,0.0,62,1.27,109.5,178.0,87.9,13.5,259.0,6.7,1.45
134958,0.0,11,1.76,83.0,178.0,87.9,13.5,259.0,6.7,1.45
134959,0.0,67,2.5,92.7,178.0,87.9,13.5,259.0,6.7,1.45
134960,0.0,10,4.15,73.8,148.0,80.8,13.7,272.0,5.7,0.42
134961,0.0,71,3.17,111.5,115.0,92.1,13.0,170.0,9.9,0.29
134962,0.0,33,0.25,85.5,186.0,89.1,13.5,361.0,8.8,3.6
134963,0.0,12,0.27,72.7,180.0,82.7,14.0,352.0,5.2,0.48
134964,0.0,68,5.0,122.7,238.0,90.5,13.8,312.0,10.0,14.52
134965,1.0,66,0.46,102.9,208.0,93.4,16.3,177.0,10.4,30.32
134966,0.0,52,4.44,100.4,199.0,89.6,13.2,190.0,9.1,0.59
134967,0.0,62,0.77,91.6,181.0,89.4,13.2,266.0,7.4,2.16
134968,0.0,10,4.25,66.3,215.0,85.7,14.0,241.0,6.5,0.24
134969,0.0,42,1.44,82.5,239.0,91.2,12.8,281.0,8.8,1.33
134970,0.0,48,5.0,134.7,173.0,84.8,14.2,231.0,10.6,12.18
134971,1.0,68,4.06,109.6,120.0,79.7,19.5,321.0,7.3,3.95
134972,0.0,34,2.5,124.1,184.0,88.6,13.1,361.0,9.6,5.9
134973,0.0,1,2.41,92.7,178.0,87.9,13.5,259.0,6.7,1.45
134974,0.0,25,2.95,92.7,178.0,87.9,13.5,259.0,6.7,1.45
134975,0.0,12,2.41,71.1,178.0,87.9,13.5,259.0,6.7,1.45
134976,0.0,60,2.5,85.0,225.0,96.0,13.3,261.0,4.8,1.37
134977,0.0,80,2.94,110.2,178.0,87.9,13.5,259.0,6.7,1.45
134978,0.0,33,0.41,106.6,197.0,82.7,13.8,205.0,9.7,1.7
134979,0.0,46,2.5,91.1,251.0,91.0,14.2,273.0,6.6,0.25
134980,0.0,65,2.5,92.7,258.0,89.3,13.8,307.0,6.0,1.46
134981,0.0,13,5.0,65.4,178.0,87.9,13.5,259.0,6.7,1.45
134982,0.0,36,2.5,104.6,178.0,101.0,12.8,196.0,5.5,1.45
134983,0.0,2,1.41,44.5,178.0,66.0,14.7,367.0,4.9,0.2
134984,0.0,75,2.5,92.7,178.0,87.9,13.5,259.0,6.7,1.45
134985,1.0,68,5.0,98.3,137.0,90.7,13.3,293.0,7.9,2.43
134986,1.0,49,2.31,122.4,155.0,70.1,32.1,248.0,7.3,1.27
134987,0.0,18,4.33,76.7,178.0,91.1,13.5,188.0,4.6,0.32
134988,1.0,68,4.06,104.5,210.0,86.4,14.7,310.0,8.1,2.71
134989,0.0,22,1.25,96.9,178.0,83.5,13.3,338.0,7.3,1.45
134990,1.0,55,1.61,86.5,204.0,91.0,16.0,199.0,7.1,1.24
134991,0.0,34,1.14,98.4,361.0,83.6,12.4,307.0,10.4,5.87
134992,0.0,63,2.5,121.9,228.0,88.4,13.4,186.0,6.6,3.86
134993,0.0,78,2.83,92.7,178.0,87.9,13.5,259.0,6.7,1.45
134994,0.0,74,2.5,92.7,178.0,87.9,13.5,259.0,6.7,1.45
134995,0.0,73,1.67,88.6,144.0,94.2,13.6,465.0,7.8,0.65
134996,0.0,35,4.32,84.0,178.0,87.9,13.5,259.0,6.7,1.45
134997,0.0,7,5.0,92.7,178.0,87.9,13.5,259.0,6.7,1.45
134998,0.0,60,5.0,86.0,178.0,83.6,13.3,229.0,4.6,0.68
134999,0.0,16,2.34,92.7,178.0,87.9,13.5,259.0,6.7,1.45
135000,0.0,67,5.0,96.6,169.0,89.0,12.9,236.0,8.0,2.43
135001,0.0,72,0.27,92.0,192.0,94.9,13.8,200.0,3.7,2.25
135002,0.0,69,1.51,92.7,178.0,87.9,13.5,259.0,6.7,1.45
135003,0.0,17,3.67,107.0,183.0,87.0,14.2,291.0,7.5,7.57
135004,0.0,24,0.33,92.7,178.0,87.9,13.5,259.0,6.7,1.45
135005,0.0,1,2.56,92.7,178.0,87.9,13.5,259.0,6.7,1.45
135006,0.0,18,2.5,92.7,178.0,87.9,13.5,259.0,6.7,1.45
135007,0.0,80,1.41,92.7,178.0,87.9,13.5,259.0,6.7,1.45
135008,0.0,7,5.0,92.7,178.0,87.9,13.5,259.0,6.7,1.45
135009,0.0,17,0.58,124.6,158.0,85.3,12.9,329.0,13.4,1.69
135010,0.0,58,1.21,118.1,237.0,86.1,14.9,556.0,9.8,33.29
135011,0.0,15,3.34,85.1,135.0,89.8,12.3,228.0,7.0,1.73
135012,0.0,2,5.0,92.7,178.0,87.9,13.5,259.0,6.7,1.45
135013,0.0,26,4.46,97.6,204.0,91.8,12.5,285.0,5.3,0.49
135014,0.0,50,5.0,139.4,214.0,91.3,13.4,235.0,6.9,3.58
135015,0.0,14,2.88,79.9,104.0,83.5,13.5,283.0,6.6,1.06
135016,0.0,31,2.61,111.6,170.0,88.8,12.8,265.0,8.3,5.82
135017,0.0,15,0.81,92.7,178.0,87.9,13.5,259.0,6.7,1.45
135018,0.0,11,2.88,85.1,178.0,87.9,13.5,259.0,6.7,1.45
135019,0.0,9,2.16,78.4,140.0,63.3,15.2,275.0,7.0,2.87
135020,0.0,18,0.37,127.0,250.0,83.3,13.1,235.0,8.4,1.04
135021,0.0,35,2.5,104.5,208.0,83.5,14.1,185.0,6.3,2.21
135022,1.0,58,5.0,126.2,160.0,89.2,13.3,268.0,8.5,1.97
135023,0.0,64,0.0,86.0,238.0,94.8,13.4,355.0,10.7,3.24
135024,0.0,63,2.5,80.6,274.0,95.7,12.8,241.0,6.7,1.24
135025,0.0,19,3.4,127.2,221.0,82.2,13.5,243.0,10.3,3.02
135026,0.0,72,3.3,130.3,158.0,87.0,13.3,232.0,7.5,0.71
135027,0.0,78,2.25,89.0,200.0,89.8,12.5,251.0,5.8,1.23
135028,0.0,22,2.83,73.3,148.0,89.2,12.8,192.0,4.7,4.77
135029,0.0,79,2.5,92.7,178.0,87.9,13.5,259.0,6.7,1.45
135030,0.0,29,1.07,92.7,178.0,87.9,13.5,259.0,6.7,1.45
135031,0.0,24,0.28,92.7,178.0,87.9,13.5,259.0,6.7,1.45
135032,0.0,72,3.09,92.8,175.0,92.6,13.6,198.0,9.0,1.3
135033,1.0,75,2.87,128.6,183.0,93.9,13.2,215.0,4.9,0.87
135034,0.0,6,2.5,50.9,157.0,61.0,17.7,359.0,4.4,0.31
135035,1.0,54,3.68,120.9,157.0,61.6,17.3,370.0,7.2,0.68
135036,0.0,64,2.5,102.3,175.0,85.4,14.4,297.0,7.6,2.4
135037,0.0,41,2.5,92.7,241.0,83.8,14.5,240.0,4.3,17.5
135038,0.0,73,0.52,92.7,178.0,87.9,13.5,259.0,6.7,1.45
135039,0.0,48,0.82,100.7,151.0,58.7,20.8,287.0,7.2,8.02
135040,0.0,75,2.5,93.7,211.0,87.4,15.6,233.0,3.5,0.65
135041,0.0,57,0.0,92.7,166.0,88.6,14.2,225.0,7.4,3.6
135042,0.0,30,0.55,131.4,199.0,75.3,13.7,303.0,8.0,6.82
135043,0.0,48,5.0,78.2,214.0,84.6,12.9,300.0,5.4,1.26
135044,0.0,80,5.0,92.7,178.0,87.9,13.5,259.0,6.7,1.45
135045,0.0,13,2.5,92.7,178.0,87.9,13.5,259.0,6.7,1.45
135046,0.0,16,2.5,92.7,178.0,87.9,13.5,259.0,6.7,1.45
135047,0.0,53,5.0,118.0,186.0,94.0,13.3,268.0,4.4,2.05
135048,0.0,22,1.75,76.3,166.0,91.0,13.7,268.0,6.8,1.18
135049,0.0,67,5.0,92.7,178.0,87.9,13.5,259.0,6.7,1.45
135050,0.0,3,0.4,92.7,178.0,87.9,13.5,259.0,6.7,1.45
135051,0.0,75,1.77,117.4,156.0,90.0,13.9,281.0,4.6,1.03
135052,0.0,70,3.3,116.8,228.0,99.1,13.5,225.0,5.7,0.91
135053,0.0,32,0.0,91.1,186.0,68.6,14.9,148.0,6.8,1.22
135054,0.0,70,0.04,92.7,178.0,87.9,13.5,259.0,6.7,1.45
135055,0.0,8,4.02,54.0,178.0,87.9,13.5,259.0,6.7,1.45
135056,0.0,66,0.72,92.7,178.0,87.9,13.5,259.0,6.7,1.45
135057,0.0,70,5.0,89.6,152.0,86.8,13.5,178.0,5.4,2.38
135058,0.0,8,2.31,55.4,178.0,87.9,13.5,259.0,6.7,1.45
135059,0.0,2,2.34,51.7,178.0,87.9,13.5,259.0,6.7,1.45
135060,0.0,80,1.72,95.4,167.0,87.9,13.4,282.0,4.4,1.13
135061,0.0,14,0.11,92.7,178.0,87.9,13.5,259.0,6.7,1.45
135062,0.0,9,0.54,54.5,178.0,87.9,13.5,259.0,6.7,1.45
135063,0.0,5,0.88,58.3,178.0,87.9,13.5,259.0,6.7,1.45
135064,0.0,63,5.0,86.5,178.0,91.6,13.0,338.0,10.1,3.44
135065,0.0,63,0.97,112.0,189.0,90.2,13.0,270.0,6.0,3.26
135066,0.0,80,2.5,110.0,137.0,90.3,13.7,242.0,8.5,1.12
135067,0.0,70,1.29,94.2,178.0,107.1,15.6,200.0,4.7,1.45
135068,0.0,55,4.02,92.7,178.0,87.9,13.5,259.0,6.7,1.45
135069,0.0,17,4.68,87.8,152.0,82.7,14.0,234.0,9.1,0.46
135070,1.0,78,2.5,88.6,246.0,67.8,16.3,254.0,12.5,1.02
135071,0.0,32,2.5,80.9,190.0,88.7,13.0,245.0,5.4,0.2
135072,0.0,18,0.61,100.5,176.0,85.5,13.6,267.0,6.5,3.21
135073,0.0,13,0.62,92.7,178.0,87.9,13.5,259.0,6.7,1.45
135074,0.0,67,2.52,114.0,194.0,91.9,13.8,322.0,8.8,4.79
135075,0.0,54,5.0,92.7,178.0,87.9,13.5,259.0,6.7,1.45
135076,0.0,7,1.61,92.7,178.0,87.9,13.5,259.0,6.7,1.45
135077,0.0,80,2.61,94.7,210.0,95.7,12.5,235.0,5.9,2.63
135078,0.0,17,2.5,75.9,136.0,78.5,19.9,248.0,5.8,1.65
135079,0.0,36,3.31,92.7,178.0,87.9,13.5,259.0,6.7,1.45
135080,0.0,8,0.81,92.7,178.0,87.9,13.5,259.0,6.7,1.45
135081,0.0,2,2.5,92.7,178.0,87.9,13.5,259.0,6.7,1.45
135083,0.0,79,2.59,92.7,178.0,87.9,13.5,259.0,6.7,1.45
135084,0.0,50,2.5,92.7,191.0,87.8,13.3,161.0,2.9,0.44
135085,1.0,64,5.0,92.7,178.0,87.9,13.5,259.0,6.7,1.45
135086,0.0,69,1.26,148.5,178.0,87.9,13.5,259.0,6.7,1.45
135087,0.0,73,3.8,100.6,162.0,90.6,14.4,271.0,6.9,3.31
135088,0.0,21,4.23,92.7,178.0,87.9,13.5,259.0,6.7,1.45
135089,1.0,80,2.08,92.7,178.0,87.9,13.5,259.0,6.7,1.45
135090,0.0,70,2.33,93.1,200.0,88.8,13.0,222.0,6.7,0.97
135091,0.0,65,2.5,100.2,170.0,91.3,17.8,85.0,10.1,1.49
135092,0.0,64,0.08,105.8,161.0,92.7,14.0,147.0,9.8,0.75
135093,0.0,62,5.0,75.8,206.0,90.6,13.3,242.0,4.3,0.87
135094,0.0,34,5.0,106.0,142.0,93.3,13.3,238.0,6.5,5.97
135095,0.0,35,0.02,95.3,138.0,90.4,13.5,310.0,7.3,2.49
135096,0.0,3,4.33,46.9,178.0,87.9,13.5,259.0,6.7,1.45
135097,0.0,11,1.85,66.4,161.0,83.0,12.8,269.0,7.9,0.45
135098,0.0,47,5.0,98.6,180.0,88.5,12.5,255.0,5.6,0.29
135099,0.0,2,2.5,44.8,178.0,77.4,14.2,288.0,8.1,0.39
135100,0.0,32,5.0,127.1,126.0,75.9,15.2,284.0,5.7,2.16
135101,0.0,35,3.93,69.6,177.0,75.1,13.9,220.0,5.5,0.26
135102,0.0,53,2.5,98.3,178.0,87.9,13.5,259.0,6.7,1.45
135103,0.0,47,5.0,121.6,198.0,83.9,12.4,250.0,6.5,4.08
135104,0.0,31,0.16,92.7,178.0,87.9,13.5,259.0,6.7,1.45
135105,0.0,12,2.5,92.7,178.0,87.9,13.5,259.0,6.7,1.45
135106,0.0,9,5.0,55.2,178.0,82.2,13.5,284.0,3.2,1.45
135107,0.0,1,0.11,92.7,178.0,87.9,13.5,259.0,6.7,1.45
135108,0.0,23,0.07,71.6,229.0,92.3,13.6,332.0,6.2,0.45
135109,0.0,7,3.08,92.7,178.0,87.9,13.5,259.0,6.7,1.45
135110,0.0,73,0.88,96.1,173.0,95.8,12.4,204.0,5.4,5.05
135111,0.0,59,2.5,98.4,201.0,87.6,13.4,284.0,6.6,1.84
135112,1.0,77,4.1,104.7,135.0,92.5,13.2,204.0,5.8,42.75
135113,0.0,12,3.96,92.7,178.0,87.9,13.5,259.0,6.7,1.45
135114,0.0,6,1.0,92.7,178.0,87.9,13.5,259.0,6.7,1.45
135115,0.0,22,0.37,92.7,178.0,87.9,13.5,259.0,6.7,1.45
135116,0.0,72,1.18,105.0,234.0,94.9,13.7,105.0,5.5,1.88
135117,0.0,38,5.0,122.7,227.0,83.4,13.9,272.0,8.3,5.24
135118,1.0,71,1.05,92.7,178.0,87.9,13.5,259.0,6.7,1.45
135119,0.0,37,2.86,90.6,215.0,84.7,14.1,227.0,7.5,0.73
135120,0.0,17,2.12,84.0,178.0,87.9,13.5,259.0,6.7,1.45
135121,0.0,62,0.71,84.0,183.0,92.6,13.0,278.0,7.2,0.53
135122,1.0,70,4.02,92.7,178.0,87.9,13.5,259.0,6.7,1.45
135123,0.0,18,2.5,92.7,178.0,87.9,13.5,259.0,6.7,1.45
135124,0.0,14,5.0,72.7,138.0,82.9,13.6,246.0,7.6,2.69
135125,0.0,14,1.55,92.7,178.0,87.9,13.5,259.0,6.7,1.45
135126,0.0,64,0.44,90.1,176.0,85.9,14.2,320.0,6.8,4.05
135127,0.0,3,1.03,92.7,178.0,87.9,13.5,259.0,6.7,1.45
135128,0.0,73,0.73,92.7,178.0,87.9,13.5,259.0,6.7,1.45
135129,0.0,65,5.0,89.9,152.0,90.7,14.1,276.0,8.9,0.29
135130,1.0,57,4.78,111.6,129.0,86.3,13.5,197.0,6.5,0.56
135131,0.0,71,2.18,98.0,243.0,86.6,14.6,278.0,7.5,3.16
135132,0.0,36,1.09,84.1,210.0,92.7,13.4,359.0,7.5,6.59
135133,0.0,10,1.12,73.5,164.0,80.4,15.8,326.0,7.7,0.55
135134,0.0,66,2.5,99.4,155.0,76.7,15.7,291.0,5.4,0.21
135135,0.0,1,0.23,92.7,178.0,87.9,13.5,259.0,6.7,1.45
135136,0.0,11,2.17,92.4,201.0,85.3,12.9,276.0,7.2,0.44
135137,0.0,32,5.0,108.2,194.0,90.1,12.7,238.0,7.7,0.59
135138,0.0,15,3.22,79.2,155.0,86.7,12.8,254.0,9.3,0.6
135139,0.0,3,5.0,92.7,178.0,87.9,13.5,259.0,6.7,1.45
135140,0.0,27,0.13,122.3,134.0,85.4,12.7,260.0,10.7,13.58
135141,0.0,49,5.0,92.7,151.0,87.3,14.7,197.0,5.3,0.48
135142,0.0,76,3.04,106.1,230.0,84.9,12.9,288.0,8.8,5.21
135143,0.0,67,1.65,99.3,178.0,87.9,13.5,259.0,6.7,1.45
135144,0.0,66,3.8,102.4,252.0,82.5,14.0,216.0,5.3,1.07
135145,0.0,58,0.45,92.7,178.0,87.9,13.5,259.0,6.7,1.45
135146,0.0,35,1.19,95.2,205.0,70.6,17.6,459.0,5.5,0.17
135147,0.0,63,1.55,92.7,178.0,87.9,13.5,259.0,6.7,1.45
135148,0.0,49,3.54,101.2,200.0,90.6,13.2,226.0,6.0,0.71
135149,0.0,38,4.15,85.2,171.0,90.6,13.5,255.0,6.5,1.73
135150,0.0,31,1.2,100.2,155.0,85.7,15.5,277.0,8.9,5.38
135151,0.0,60,2.5,92.7,178.0,87.9,13.5,259.0,6.7,1.45
135152,0.0,21,2.01,116.2,214.0,82.8,12.9,66.0,7.6,1.71
135153,0.0,53,5.0,83.1,219.0,91.9,14.1,301.0,5.4,0.4
135154,0.0,25,0.0,92.7,178.0,87.9,13.5,259.0,6.7,1.45
135155,1.0,61,2.5,99.6,219.0,88.0,13.5,195.0,9.3,2.43
135156,0.0,14,1.62,92.7,110.0,83.4,14.7,298.0,4.6,0.11
135157,0.0,72,3.09,81.0,145.0,93.6,13.1,268.0,7.2,1.47
135158,1.0,68,5.0,139.2,143.0,84.3,14.7,175.0,9.1,2.33
135159,0.0,63,2.5,99.4,178.0,86.8,12.6,207.0,6.7,4.93
135160,0.0,80,2.5,92.7,178.0,87.9,13.5,259.0,6.7,1.45
135161,0.0,19,2.16,105.4,170.0,85.2,12.9,331.0,6.1,4.29
135162,0.0,2,3.22,50.9,178.0,74.9,15.3,286.0,5.4,15.36
135163,0.0,3,0.11,92.7,178.0,87.9,13.5,259.0,6.7,1.45
135164,0.0,10,1.54,92.7,178.0,87.9,13.5,259.0,6.7,1.45
135166,0.0,1,0.05,92.7,178.0,87.9,13.5,259.0,6.7,1.45
135167,0.0,16,3.13,77.5,178.0,87.9,13.5,259.0,6.7,1.45
135168,0.0,14,2.5,92.7,178.0,87.9,13.5,259.0,6.7,1.45
135169,0.0,17,0.97,92.7,178.0,87.9,13.5,259.0,6.7,1.45
135170,0.0,25,5.0,89.7,223.0,89.7,12.9,184.0,6.6,0.64
135171,0.0,6,4.83,92.7,178.0,87.9,13.5,259.0,6.7,1.45
135172,0.0,62,5.0,109.2,245.0,94.4,12.8,211.0,4.3,2.6
135173,0.0,58,0.74,82.7,168.0,98.2,13.9,253.0,5.8,1.26
135174,0.0,36,2.41,90.5,192.0,90.8,14.2,260.0,10.1,0.62
135175,0.0,12,4.56,65.7,178.0,93.0,13.1,361.0,9.8,0.2
135176,0.0,34,1.67,90.7,158.0,86.3,14.0,207.0,6.3,0.41
135177,0.0,39,5.0,114.3,144.0,87.0,13.2,198.0,6.0,0.81
135178,0.0,13,4.75,92.7,178.0,87.9,13.5,259.0,6.7,1.45
135179,0.0,66,2.5,92.7,178.0,87.9,13.5,259.0,6.7,1.45
135180,0.0,10,2.5,92.7,178.0,87.9,13.5,259.0,6.7,1.45
135181,0.0,69,3.31,130.9,216.0,87.7,13.6,269.0,5.8,3.93
135182,0.0,12,0.3,62.6,120.0,88.0,13.7,298.0,4.7,0.11
135183,0.0,68,2.5,95.2,232.0,90.5,12.9,291.0,8.0,1.01
135184,0.0,72,0.7,90.4,199.0,91.2,12.8,225.0,2.6,0.37
135185,0.0,30,2.13,110.5,150.0,86.8,13.1,242.0,10.4,5.62
135186,0.0,3,2.5,92.7,178.0,87.9,13.5,259.0,6.7,1.45
135187,0.0,37,2.31,122.5,194.0,90.0,13.0,218.0,6.4,6.61
135188,0.0,77,0.99,89.6,214.0,92.0,13.8,205.0,7.6,2.31
135189,0.0,67,3.28,96.2,247.0,89.1,13.8,264.0,6.4,0.75
135190,0.0,58,3.46,92.7,178.0,87.9,13.5,259.0,6.7,1.45
135191,0.0,49,0.58,139.8,246.0,89.2,13.5,296.0,12.7,2.69
135192,0.0,52,1.91,111.0,156.0,92.0,13.5,245.0,6.9,1.85
135193,0.0,57,1.08,92.7,178.0,87.9,13.5,259.0,6.7,1.45
135194,0.0,28,5.0,80.0,208.0,90.5,12.5,271.0,5.9,1.37
135195,0.0,57,2.5,94.2,240.0,90.3,13.8,269.0,6.7,1.23
135196,0.0,25,3.24,107.5,237.0,91.5,13.3,326.0,7.0,1.4
135197,0.0,75,4.82,96.6,206.0,88.6,13.4,195.0,3.6,3.26
135198,1.0,80,2.8,97.6,139.0,106.7,14.6,195.0,4.2,2.55
135199,0.0,59,4.12,100.3,200.0,76.3,15.4,284.0,8.4,9.74
135200,0.0,62,1.75,92.0,118.0,92.7,13.1,244.0,8.7,1.23
135201,0.0,40,4.12,87.5,152.0,89.3,14.3,231.0,6.2,1.96
135203,0.0,48,1.3,105.9,162.0,85.3,13.9,322.0,7.3,3.9
135204,0.0,60,5.0,137.8,255.0,84.8,14.9,278.0,9.9,9.2
135205,0.0,1,0.97,92.7,178.0,87.9,13.5,259.0,6.7,1.45
135206,0.0,30,3.4,92.7,178.0,87.9,13.5,259.0,6.7,1.45
135207,0.0,42,5.0,98.8,179.0,84.6,14.3,266.0,7.4,0.44
135208,0.0,12,2.5,71.6,187.0,94.1,12.9,306.0,3.5,0.32
135209,1.0,64,2.5,92.7,178.0,83.7,15.5,400.0,9.8,1.45
135210,0.0,44,4.17,78.7,206.0,87.2,12.9,225.0,9.1,0.81
135211,0.0,41,1.67,92.7,178.0,87.9,13.5,259.0,6.7,1.45
135212,0.0,14,0.0,92.7,178.0,87.9,13.5,259.0,6.7,1.45
135213,0.0,67,4.8,107.8,214.0,96.5,13.6,279.0,7.1,1.27
135214,0.0,1,5.0,92.7,178.0,79.8,13.7,355.0,7.7,1.45
135215,0.0,6,5.0,50.0,178.0,87.9,13.5,259.0,6.7,1.45
135216,0.0,47,1.13,121.9,149.0,83.5,14.8,505.0,8.8,7.12
135217,0.0,49,5.0,82.4,74.0,90.2,13.5,234.0,6.9,31.04
135218,0.0,19,1.37,69.1,158.0,83.5,14.9,249.0,5.6,0.2
135219,0.0,49,3.31,88.9,218.0,87.9,12.8,274.0,7.8,2.54
135220,0.0,66,2.5,125.6,181.0,91.2,14.9,212.0,6.5,4.53
135221,0.0,6,2.5,92.7,178.0,87.9,13.5,259.0,6.7,1.45
135222,0.0,25,2.5,79.8,179.0,90.7,12.2,243.0,8.2,0.34
135223,1.0,58,1.34,132.6,146.0,82.4,16.5,253.0,6.3,14.13
135224,0.0,8,3.69,58.3,178.0,87.9,13.5,259.0,6.7,1.45
135226,0.0,80,2.71,92.7,178.0,87.9,13.5,259.0,6.7,1.45
135227,0.0,79,4.82,83.0,285.0,94.7,13.5,275.0,3.9,0.64
135228,1.0,80,1.5,92.7,178.0,87.9,13.5,259.0,6.7,1.45
135229,0.0,10,2.69,68.9,178.0,87.9,13.5,259.0,6.7,1.45
135230,0.0,3,1.26,51.0,178.0,87.9,13.5,259.0,6.7,1.45
135231,0.0,9,5.0,64.3,228.0,87.2,13.2,377.0,8.4,1.7
135232,1.0,53,5.0,107.6,209.0,87.9,13.8,185.0,7.9,1.81
135233,0.0,45,2.5,92.7,178.0,87.9,13.5,259.0,6.7,1.45
135234,0.0,4,5.0,70.0,178.0,78.6,13.5,348.0,6.3,0.43
135235,0.0,6,2.77,92.7,178.0,87.9,13.5,259.0,6.7,1.45
135236,0.0,57,5.0,105.4,190.0,88.4,13.5,266.0,7.6,0.98
135237,0.0,19,0.35,92.7,178.0,87.9,13.5,259.0,6.7,1.45
135238,0.0,55,2.61,139.2,202.0,83.4,14.2,294.0,8.8,10.62
135239,0.0,54,2.5,75.5,196.0,91.7,14.4,188.0,5.7,2.08
135240,0.0,16,4.33,66.3,123.0,84.7,15.0,279.0,9.0,0.65
135241,0.0,51,5.0,80.8,182.0,97.5,12.6,277.0,4.8,1.95
135242,0.0,39,5.0,92.7,178.0,87.9,13.5,259.0,6.7,1.45
135243,0.0,64,2.58,81.5,178.0,87.9,13.5,259.0,6.7,1.45
135244,0.0,21,0.45,70.7,106.0,86.4,13.2,282.0,5.4,2.17
135245,0.0,34,2.25,97.5,197.0,87.2,13.5,415.0,7.6,10.85
135246,0.0,41,0.11,92.7,165.0,89.0,14.4,233.0,5.0,2.31
135247,0.0,59,2.5,92.7,178.0,87.9,13.5,259.0,6.7,1.45
135248,0.0,45,1.09,115.4,178.0,94.7,15.0,290.0,12.0,7.01
135249,0.0,18,0.45,93.8,183.0,74.7,16.2,268.0,5.9,1.67
135250,0.0,60,2.5,90.5,237.0,92.0,13.3,317.0,5.9,1.45
135251,0.0,53,2.58,90.5,155.0,80.2,12.4,117.0,2.4,2.98
135252,0.0,66,5.0,92.7,178.0,87.9,13.5,259.0,6.7,1.45
135253,0.0,35,3.69,92.7,178.0,87.9,13.5,259.0,6.7,1.45
135254,0.0,16,2.5,92.7,178.0,87.9,13.5,259.0,6.7,1.45
135255,0.0,61,4.37,135.1,142.0,88.1,13.6,303.0,7.4,6.52
135256,0.0,5,1.98,69.3,178.0,80.5,13.3,380.0,8.5,1.85
135257,0.0,73,5.0,92.7,178.0,87.9,13.5,259.0,6.7,1.45
135258,0.0,7,2.5,92.7,178.0,87.9,13.5,259.0,6.7,1.45
135259,0.0,8,1.05,92.7,178.0,87.9,13.5,259.0,6.7,1.45
135260,0.0,62,5.0,114.4,235.0,90.2,14.0,387.0,10.2,4.02
135261,0.0,16,5.0,91.5,169.0,88.5,12.8,226.0,6.5,1.24
135262,0.0,34,0.53,113.0,227.0,88.5,13.1,255.0,9.1,1.21
135263,0.0,19,2.5,92.7,178.0,87.9,13.5,259.0,6.7,1.45
135264,0.0,10,0.84,66.9,196.0,88.9,13.2,293.0,8.1,0.11
135265,0.0,29,0.95,104.7,178.0,87.9,13.5,259.0,6.7,1.45
135266,0.0,68,2.5,107.4,178.0,88.2,14.7,234.0,6.3,7.2
135267,0.0,4,5.0,92.7,178.0,87.9,13.5,259.0,6.7,1.45
135268,0.0,13,5.0,92.7,178.0,87.9,13.5,259.0,6.7,1.45
135269,0.0,69,5.0,92.7,178.0,87.9,13.5,259.0,6.7,1.45
135270,0.0,34,1.58,112.6,166.0,78.7,14.4,304.0,7.8,5.65
135271,0.0,22,2.5,92.7,178.0,87.9,13.5,259.0,6.7,1.45
135272,0.0,18,3.3,78.0,178.0,87.9,13.5,259.0,6.7,1.45
135273,0.0,3,5.0,92.7,178.0,87.9,13.5,259.0,6.7,1.45
135274,0.0,2,0.34,46.8,178.0,87.9,13.5,259.0,6.7,1.45
135275,1.0,40,1.41,132.2,170.0,83.6,13.5,237.0,8.5,2.11
135276,0.0,10,1.22,100.1,217.0,77.5,15.5,437.0,9.3,3.35
135277,0.0,15,5.0,77.1,148.0,85.1,13.3,252.0,5.9,0.34
135278,0.0,10,1.85,103.2,226.0,81.0,13.1,432.0,10.3,0.97
135280,0.0,7,0.45,53.6,178.0,82.6,12.9,384.0,6.0,0.16
135281,0.0,51,3.83,113.6,207.0,87.6,13.3,298.0,5.8,1.44
135282,0.0,5,2.5,92.7,178.0,87.9,13.5,259.0,6.7,1.45
135283,0.0,13,1.85,92.7,178.0,87.9,13.5,259.0,6.7,1.45
135284,1.0,67,5.0,138.3,127.0,96.0,13.3,175.0,7.8,5.53
135285,0.0,62,0.74,92.7,147.0,98.4,14.1,97.0,2.8,0.89
135286,0.0,70,2.29,92.7,178.0,87.9,13.5,259.0,6.7,1.45
135287,0.0,53,2.83,121.2,189.0,82.9,14.7,204.0,4.5,3.48
135288,1.0,64,1.51,100.2,119.0,87.7,13.3,248.0,7.0,0.29
135289,0.0,5,2.5,92.7,178.0,87.9,13.5,259.0,6.7,1.45
135290,0.0,60,1.04,92.7,178.0,87.9,13.5,259.0,6.7,1.45
135291,0.0,80,3.96,90.6,178.0,85.7,15.2,276.0,6.7,1.45
135292,0.0,52,3.33,87.0,229.0,93.0,13.7,218.0,5.2,1.34
135293,0.0,73,1.11,86.2,149.0,95.9,13.0,169.0,5.3,0.39
135294,0.0,13,2.5,92.7,178.0,87.9,13.5,259.0,6.7,1.45
135295,0.0,48,5.0,97.4,249.0,92.3,12.3,265.0,7.7,0.53
135296,0.0,7,5.0,50.6,178.0,80.4,14.0,393.0,8.9,0.2
135297,0.0,12,1.2,78.4,126.0,87.1,12.7,238.0,7.1,0.3
135298,1.0,70,3.28,116.1,129.0,83.7,23.7,329.0,5.3,3.55
135299,0.0,80,2.5,112.8,152.0,90.9,14.6,195.0,6.9,6.22
135300,0.0,74,3.35,89.5,205.0,90.9,12.9,254.0,5.0,0.44
135301,0.0,33,2.5,99.8,178.0,87.9,13.5,259.0,6.7,1.45
135302,0.0,63,0.79,108.0,189.0,97.3,14.2,278.0,5.0,5.23
135303,0.0,4,2.28,92.7,178.0,87.9,13.5,259.0,6.7,1.45
135304,0.0,8,0.94,63.2,133.0,84.6,12.3,299.0,10.1,0.39
135305,0.0,38,2.5,77.6,203.0,91.2,12.3,309.0,5.9,2.7
135306,0.0,53,2.5,133.5,213.0,92.4,13.4,265.0,6.8,2.05
135307,0.0,5,5.0,53.6,178.0,78.2,13.6,446.0,8.0,0.49
135308,0.0,47,5.0,81.5,173.0,93.2,12.9,252.0,3.7,0.49
135309,0.0,5,2.5,92.7,178.0,87.9,13.5,259.0,6.7,1.45
135310,0.0,35,0.03,100.5,176.0,87.0,13.2,320.0,8.2,2.41
135311,0.0,3,0.35,92.7,178.0,87.9,13.5,259.0,6.7,1.45
135312,0.0,72,5.0,78.9,175.0,93.4,13.5,335.0,5.8,0.39
135313,0.0,7,0.83,50.6,157.0,85.6,12.2,289.0,6.9,0.11
135314,0.0,62,3.35,78.9,172.0,87.8,14.3,183.0,4.1,1.85
135315,0.0,12,2.5,72.3,178.0,87.9,13.5,259.0,6.7,1.45
135316,0.0,33,5.0,71.3,139.0,60.5,15.1,298.0,5.7,0.22
135317,0.0,48,2.5,94.4,148.0,95.8,12.7,234.0,9.8,8.22
135318,0.0,28,1.15,90.5,144.0,63.1,20.1,398.0,6.2,0.22
135319,0.0,12,0.12,92.7,178.0,87.9,13.5,259.0,6.7,1.45
135321,1.0,59,5.0,93.0,172.0,92.1,13.6,212.0,7.3,0.72
135322,0.0,3,1.09,51.1,178.0,87.9,13.5,259.0,6.7,1.45
135323,0.0,4,0.47,51.0,178.0,87.9,13.5,259.0,6.7,1.45
135324,0.0,52,3.96,93.9,173.0,93.4,12.7,238.0,6.8,4.95
135325,0.0,49,0.74,108.4,170.0,85.8,13.6,171.0,6.3,1.49
135326,0.0,3,2.43,92.7,178.0,87.9,13.5,259.0,6.7,1.45
135327,0.0,9,2.5,92.7,178.0,87.9,13.5,259.0,6.7,1.45
135328,0.0,5,1.65,92.7,178.0,87.9,13.5,259.0,6.7,1.45
135329,1.0,53,2.8,109.4,158.0,88.3,13.1,178.0,9.2,4.22
135330,0.0,51,5.0,127.8,203.0,83.9,16.1,261.0,8.1,13.32
135331,0.0,24,0.75,92.7,178.0,87.9,13.5,259.0,6.7,1.45
135332,0.0,31,1.03,98.4,237.0,89.0,13.1,206.0,10.1,0.95
135333,0.0,15,3.41,92.7,178.0,87.9,13.5,259.0,6.7,1.45
135334,0.0,80,0.53,92.7,178.0,87.9,13.5,259.0,6.7,1.45
135335,0.0,7,0.85,78.6,131.0,79.6,15.1,341.0,8.9,1.79
135336,0.0,34,5.0,109.7,261.0,91.7,13.0,202.0,5.6,3.06
135337,0.0,2,2.5,53.3,178.0,87.9,13.5,259.0,6.7,1.45
135339,0.0,59,3.17,111.3,200.0,83.5,14.4,359.0,6.1,2.83
135340,0.0,13,1.22,104.4,199.0,82.8,14.8,319.0,5.6,4.74
135341,0.0,3,2.5,92.7,178.0,87.9,13.5,259.0,6.7,1.45
135342,0.0,7,0.77,60.2,197.0,87.5,12.7,278.0,8.7,0.52
135343,0.0,78,1.37,122.5,184.0,83.6,13.9,266.0,10.5,17.73
135344,0.0,43,1.3,88.7,182.0,92.6,12.6,332.0,7.3,1.13
135345,0.0,14,2.11,77.5,156.0,70.5,17.0,288.0,7.9,0.2
135346,0.0,15,5.0,83.5,158.0,86.9,13.5,238.0,9.2,3.66
135347,1.0,61,5.0,122.4,136.0,85.1,14.3,168.0,5.1,0.49
135348,0.0,63,3.82,99.5,197.0,90.4,13.8,236.0,5.3,1.0
135349,0.0,25,3.87,92.7,178.0,87.9,13.5,259.0,6.7,1.45
135350,0.0,78,2.32,102.7,101.0,94.4,14.4,160.0,6.2,0.88
135351,1.0,80,5.0,100.0,161.0,99.9,15.6,206.0,10.2,3.65
135352,0.0,16,4.15,70.6,133.0,91.5,13.7,193.0,3.9,0.48
135353,0.0,61,4.89,101.0,245.0,92.7,13.9,199.0,5.5,0.17
135354,0.0,1,2.78,92.7,178.0,87.9,13.5,259.0,6.7,1.45
135355,0.0,27,1.01,92.7,178.0,87.9,13.5,259.0,6.7,1.45
135356,0.0,40,2.5,92.7,215.0,87.0,14.5,46.0,4.8,0.51
135357,1.0,73,2.95,77.3,178.0,87.9,13.5,259.0,6.7,1.45
135358,0.0,66,1.25,99.8,202.0,92.0,14.0,219.0,10.5,2.46
135359,0.0,4,1.12,92.7,178.0,87.9,13.5,259.0,6.7,1.45
135360,0.0,4,0.66,51.4,178.0,87.9,13.5,259.0,6.7,1.45
135361,0.0,43,1.83,92.7,178.0,87.9,13.5,259.0,6.7,1.45
135362,0.0,5,2.61,48.1,178.0,87.9,13.5,259.0,6.7,1.45
135363,0.0,2,0.87,48.3,178.0,87.9,13.5,259.0,6.7,1.45
135364,0.0,72,3.72,86.2,186.0,90.2,13.5,242.0,9.0,0.81
135365,0.0,62,2.5,92.7,178.0,87.9,13.5,259.0,6.7,1.45
135366,0.0,77,2.03,99.8,201.0,101.5,14.4,186.0,6.0,1.82
135367,0.0,30,5.0,92.7,178.0,87.9,13.5,259.0,6.7,1.45
135368,0.0,7,4.68,92.7,178.0,87.9,13.5,259.0,6.7,1.45
135369,0.0,22,4.42,79.4,145.0,88.5,13.3,227.0,4.3,0.11
135370,0.0,6,1.18,55.0,137.0,75.6,14.2,417.0,4.2,0.17
135371,0.0,52,2.5,92.7,178.0,87.9,13.5,259.0,6.7,1.45
135372,0.0,65,4.37,117.5,234.0,89.9,13.8,237.0,6.9,7.05
135373,0.0,5,5.0,64.6,178.0,87.9,13.5,259.0,6.7,1.45
135374,0.0,2,5.0,53.1,178.0,77.5,13.8,361.0,9.6,2.88
135375,0.0,38,5.0,116.4,200.0,84.6,12.8,418.0,10.9,5.18
135376,0.0,29,3.42,97.3,174.0,83.6,13.3,321.0,6.9,1.19
135377,1.0,73,3.43,98.8,178.0,87.9,13.5,259.0,6.7,1.45
135378,0.0,10,5.0,92.7,178.0,87.9,13.5,259.0,6.7,1.45
135379,0.0,8,1.01,92.7,178.0,87.9,13.5,259.0,6.7,1.45
135380,0.0,6,2.5,92.7,178.0,87.9,13.5,259.0,6.7,1.45
135381,0.0,23,0.58,76.6,242.0,90.1,13.0,178.0,5.0,0.36
135382,0.0,44,5.0,97.5,264.0,84.6,12.8,414.0,9.3,9.51
135383,0.0,15,0.87,86.4,135.0,69.5,15.8,274.0,6.0,0.62
135384,0.0,60,3.16,82.9,201.0,100.0,13.1,263.0,6.8,3.91
135385,0.0,56,0.58,95.1,190.0,85.0,15.7,241.0,10.2,2.22
135386,0.0,55,5.0,92.7,178.0,87.9,13.5,259.0,6.7,1.45
135387,0.0,4,3.17,92.7,178.0,87.9,13.5,259.0,6.7,1.45
135388,0.0,29,3.77,78.0,151.0,76.8,18.1,256.0,3.4,0.33
135389,0.0,27,5.0,73.6,161.0,78.1,15.2,252.0,4.5,0.17
135390,0.0,66,5.0,129.0,192.0,86.4,13.4,220.0,6.1,3.8
135391,1.0,65,1.64,104.7,127.0,94.9,14.2,251.0,6.6,0.66
135392,0.0,31,2.5,90.5,178.0,89.6,12.0,190.0,5.8,0.5
135394,0.0,2,0.92,92.7,178.0,87.9,13.5,259.0,6.7,1.45
135395,0.0,42,2.4,109.7,189.0,88.4,13.3,203.0,8.0,4.26
135396,1.0,65,0.68,104.1,162.0,95.3,14.1,239.0,12.3,8.14
135397,1.0,46,2.06,92.7,252.0,88.6,15.5,288.0,12.3,13.59
135398,0.0,18,0.69,92.7,178.0,87.9,13.5,259.0,6.7,1.45
135399,1.0,80,2.51,77.4,212.0,94.1,13.2,187.0,5.4,1.27
135400,1.0,60,2.5,92.7,178.0,87.9,13.5,259.0,6.7,1.45
135401,0.0,39,0.02,112.5,200.0,89.9,13.0,240.0,9.2,7.54
135402,0.0,27,0.48,92.7,178.0,87.9,13.5,259.0,6.7,1.45
135403,0.0,22,2.5,92.7,178.0,87.9,13.5,259.0,6.7,1.45
135404,1.0,56,1.19,128.3,174.0,86.3,16.9,236.0,5.5,6.19
135405,0.0,50,5.0,113.1,213.0,89.0,14.2,414.0,6.8,8.76
135406,0.0,38,2.61,88.0,228.0,91.1,12.1,285.0,6.6,1.02
135407,0.0,60,2.3,116.3,345.0,97.6,13.0,168.0,7.5,10.6
135408,0.0,15,3.6,92.7,178.0,87.9,13.5,259.0,6.7,1.45
135409,1.0,33,1.51,81.1,174.0,97.0,14.0,365.0,10.0,0.58
135410,0.0,4,0.58,48.2,178.0,74.4,12.8,289.0,11.6,1.45
135411,0.0,80,0.7,79.4,191.0,89.5,13.5,216.0,5.1,3.81
135412,0.0,68,2.5,92.7,178.0,87.9,13.5,259.0,6.7,1.45
135413,0.0,17,1.61,78.7,121.0,90.5,12.9,251.0,8.2,2.42
135414,0.0,29,2.94,89.8,149.0,88.4,13.3,277.0,6.3,1.0
135415,0.0,71,5.0,92.7,178.0,87.9,13.5,259.0,6.7,1.45
135416,0.0,50,5.0,88.1,169.0,82.5,13.3,349.0,9.6,3.74
135417,0.0,7,1.86,92.7,178.0,88.4,13.1,298.0,6.8,1.45
135418,0.0,62,5.0,92.7,178.0,87.9,13.5,259.0,6.7,1.45
135419,0.0,25,3.68,121.8,175.0,84.8,14.3,356.0,7.9,2.94
135420,0.0,3,0.23,49.2,178.0,75.1,12.4,433.0,5.8,0.11
135421,0.0,4,2.13,48.5,178.0,70.4,17.7,258.0,5.3,0.32
135422,0.0,26,4.78,72.2,155.0,85.1,12.9,159.0,3.5,14.02
135423,0.0,33,5.0,68.2,180.0,90.9,12.1,202.0,4.4,0.2
135424,0.0,7,0.3,52.2,148.0,83.3,12.9,281.0,7.6,0.77
135425,0.0,44,0.88,109.6,236.0,87.8,12.4,267.0,10.7,3.15
135426,0.0,18,2.5,92.7,178.0,87.9,13.5,259.0,6.7,1.45
135427,0.0,39,0.0,103.0,199.0,89.9,12.7,383.0,11.9,6.24
135428,0.0,46,0.58,109.4,250.0,80.6,18.1,245.0,6.5,0.73
135429,0.0,12,2.43,72.1,178.0,87.9,13.5,259.0,6.7,1.45
135430,0.0,15,5.0,92.7,178.0,87.9,13.5,259.0,6.7,1.45
135431,0.0,6,2.5,92.7,178.0,87.9,13.5,259.0,6.7,1.45
135432,0.0,70,3.82,100.7,263.0,92.1,13.5,228.0,4.7,3.69
135433,0.0,8,2.47,56.3,133.0,78.6,13.7,393.0,5.9,0.11
135434,0.0,7,5.0,61.2,152.0,85.8,12.2,316.0,5.1,0.77
135435,0.0,32,2.5,92.7,178.0,87.9,13.5,259.0,6.7,1.45
135436,0.0,13,0.33,84.8,158.0,77.0,13.9,255.0,8.5,0.64
135437,0.0,59,2.18,112.0,198.0,86.9,13.3,294.0,7.4,9.77
135438,0.0,13,1.1,92.7,178.0,87.9,13.5,259.0,6.7,1.45
135439,0.0,23,3.53,98.5,152.0,85.6,13.1,173.0,5.5,3.8
135440,0.0,9,5.0,55.8,133.0,82.4,13.0,365.0,6.1,0.15
135441,0.0,69,4.64,85.1,216.0,92.7,13.0,160.0,3.0,1.21
135442,0.0,67,5.0,111.5,196.0,92.1,14.3,241.0,6.2,4.86
135443,0.0,58,3.68,125.7,178.0,98.0,13.9,217.0,4.2,1.45
135444,0.0,70,1.55,92.7,178.0,87.9,13.5,259.0,6.7,1.45
135445,0.0,37,1.61,103.1,178.0,93.6,13.3,275.0,5.6,1.45
135446,0.0,55,1.3,116.8,134.0,88.9,13.1,208.0,8.4,1.93
135447,0.0,64,2.5,91.7,264.0,91.0,12.6,395.0,8.7,1.85
135448,1.0,50,0.71,92.7,178.0,87.9,13.5,259.0,6.7,1.45
135449,0.0,17,5.0,82.8,151.0,84.0,13.2,227.0,7.0,0.61
135450,0.0,63,3.9,114.0,130.0,88.4,15.3,287.0,8.9,2.94
135451,0.0,40,1.01,92.7,178.0,87.9,13.5,259.0,6.7,1.45
135452,1.0,80,1.64,100.0,118.0,96.7,14.7,252.0,6.2,2.67
135453,0.0,60,5.0,84.4,218.0,93.3,13.0,156.0,4.3,0.24
135454,0.0,61,1.84,95.0,254.0,89.2,13.0,325.0,7.3,2.83
135455,0.0,4,0.81,48.7,178.0,82.4,12.7,404.0,6.9,1.45
135456,0.0,70,1.58,103.7,206.0,92.0,14.3,209.0,8.9,5.21
135457,0.0,54,2.5,92.7,178.0,87.9,13.5,259.0,6.7,1.45
135458,0.0,30,2.88,70.2,91.0,72.6,27.0,427.0,6.2,2.52
135459,0.0,41,2.5,84.3,173.0,89.6,12.4,338.0,6.2,0.79
135460,0.0,79,4.06,98.5,152.0,88.5,13.4,217.0,5.7,0.74
135461,0.0,58,5.0,92.7,178.0,87.9,13.5,259.0,6.7,1.45
135462,0.0,2,2.5,92.7,178.0,87.9,13.5,259.0,6.7,1.45
135463,0.0,70,4.72,107.8,173.0,85.7,13.2,301.0,10.2,4.13
135464,0.0,12,0.8,92.7,178.0,87.9,13.5,259.0,6.7,1.45
135465,0.0,17,2.5,85.8,143.0,86.4,13.3,296.0,4.9,0.53
135466,0.0,40,2.09,118.0,182.0,78.1,15.0,305.0,6.5,14.66
135467,0.0,62,1.14,102.4,205.0,88.2,13.8,361.0,11.1,0.57
135468,0.0,3,0.93,49.2,178.0,69.0,18.2,464.0,8.3,0.84
135469,0.0,42,2.29,92.7,197.0,85.4,14.1,295.0,7.6,0.24
135470,0.0,46,5.0,104.6,191.0,78.5,23.4,195.0,2.9,0.93
135471,0.0,16,2.61,92.7,178.0,87.9,13.5,259.0,6.7,1.45
135472,1.0,61,0.81,92.7,178.0,87.9,13.5,259.0,6.7,1.45
135473,0.0,35,5.0,110.0,240.0,90.5,12.9,273.0,6.1,1.39
135474,0.0,18,1.65,92.7,178.0,87.9,13.5,259.0,6.7,1.45
135475,0.0,55,0.15,117.0,162.0,99.2,13.8,153.0,4.5,1.1
135476,0.0,77,3.3,110.9,144.0,82.9,15.0,298.0,8.3,4.14
135477,0.0,80,1.17,97.2,196.0,92.7,13.7,198.0,13.2,4.92
135478,0.0,17,5.0,94.5,136.0,89.2,13.2,323.0,6.4,1.33
135479,0.0,77,5.0,98.6,198.0,96.0,13.1,271.0,5.7,0.55
135480,1.0,64,2.5,81.0,108.0,94.5,13.3,66.0,3.2,0.28
135481,0.0,15,3.87,92.7,178.0,87.9,13.5,259.0,6.7,1.45
135482,0.0,66,2.5,92.7,178.0,87.9,13.5,259.0,6.7,1.45
135483,0.0,31,0.82,83.5,178.0,87.9,13.5,259.0,6.7,1.45
135484,0.0,37,4.34,96.9,200.0,91.6,14.1,281.0,6.6,0.76
135485,0.0,21,2.5,92.9,149.0,82.5,13.0,328.0,5.3,1.27
135486,0.0,9,2.78,92.7,178.0,87.9,13.5,259.0,6.7,1.45
135487,0.0,71,0.52,92.7,178.0,87.9,13.5,259.0,6.7,1.45
135488,0.0,10,1.26,60.3,178.0,87.9,13.5,259.0,6.7,1.45
135489,0.0,80,5.0,92.7,178.0,87.9,13.5,259.0,6.7,1.45
135490,0.0,9,2.96,59.6,121.0,83.6,13.0,327.0,9.0,0.16
135491,0.0,5,2.52,92.7,178.0,87.9,13.5,259.0,6.7,1.45
135492,0.0,17,4.02,92.7,178.0,87.9,13.5,259.0,6.7,1.45
135493,0.0,15,0.02,75.4,161.0,85.8,13.1,288.0,7.5,0.35
135494,1.0,77,1.65,109.9,179.0,94.2,13.1,245.0,7.3,1.56
135495,0.0,20,1.01,92.7,178.0,87.9,13.5,259.0,6.7,1.45
135496,0.0,32,2.5,88.0,191.0,86.4,13.1,277.0,3.4,3.11
135497,0.0,1,2.5,92.7,178.0,87.9,13.5,259.0,6.7,1.45
135498,0.0,44,5.0,75.7,121.0,87.9,12.8,278.0,4.5,0.15
135499,0.0,70,4.64,107.7,94.0,89.0,12.7,246.0,5.3,1.29
135500,0.0,33,0.81,77.9,164.0,84.3,13.5,377.0,10.1,1.02
135501,0.0,43,0.37,92.7,178.0,87.9,13.5,259.0,6.7,1.45
135502,0.0,42,2.56,93.2,205.0,93.0,13.1,242.0,6.9,0.73
135503,0.0,58,2.5,86.2,147.0,92.0,12.9,321.0,7.1,1.19
135504,0.0,27,2.02,127.1,265.0,93.5,13.8,308.0,8.5,18.17
135505,0.0,29,3.91,79.6,175.0,94.4,12.6,202.0,5.1,0.55
135506,0.0,6,2.1,52.6,163.0,85.6,12.8,278.0,9.3,0.2
135507,0.0,44,5.0,92.7,178.0,87.9,13.5,259.0,6.7,1.45
135508,0.0,61,4.8,99.4,191.0,92.5,13.3,196.0,5.5,2.92
135509,0.0,64,4.56,112.8,178.0,83.0,14.3,325.0,12.9,1.45
135510,0.0,33,2.5,92.7,178.0,87.9,13.5,259.0,6.7,1.45
135511,1.0,69,2.5,116.8,152.0,94.8,12.7,279.0,6.6,1.12
135512,0.0,52,5.0,111.5,255.0,87.2,13.2,179.0,5.7,3.82
135513,0.0,1,5.0,92.7,178.0,87.9,13.5,259.0,6.7,1.45
135514,0.0,16,0.0,92.7,178.0,87.9,13.5,259.0,6.7,1.45
135515,0.0,13,5.0,92.7,178.0,87.9,13.5,259.0,6.7,1.45
135516,0.0,72,2.21,99.1,237.0,92.7,14.2,293.0,5.8,1.87
135517,0.0,59,0.32,101.7,139.0,92.7,13.7,106.0,4.2,16.48
135518,0.0,3,2.48,92.7,178.0,87.9,13.5,259.0,6.7,1.45
135519,0.0,44,4.45,93.2,194.0,86.2,13.1,278.0,8.9,0.84
135520,0.0,6,5.0,49.0,178.0,75.2,12.9,341.0,8.1,1.45
135521,0.0,64,3.96,108.0,236.0,85.4,14.2,193.0,5.7,8.02
135522,0.0,28,1.67,118.0,267.0,92.4,12.3,318.0,9.2,5.98
135523,0.0,46,2.61,92.7,178.0,87.9,13.5,259.0,6.7,1.45
135524,0.0,7,1.67,64.1,178.0,87.9,13.5,259.0,6.7,1.45
135525,0.0,11,4.3,92.7,178.0,87.9,13.5,259.0,6.7,1.45
135526,0.0,43,4.62,92.7,178.0,87.9,13.5,259.0,6.7,1.45
135527,1.0,59,4.93,92.7,178.0,87.9,13.5,259.0,6.7,1.45
135528,0.0,30,0.48,110.4,213.0,89.6,14.3,276.0,8.4,7.57
135529,0.0,79,5.0,105.1,178.0,96.7,14.1,260.0,5.5,0.77
135530,0.0,23,1.1,78.1,119.0,82.0,13.4,213.0,4.2,0.37
135531,0.0,2,0.67,50.1,178.0,87.9,13.5,259.0,6.7,1.45
135532,0.0,57,5.0,92.7,178.0,87.9,13.5,259.0,6.7,1.45
135533,0.0,58,3.04,117.6,226.0,85.6,14.3,289.0,9.5,12.25
135534,0.0,76,2.5,92.7,178.0,87.9,13.5,259.0,6.7,1.45
135535,0.0,40,1.98,95.9,208.0,92.7,13.5,248.0,9.8,1.35
135536,1.0,63,1.13,83.1,230.0,99.1,17.2,264.0,8.8,31.58
135537,0.0,41,5.0,119.8,224.0,86.6,13.6,174.0,6.8,3.34
135539,0.0,73,0.73,94.3,175.0,94.1,13.6,345.0,6.0,3.67
135540,0.0,29,2.5,85.7,178.0,90.1,13.9,254.0,4.5,0.9
135541,0.0,68,3.43,106.9,165.0,91.1,13.2,338.0,10.0,30.85
135542,0.0,55,5.0,92.9,237.0,93.9,14.0,301.0,4.7,3.54
135543,0.0,14,1.15,73.5,106.0,84.1,12.9,191.0,6.4,0.11
135544,0.0,67,0.8,109.4,161.0,87.6,13.9,321.0,7.7,4.03
135545,0.0,78,2.46,109.0,203.0,85.7,13.6,174.0,6.6,1.31
135546,0.0,58,0.83,113.2,189.0,86.7,14.3,193.0,7.8,3.4
135547,0.0,9,1.18,53.7,210.0,86.2,13.2,313.0,4.9,0.15
135548,1.0,44,0.24,92.7,145.0,88.4,13.1,669.0,6.5,58.33
135549,0.0,17,4.12,82.9,173.0,86.9,12.4,227.0,5.1,0.19
135550,0.0,39,2.5,96.3,163.0,82.8,13.0,221.0,5.9,1.38
135551,0.0,64,4.31,116.8,193.0,87.9,13.5,259.0,6.7,6.34
135552,0.0,61,4.61,90.0,195.0,88.4,13.8,209.0,5.7,1.83
135553,0.0,37,5.0,92.7,178.0,87.9,13.5,259.0,6.7,1.45
135554,0.0,9,3.68,92.7,178.0,87.9,13.5,259.0,6.7,1.45
135555,0.0,32,1.1,115.0,186.0,86.7,14.4,247.0,7.6,9.23
135556,0.0,18,5.0,76.1,146.0,88.8,13.7,215.0,6.7,0.3
135557,0.0,8,1.06,80.9,178.0,87.9,13.5,259.0,6.7,1.45
135558,0.0,18,3.42,82.2,178.0,87.9,13.5,259.0,6.7,1.45
135559,0.0,18,2.5,73.9,178.0,87.9,13.5,259.0,6.7,1.45
135560,0.0,29,5.0,109.2,213.0,84.8,13.2,237.0,5.8,0.35
135561,0.0,59,1.55,141.4,203.0,92.3,13.4,272.0,7.9,8.33
135562,0.0,23,0.79,92.7,178.0,87.9,13.5,259.0,6.7,1.45
135563,0.0,67,2.5,92.7,178.0,87.9,13.5,259.0,6.7,1.45
135564,0.0,80,2.21,74.5,296.0,87.9,13.5,259.0,6.7,3.08
135565,0.0,37,0.33,116.9,184.0,85.5,14.9,184.0,6.6,3.7
135566,1.0,45,0.82,135.5,178.0,80.9,19.7,249.0,4.4,4.94
135567,0.0,80,5.0,104.3,178.0,87.9,13.5,259.0,6.7,1.45
135568,0.0,6,1.72,60.9,178.0,86.9,12.9,367.0,7.3,1.45
135569,0.0,80,5.0,90.8,120.0,88.0,12.6,140.0,5.4,0.5
135570,0.0,47,2.5,152.9,165.0,83.2,14.0,267.0,8.8,4.41
135571,0.0,65,1.06,102.6,226.0,94.0,14.1,213.0,5.6,1.15
135572,0.0,5,2.5,92.7,178.0,87.9,13.5,259.0,6.7,1.45
135573,0.0,70,2.1,98.9,208.0,92.6,12.4,214.0,5.8,1.62
135574,0.0,10,4.68,69.2,178.0,83.1,13.4,237.0,8.0,1.45
135575,0.0,1,1.05,92.7,178.0,87.9,13.5,259.0,6.7,1.45
135576,0.0,2,2.06,55.0,178.0,77.9,13.2,275.0,8.1,0.66
135577,0.0,7,0.79,63.4,143.0,85.7,13.0,265.0,8.1,15.35
135578,0.0,8,2.5,92.7,178.0,87.9,13.5,259.0,6.7,1.45
135579,0.0,2,3.41,41.4,178.0,87.9,13.5,259.0,6.7,1.45
135580,0.0,13,2.5,92.7,178.0,87.9,13.5,259.0,6.7,1.45
135581,0.0,41,5.0,98.5,161.0,86.3,13.3,163.0,5.3,0.48
135582,1.0,77,1.14,108.1,149.0,86.2,15.6,179.0,7.7,11.05
135583,0.0,46,2.5,97.1,245.0,87.1,12.9,320.0,8.4,1.48
135584,0.0,24,0.0,73.3,178.0,83.4,14.8,289.0,10.1,0.73
135585,1.0,65,0.82,92.7,178.0,87.9,13.5,259.0,6.7,1.45
135586,0.0,45,5.0,94.3,174.0,93.9,13.2,176.0,5.8,0.83
135587,0.0,69,5.0,97.4,159.0,95.3,13.2,226.0,11.7,1.81
135588,0.0,73,2.5,103.7,157.0,90.0,13.3,255.0,6.6,4.47
135589,0.0,43,5.0,103.2,226.0,89.7,13.1,288.0,4.4,1.46
135590,0.0,3,2.5,47.4,178.0,87.9,13.5,259.0,6.7,1.45
135591,0.0,53,5.0,126.7,224.0,91.9,13.6,246.0,7.6,3.22
135592,0.0,78,2.36,118.4,151.0,91.0,13.3,156.0,5.2,0.84
135593,0.0,80,5.0,99.3,165.0,88.2,13.8,276.0,6.6,3.46
135594,0.0,8,2.98,62.1,142.0,79.6,14.0,330.0,7.1,1.07
135595,0.0,11,2.96,92.7,178.0,87.9,13.5,259.0,6.7,1.45
135596,0.0,21,2.5,92.7,178.0,87.9,13.5,259.0,6.7,1.45
135597,0.0,70,3.22,92.7,261.0,90.6,14.0,292.0,5.4,1.83
135598,0.0,13,1.3,75.8,180.0,97.2,13.0,232.0,8.5,0.16
135599,0.0,26,5.0,78.7,178.0,91.1,12.2,254.0,5.8,1.45
135600,0.0,1,4.43,92.7,178.0,78.0,14.3,479.0,12.5,0.15
135601,0.0,11,2.41,84.7,178.0,82.4,13.4,368.0,6.7,0.25
135602,0.0,36,2.5,112.3,193.0,83.0,13.1,286.0,8.2,3.0
135603,0.0,69,0.88,84.0,191.0,90.0,13.8,281.0,7.5,2.53
135604,0.0,75,4.42,92.7,178.0,87.9,13.5,259.0,6.7,1.45
135605,0.0,31,2.5,89.8,178.0,87.9,13.5,259.0,6.7,1.45
135606,0.0,71,2.5,92.7,178.0,87.9,13.5,259.0,6.7,1.45
135607,0.0,38,2.5,92.7,178.0,87.9,13.5,259.0,6.7,1.45
135608,0.0,60,5.0,101.5,210.0,87.0,13.3,325.0,9.1,3.48
135609,0.0,41,5.0,68.3,223.0,90.7,13.6,297.0,6.7,0.59
135610,0.0,69,3.07,125.9,129.0,86.1,14.2,223.0,6.3,9.08
135611,0.0,4,1.8,53.3,178.0,81.8,13.1,306.0,7.6,0.11
135613,0.0,19,2.58,92.7,178.0,87.9,13.5,259.0,6.7,1.45
135614,0.0,10,2.42,92.7,178.0,87.9,13.5,259.0,6.7,1.45
135615,0.0,78,2.5,94.4,165.0,85.6,14.8,197.0,5.2,9.98
135616,0.0,29,4.37,92.7,161.0,88.0,13.3,268.0,7.7,4.77
135617,0.0,6,4.26,54.0,178.0,87.9,13.5,259.0,6.7,1.45
135618,0.0,13,5.0,71.9,150.0,85.7,13.5,227.0,4.7,0.49
135619,0.0,43,2.5,103.5,199.0,90.2,12.3,185.0,5.8,1.86
135620,0.0,6,0.62,92.7,178.0,87.9,13.5,259.0,6.7,1.45
135621,1.0,62,1.97,97.8,176.0,92.9,12.3,421.0,9.0,2.9
135622,0.0,65,2.5,123.7,211.0,85.9,14.2,250.0,6.5,5.02
135623,1.0,53,1.22,120.5,178.0,87.9,13.5,259.0,6.7,1.45
135624,0.0,11,2.5,92.7,178.0,87.9,13.5,259.0,6.7,1.45
135625,0.0,5,2.72,92.7,178.0,87.9,13.5,259.0,6.7,1.45
135626,1.0,63,0.84,92.7,178.0,87.9,13.5,259.0,6.7,1.45
135627,0.0,74,4.6,92.7,178.0,87.9,13.5,259.0,6.7,1.45
135628,1.0,75,2.51,93.6,165.0,93.0,12.7,258.0,6.0,0.74
135629,0.0,1,1.12,92.7,178.0,87.9,13.5,259.0,6.7,1.45
135630,0.0,11,1.01,97.5,168.0,87.5,12.5,304.0,6.3,0.75
135631,0.0,57,2.73,102.6,188.0,88.2,13.0,255.0,6.5,3.36
135632,0.0,15,1.78,92.7,178.0,87.9,13.5,259.0,6.7,1.45
135633,1.0,80,1.03,64.6,162.0,95.6,13.9,209.0,4.8,0.68
135634,0.0,21,1.57,88.7,163.0,92.7,13.2,238.0,7.9,1.81
135635,0.0,27,2.5,92.7,178.0,87.9,13.5,259.0,6.7,1.45
135636,0.0,1,1.74,92.7,178.0,87.9,13.5,259.0,6.7,1.45
135637,0.0,41,1.27,92.7,165.0,89.1,14.8,370.0,7.3,9.53
135638,0.0,30,3.83,102.2,154.0,87.3,13.4,317.0,5.6,0.94
135639,0.0,70,2.16,80.4,180.0,90.3,13.0,204.0,7.6,0.37
135640,0.0,58,0.61,77.4,170.0,92.7,12.5,269.0,6.6,1.97
135641,0.0,70,4.06,102.2,238.0,87.0,13.8,221.0,6.5,1.28
135642,0.0,66,5.0,92.7,178.0,87.9,13.5,259.0,6.7,1.45
135643,0.0,56,0.72,90.0,179.0,86.2,16.2,234.0,4.7,1.03
135644,0.0,67,5.0,114.6,200.0,88.7,13.4,145.0,7.4,0.36
135645,0.0,60,1.15,73.4,207.0,85.7,14.6,244.0,5.5,0.18
135646,0.0,39,1.99,115.3,162.0,86.1,13.9,382.0,9.7,4.56
135647,0.0,7,5.0,58.2,124.0,88.5,12.4,312.0,7.9,0.36
135648,0.0,13,2.5,72.9,178.0,89.3,14.0,144.0,5.3,1.45
135649,0.0,74,1.24,103.4,142.0,87.9,13.5,259.0,6.7,4.45
135650,1.0,57,1.1,133.1,156.0,90.4,14.7,275.0,6.3,3.02
135651,0.0,36,0.94,92.7,178.0,87.9,13.5,259.0,6.7,1.45
135652,0.0,2,2.5,92.7,178.0,87.9,13.5,259.0,6.7,1.45
135653,0.0,27,2.74,88.4,186.0,95.2,13.3,308.0,7.0,0.63
135654,0.0,42,1.67,77.5,181.0,89.8,12.5,179.0,7.7,0.24
135655,0.0,12,5.0,97.0,173.0,80.6,12.9,268.0,6.2,0.57
135656,0.0,75,1.02,92.7,178.0,87.9,13.5,259.0,6.7,1.45
135657,0.0,12,3.08,92.7,178.0,87.9,13.5,259.0,6.7,1.45
135658,0.0,9,1.41,92.7,178.0,87.9,13.5,259.0,6.7,1.45
135659,0.0,62,0.43,92.7,178.0,87.9,13.5,259.0,6.7,1.45
135661,1.0,59,3.26,102.0,364.0,87.7,12.9,291.0,10.1,1.01
135662,0.0,21,2.87,92.7,178.0,87.9,13.5,259.0,6.7,1.45
135663,0.0,62,5.0,82.7,168.0,87.2,12.9,176.0,4.4,1.26
135664,0.0,50,4.91,92.7,178.0,87.9,13.5,259.0,6.7,1.45
135665,1.0,65,0.58,113.2,134.0,92.0,13.3,178.0,2.9,1.79
135666,0.0,7,5.0,92.7,178.0,87.9,13.5,259.0,6.7,1.45
135667,1.0,68,2.5,92.7,178.0,87.9,13.5,259.0,6.7,1.45
135668,0.0,61,1.18,92.7,263.0,90.3,15.1,141.0,7.8,14.77
135669,0.0,37,3.6,108.3,200.0,88.1,13.5,273.0,7.1,2.68
135670,0.0,6,1.41,50.6,156.0,81.9,12.8,349.0,4.7,0.11
135671,0.0,36,1.78,92.7,104.0,83.8,13.7,258.0,4.4,3.81
135672,0.0,33,1.92,158.3,199.0,82.7,13.6,339.0,8.0,17.38
135673,0.0,5,1.7,51.0,178.0,81.7,13.1,425.0,9.6,4.97
135674,0.0,25,2.5,82.0,200.0,85.6,13.7,272.0,8.0,0.96
135675,0.0,74,2.21,104.9,114.0,85.4,13.4,198.0,7.1,2.5
135676,0.0,9,0.38,58.6,142.0,84.0,14.4,285.0,5.9,0.11
135677,1.0,23,2.5,92.7,178.0,87.9,13.5,259.0,6.7,1.45
135678,0.0,42,3.3,80.6,162.0,93.1,13.3,196.0,5.3,1.16
135679,0.0,4,5.0,92.7,178.0,87.9,13.5,259.0,6.7,1.45
135680,0.0,52,2.5,115.5,170.0,85.3,13.9,262.0,9.9,2.17
135681,0.0,12,5.0,67.2,178.0,86.9,13.9,289.0,6.2,0.27
135682,0.0,64,0.0,93.0,172.0,86.7,13.2,172.0,3.8,0.93
135683,0.0,16,5.0,92.7,178.0,87.9,13.5,259.0,6.7,1.45
135684,0.0,2,1.68,47.5,178.0,87.9,13.5,259.0,6.7,1.45
135685,0.0,6,2.5,58.3,122.0,77.4,15.4,381.0,9.9,5.0
135686,0.0,46,5.0,92.7,178.0,87.9,13.5,259.0,6.7,1.45
135687,0.0,60,2.5,85.0,184.0,91.0,13.2,280.0,9.2,6.18
135688,0.0,12,5.0,64.4,140.0,86.6,12.9,251.0,7.3,0.16
135689,0.0,3,1.99,46.4,178.0,83.5,12.8,306.0,11.0,0.44
135690,0.0,1,1.56,92.7,178.0,86.1,13.6,295.0,8.0,1.45
135691,0.0,66,3.47,100.8,155.0,96.8,15.4,239.0,4.8,0.41
135692,0.0,63,0.29,97.6,172.0,76.1,14.1,235.0,6.0,0.62
135693,0.0,30,5.0,88.6,212.0,81.9,12.9,185.0,2.5,0.15
135694,0.0,78,2.61,95.2,147.0,94.1,13.3,223.0,5.1,0.52
135695,0.0,51,4.31,83.4,233.0,93.3,13.2,276.0,6.9,5.35
135696,0.0,2,2.5,49.5,178.0,78.2,14.1,228.0,6.5,1.45
135697,0.0,75,1.32,120.7,147.0,90.1,13.7,516.0,9.3,1.01
135698,0.0,15,1.82,92.7,178.0,87.9,13.5,259.0,6.7,1.45
135699,0.0,38,1.09,87.2,230.0,67.1,16.4,175.0,4.6,0.6
135700,0.0,57,2.73,114.8,192.0,91.1,12.8,211.0,6.9,0.22
135701,0.0,51,2.61,108.4,127.0,89.4,16.5,390.0,14.7,3.15
135702,0.0,23,0.97,88.9,178.0,81.6,14.1,232.0,6.5,1.45
135703,0.0,24,5.0,92.7,178.0,87.9,13.5,259.0,6.7,1.45
135704,0.0,73,2.5,88.2,212.0,91.0,13.7,281.0,5.8,2.1
135705,1.0,69,1.21,92.7,178.0,87.9,13.5,259.0,6.7,1.45
135706,0.0,50,0.2,132.1,226.0,87.2,13.0,267.0,6.6,12.9
135707,0.0,12,2.41,100.9,178.0,87.9,13.5,259.0,6.7,1.45
135708,0.0,69,1.94,97.2,178.0,85.0,21.5,243.0,8.2,1.45
135709,0.0,76,2.5,117.5,187.0,86.8,13.0,234.0,4.8,0.99
135710,0.0,51,2.87,92.7,178.0,87.9,13.5,259.0,6.7,1.45
135711,0.0,75,4.34,105.9,143.0,96.8,12.9,190.0,5.5,0.35
135712,0.0,80,4.56,110.7,202.0,88.6,14.4,199.0,5.4,1.81
135713,0.0,68,1.81,122.4,230.0,87.8,14.7,210.0,7.4,13.32
135714,0.0,80,1.52,92.7,178.0,87.9,13.5,259.0,6.7,1.45
135715,0.0,68,2.5,117.2,284.0,84.9,13.8,269.0,5.3,4.44
135716,1.0,80,1.81,95.4,145.0,90.4,13.7,244.0,6.3,1.26
135717,0.0,1,4.64,92.7,178.0,87.9,13.5,259.0,6.7,1.45
135718,0.0,27,2.5,92.7,178.0,87.9,13.5,259.0,6.7,1.45
135719,0.0,68,5.0,87.0,264.0,94.0,13.6,266.0,5.4,0.86
135720,0.0,48,1.93,120.5,162.0,87.7,15.4,229.0,6.9,4.37
135721,0.0,68,1.94,97.5,228.0,90.1,14.0,238.0,5.0,0.62
135722,0.0,44,3.57,95.8,153.0,85.4,15.0,215.0,6.4,0.71
135723,1.0,55,3.96,129.2,229.0,75.2,17.3,452.0,12.6,15.94
135724,0.0,26,5.0,81.8,155.0,90.0,12.4,212.0,5.8,0.58
135725,0.0,10,2.5,92.7,178.0,87.9,13.5,259.0,6.7,1.45
135726,0.0,60,5.0,95.3,228.0,90.1,13.6,318.0,7.3,0.79
135728,0.0,20,2.5,124.4,151.0,73.2,14.2,323.0,5.5,13.07
135729,0.0,7,0.0,53.0,154.0,74.9,13.2,325.0,7.2,0.11
135730,0.0,66,3.02,106.1,193.0,90.0,13.7,202.0,6.2,4.38
135731,0.0,32,1.91,129.4,214.0,91.1,13.5,328.0,11.2,10.31
135732,0.0,27,0.1,92.7,178.0,87.9,13.5,259.0,6.7,1.45
135733,0.0,18,2.61,79.3,124.0,88.4,13.5,203.0,5.2,0.41
135734,0.0,59,1.34,113.6,152.0,88.8,13.4,276.0,7.1,1.66
135735,0.0,11,0.65,92.7,178.0,87.9,13.5,259.0,6.7,1.45
135736,0.0,49,2.5,92.7,178.0,87.9,13.5,259.0,6.7,1.45
135737,0.0,4,1.29,48.9,178.0,83.5,14.3,499.0,8.0,2.55
135738,0.0,48,2.5,96.6,235.0,91.9,13.7,182.0,5.0,1.16
135739,0.0,65,2.5,92.7,178.0,87.9,13.5,259.0,6.7,1.45
135740,0.0,76,5.0,102.2,203.0,86.5,14.0,259.0,7.2,4.0
135741,0.0,60,1.44,125.7,156.0,88.4,14.4,201.0,12.1,8.6
135742,1.0,66,3.09,100.2,243.0,88.3,12.9,331.0,4.3,3.33
135743,0.0,74,5.0,109.2,245.0,96.0,13.6,241.0,8.9,5.9
135744,0.0,11,2.56,68.4,200.0,85.9,12.2,433.0,6.1,0.8
135745,0.0,51,3.19,141.0,165.0,88.7,13.6,346.0,7.2,4.94
135746,0.0,8,2.5,92.7,178.0,87.9,13.5,259.0,6.7,1.45
135747,0.0,40,2.5,92.2,134.0,90.2,13.2,277.0,5.5,1.24
135748,0.0,7,2.5,59.5,126.0,81.1,14.1,327.0,8.9,5.77
135749,0.0,72,1.95,104.7,178.0,92.4,14.2,302.0,9.3,1.45
135751,0.0,3,0.48,92.7,178.0,87.9,13.5,259.0,6.7,1.45
135752,0.0,31,4.68,92.7,178.0,87.9,13.5,259.0,6.7,1.45
135753,0.0,24,0.24,95.9,131.0,83.8,14.2,324.0,7.4,17.66
135754,0.0,66,2.5,107.1,178.0,87.9,13.5,259.0,6.7,1.45
135755,0.0,9,1.16,65.0,178.0,78.2,13.8,306.0,5.6,2.23
135756,0.0,36,2.5,92.7,178.0,87.9,13.5,259.0,6.7,1.45
135757,0.0,7,1.13,60.8,178.0,88.5,13.3,223.0,9.4,1.45
135758,0.0,4,2.5,49.9,178.0,80.4,13.9,204.0,5.4,0.59
135759,0.0,62,0.62,92.7,178.0,87.9,13.5,259.0,6.7,1.45
135760,0.0,11,2.88,61.0,139.0,84.0,13.9,314.0,4.3,0.11
135761,0.0,18,5.0,89.6,169.0,80.6,13.3,261.0,7.8,1.22
135762,0.0,5,2.5,66.7,178.0,87.9,13.5,259.0,6.7,1.45
135763,0.0,12,0.55,60.7,193.0,79.2,14.9,230.0,7.8,42.42
135764,0.0,12,0.85,70.8,178.0,87.9,13.5,259.0,6.7,1.45
135765,0.0,2,1.05,50.5,178.0,81.9,13.0,306.0,6.9,1.45
135766,0.0,41,2.5,83.7,200.0,87.3,13.5,280.0,7.8,1.57
135767,0.0,50,5.0,92.7,178.0,87.9,13.5,259.0,6.7,1.45
135768,0.0,62,1.03,87.0,179.0,84.9,14.2,290.0,11.7,37.91
135769,0.0,11,3.0,60.9,202.0,83.3,13.4,326.0,6.6,0.36
135770,0.0,60,2.5,84.9,240.0,95.5,12.9,162.0,4.6,0.7
135771,0.0,3,1.44,92.7,178.0,87.9,13.5,259.0,6.7,1.45
135772,0.0,46,3.77,123.7,107.0,86.1,14.0,260.0,5.4,2.54
135773,0.0,11,0.62,92.7,178.0,87.9,13.5,259.0,6.7,1.45
135774,0.0,3,2.13,92.7,178.0,87.9,13.5,259.0,6.7,1.45
135775,0.0,33,1.97,94.1,178.0,87.9,13.5,259.0,6.7,1.45
135776,1.0,71,2.67,85.0,126.0,92.1,14.7,284.0,7.8,0.48
135777,0.0,61,3.69,91.6,162.0,88.0,13.4,172.0,6.0,0.98
135778,0.0,15,1.01,92.7,178.0,87.9,13.5,259.0,6.7,1.45
135779,0.0,13,4.93,125.8,138.0,84.5,13.3,305.0,9.9,9.45
135780,0.0,3,0.84,92.7,178.0,87.9,13.5,259.0,6.7,1.45
135781,0.0,14,0.45,87.6,154.0,86.4,14.6,207.0,6.4,0.23
135782,0.0,31,3.75,133.4,192.0,87.1,13.0,303.0,8.2,7.57
135783,0.0,59,0.0,117.1,231.0,92.2,15.5,238.0,4.1,2.55
135784,0.0,18,2.5,92.7,178.0,87.9,13.5,259.0,6.7,1.45
135785,0.0,34,5.0,92.7,178.0,87.9,13.5,259.0,6.7,1.45
135786,0.0,55,2.5,92.7,178.0,87.9,13.5,259.0,6.7,1.45
135787,0.0,72,2.5,92.7,215.0,92.5,13.6,225.0,7.7,1.59
135788,0.0,34,2.5,92.7,178.0,87.9,13.5,259.0,6.7,1.45
135789,0.0,16,0.82,106.3,183.0,87.7,13.3,295.0,8.2,0.94
135790,0.0,64,0.81,128.9,191.0,88.5,14.2,191.0,9.5,5.87
135791,0.0,24,0.67,92.7,178.0,87.9,13.5,259.0,6.7,1.45
135792,0.0,37,1.7,119.5,167.0,82.7,14.6,313.0,5.5,7.45
135793,0.0,10,2.64,92.7,178.0,87.9,13.5,259.0,6.7,1.45
135794,0.0,34,2.07,109.9,233.0,93.8,12.8,199.0,6.3,2.82
135795,0.0,16,2.82,92.7,178.0,87.9,13.5,259.0,6.7,1.45
135796,0.0,33,5.0,92.7,178.0,87.9,13.5,259.0,6.7,1.45
135797,0.0,65,2.5,97.9,198.0,86.8,14.1,239.0,6.1,1.45
135798,0.0,56,1.1,94.9,197.0,89.7,13.1,249.0,6.3,0.69
135799,0.0,1,1.09,92.7,178.0,87.9,13.5,259.0,6.7,1.45
135800,0.0,25,2.4,92.7,178.0,87.9,13.5,259.0,6.7,1.45
135801,0.0,71,4.56,111.8,152.0,92.9,14.3,166.0,7.3,2.59
135802,0.0,7,1.8,92.7,178.0,87.9,13.5,259.0,6.7,1.45
135803,0.0,3,1.7,92.7,178.0,87.9,13.5,259.0,6.7,1.45
135804,1.0,78,4.69,121.5,191.0,92.6,14.1,216.0,6.3,1.15
135805,0.0,16,0.84,68.3,162.0,86.7,13.3,243.0,4.0,0.19
135806,0.0,80,5.0,89.2,140.0,92.3,13.7,444.0,2.6,0.82
135807,1.0,63,1.77,91.5,133.0,97.0,12.9,203.0,8.9,1.24
135808,0.0,41,5.0,105.2,190.0,88.9,12.6,299.0,6.2,0.93
135809,0.0,45,4.64,104.4,199.0,86.4,12.5,216.0,6.2,6.84
135810,0.0,13,2.5,92.7,178.0,87.9,13.5,259.0,6.7,1.45
135811,0.0,67,4.56,88.6,284.0,73.1,24.3,286.0,3.4,2.11
135812,0.0,17,2.58,92.7,178.0,87.9,13.5,259.0,6.7,1.45
135813,0.0,6,3.56,92.7,178.0,87.9,13.5,259.0,6.7,1.45
135814,0.0,33,2.5,92.7,178.0,87.9,13.5,259.0,6.7,1.45
135815,0.0,51,2.94,92.7,178.0,87.9,13.5,259.0,6.7,1.45
135816,0.0,19,5.0,92.7,178.0,87.9,13.5,259.0,6.7,1.45
135817,0.0,10,4.62,78.3,210.0,85.3,14.7,333.0,7.9,0.3
135818,0.0,5,0.25,92.7,178.0,87.9,13.5,259.0,6.7,1.45
135819,0.0,17,4.27,71.3,135.0,86.1,13.4,243.0,5.0,0.26
135820,0.0,8,2.5,92.7,178.0,87.9,13.5,259.0,6.7,1.45
135821,0.0,42,5.0,117.6,238.0,82.8,13.5,292.0,6.1,3.14
135822,0.0,46,5.0,134.3,250.0,91.1,12.9,247.0,7.7,3.87
135823,0.0,77,2.06,78.2,205.0,87.1,14.6,360.0,7.2,2.37
135824,0.0,55,2.5,92.7,178.0,87.9,13.5,259.0,6.7,1.45
135825,0.0,13,2.64,69.8,170.0,75.9,14.3,262.0,9.5,0.37
135826,0.0,68,4.12,108.2,217.0,85.2,15.1,255.0,5.7,3.22
135827,0.0,63,5.0,110.5,178.0,87.9,13.5,259.0,6.7,1.45
135828,0.0,49,0.04,92.7,178.0,87.9,13.5,259.0,6.7,1.45
135829,0.0,2,4.32,47.5,178.0,87.9,13.5,259.0,6.7,1.45
135830,0.0,41,0.74,63.5,175.0,89.0,12.7,144.0,4.1,0.61
135831,0.0,10,2.74,62.0,154.0,83.6,13.2,347.0,6.4,0.11
135832,0.0,50,2.5,92.4,163.0,90.1,13.4,211.0,4.5,2.14
135833,0.0,13,2.12,57.6,178.0,87.9,13.5,259.0,6.7,1.45
135834,0.0,34,4.14,98.4,126.0,87.5,13.4,338.0,5.9,4.65
135835,0.0,9,5.0,92.7,178.0,87.9,13.5,259.0,6.7,1.45
135836,0.0,15,1.98,92.7,178.0,87.9,13.5,259.0,6.7,1.45
135837,0.0,44,5.0,92.7,178.0,87.9,13.5,259.0,6.7,1.45
135839,0.0,62,2.73,113.8,153.0,90.8,13.0,290.0,8.8,4.24
135840,0.0,8,2.5,92.7,178.0,87.9,13.5,259.0,6.7,1.45
135841,0.0,37,5.0,80.0,195.0,85.6,13.4,239.0,8.3,0.31
135842,0.0,58,5.0,101.1,193.0,80.5,14.7,181.0,6.7,8.36
135843,0.0,23,2.5,92.7,178.0,87.9,13.5,259.0,6.7,1.45
135844,0.0,32,1.85,78.5,176.0,88.2,14.2,303.0,6.1,0.66
135845,0.0,66,1.86,90.4,199.0,95.2,13.5,227.0,4.4,1.7
135846,0.0,61,1.67,77.1,120.0,94.7,12.7,325.0,7.8,4.81
135847,0.0,64,2.5,92.7,178.0,87.9,13.5,259.0,6.7,1.45
135848,0.0,80,4.78,95.7,173.0,90.3,14.1,271.0,7.4,2.28
135849,0.0,63,4.46,91.2,253.0,91.3,13.2,223.0,8.3,2.93
135850,0.0,8,4.03,68.7,178.0,87.9,13.5,259.0,6.7,1.45
135851,0.0,60,5.0,73.6,193.0,95.0,13.5,184.0,4.3,0.63
135852,0.0,14,2.5,70.3,178.0,87.9,13.5,259.0,6.7,1.45
135853,0.0,80,1.03,97.6,159.0,93.6,15.6,255.0,4.3,0.96
135854,1.0,80,2.18,92.7,178.0,87.9,13.5,259.0,6.7,1.45
135855,0.0,79,1.71,118.0,159.0,87.0,13.6,240.0,8.3,2.06
135856,0.0,4,5.0,92.7,178.0,87.9,13.5,259.0,6.7,1.45
135857,0.0,13,2.5,77.0,178.0,87.9,13.5,259.0,6.7,1.45
135858,0.0,70,3.29,87.0,217.0,87.8,13.8,232.0,4.2,3.09
135859,0.0,64,5.0,82.5,194.0,91.3,12.8,327.0,11.0,0.9
135860,0.0,44,2.5,92.7,178.0,87.9,13.5,259.0,6.7,1.45
135861,0.0,2,0.45,48.2,178.0,87.9,13.5,259.0,6.7,1.45
135862,0.0,44,2.67,92.7,178.0,87.9,13.5,259.0,6.7,1.45
135863,0.0,79,2.21,92.7,178.0,87.9,13.5,259.0,6.7,1.45
135864,0.0,12,3.55,66.4,178.0,84.0,13.2,378.0,6.7,1.45
135865,0.0,80,1.22,95.2,169.0,77.1,15.7,199.0,7.3,0.33
135866,0.0,47,3.42,92.7,178.0,87.9,13.5,259.0,6.7,1.45
135867,0.0,74,0.74,87.7,263.0,86.1,13.4,324.0,8.1,0.77
135868,0.0,41,5.0,96.4,231.0,92.7,13.6,340.0,9.1,0.85
135869,0.0,1,2.31,92.7,178.0,87.9,13.5,259.0,6.7,1.45
135870,0.0,4,2.85,92.7,178.0,87.9,13.5,259.0,6.7,1.45
135871,0.0,67,3.68,92.7,178.0,87.9,13.5,259.0,6.7,1.45
135872,0.0,57,5.0,103.9,162.0,86.2,15.3,294.0,6.4,3.7
135873,0.0,56,0.61,152.7,117.0,85.5,14.4,369.0,8.5,6.92
135874,0.0,14,5.0,69.1,144.0,87.0,14.6,309.0,5.7,0.25
135875,0.0,11,1.59,92.7,178.0,87.9,13.5,259.0,6.7,1.45
135876,0.0,61,5.0,89.2,273.0,89.8,13.0,544.0,6.4,4.06
135877,0.0,77,5.0,124.3,202.0,95.2,13.8,189.0,8.4,6.34
135878,0.0,16,3.62,68.8,178.0,87.9,13.5,259.0,6.7,1.45
135879,0.0,10,5.0,57.5,163.0,87.4,13.5,295.0,7.3,0.55
135880,0.0,3,1.01,92.7,178.0,87.9,13.5,259.0,6.7,1.45
135881,0.0,28,0.77,86.5,168.0,93.9,13.1,305.0,4.6,0.29
135882,0.0,46,2.5,111.4,214.0,87.6,13.7,304.0,6.8,10.31
135883,1.0,69,3.82,92.7,178.0,79.3,20.6,249.0,6.0,1.45
135884,0.0,9,3.45,68.2,178.0,87.9,13.5,259.0,6.7,1.45
135885,0.0,20,1.23,88.5,141.0,84.1,13.0,298.0,7.6,0.49
135886,0.0,30,0.57,103.6,184.0,83.0,13.5,249.0,5.8,5.68
135887,0.0,10,1.46,84.3,184.0,82.8,13.6,386.0,5.1,0.91
135888,0.0,42,5.0,99.0,178.0,83.2,13.8,345.0,6.2,1.45
135889,0.0,61,5.0,97.5,178.0,92.5,13.2,329.0,5.7,2.29
135890,0.0,58,2.62,89.1,171.0,90.5,12.3,307.0,8.3,1.41
135891,0.0,37,3.09,98.9,209.0,88.8,12.9,220.0,6.0,1.05
135892,0.0,20,2.82,75.9,95.0,94.5,12.5,206.0,4.4,1.79
135893,0.0,71,5.0,120.7,195.0,85.2,16.4,263.0,7.7,2.39
135894,0.0,8,2.5,58.0,178.0,87.9,13.5,259.0,6.7,1.45
135895,0.0,20,5.0,70.6,123.0,92.1,12.1,201.0,4.1,1.71
135896,0.0,8,1.91,52.9,178.0,87.9,13.5,259.0,6.7,1.45
135898,0.0,16,2.5,74.0,146.0,90.8,13.5,217.0,4.5,0.57
135900,0.0,61,2.5,127.1,185.0,87.5,14.9,268.0,6.5,30.56
135901,0.0,4,3.41,92.7,178.0,87.9,13.5,259.0,6.7,1.45
135902,0.0,27,2.87,96.3,187.0,86.5,12.7,286.0,8.5,0.66
135903,0.0,62,2.46,106.3,199.0,89.5,13.3,327.0,8.2,1.2
135904,0.0,2,2.5,49.3,178.0,87.9,13.5,259.0,6.7,1.45
135905,0.0,12,1.3,62.6,178.0,87.9,13.5,259.0,6.7,1.45
135906,0.0,26,1.44,82.8,180.0,83.2,12.6,215.0,7.0,0.43
135907,0.0,10,1.24,57.9,136.0,84.0,12.6,260.0,8.5,0.33
135908,0.0,63,4.42,95.6,210.0,91.4,13.3,262.0,7.5,1.98
135909,0.0,34,2.16,99.5,163.0,85.1,13.7,310.0,7.7,7.06
135910,1.0,63,5.0,148.7,178.0,87.9,13.5,259.0,6.7,1.45
135911,0.0,65,1.27,111.6,266.0,97.0,12.9,270.0,6.2,0.97
135912,0.0,41,2.5,92.7,178.0,87.9,13.5,259.0,6.7,1.45
135913,0.0,52,0.96,92.7,178.0,87.9,13.5,259.0,6.7,1.45
135914,0.0,63,4.53,115.7,235.0,95.1,13.7,262.0,6.4,5.85
135915,0.0,54,0.0,126.9,178.0,87.9,13.5,259.0,6.7,1.45
135916,0.0,60,3.55,92.7,193.0,91.2,13.5,303.0,7.4,4.19
135917,0.0,23,4.12,92.7,178.0,87.9,13.5,259.0,6.7,1.45
135918,0.0,41,5.0,92.7,178.0,87.9,13.5,259.0,6.7,1.45
135919,0.0,62,3.04,109.6,244.0,87.9,13.5,259.0,6.7,2.37
135920,0.0,40,2.5,101.3,157.0,80.2,13.8,278.0,4.1,1.81
135921,0.0,44,2.5,92.7,128.0,76.2,16.5,188.0,4.1,1.33
135922,0.0,80,1.71,92.7,178.0,87.9,13.5,259.0,6.7,1.45
135923,0.0,60,3.42,92.7,178.0,87.9,13.5,259.0,6.7,1.45
135924,0.0,7,5.0,57.4,138.0,81.2,13.4,306.0,6.8,0.11
135925,0.0,49,5.0,92.7,178.0,87.9,13.5,259.0,6.7,1.45
135926,0.0,61,2.73,92.7,178.0,87.9,13.5,259.0,6.7,1.45
135927,0.0,40,2.5,114.9,147.0,93.0,12.2,200.0,5.7,1.87
135928,0.0,75,0.76,99.1,157.0,90.1,14.4,203.0,4.7,0.15
135929,0.0,73,1.91,101.2,187.0,91.1,13.3,223.0,4.3,0.52
135930,0.0,59,5.0,89.4,187.0,92.8,12.4,246.0,4.1,0.71
135931,0.0,8,0.92,92.7,178.0,87.9,13.5,259.0,6.7,1.45
135932,0.0,59,3.55,92.7,178.0,87.9,13.5,259.0,6.7,1.45
135933,0.0,8,0.68,73.3,136.0,84.6,12.7,302.0,8.0,0.47
135934,0.0,1,1.07,92.7,178.0,87.9,13.5,259.0,6.7,1.45
135935,0.0,41,4.32,92.7,178.0,87.9,13.5,259.0,6.7,1.45
135936,0.0,12,0.36,92.7,178.0,87.9,13.5,259.0,6.7,1.45
135937,0.0,26,3.43,98.3,208.0,87.2,12.6,250.0,7.9,1.98
135938,0.0,28,5.0,73.4,169.0,86.9,13.1,263.0,5.4,1.76
135939,0.0,41,2.02,92.7,178.0,87.9,13.5,259.0,6.7,1.45
135940,0.0,47,5.0,83.9,131.0,89.3,13.3,208.0,4.9,0.35
135941,0.0,21,1.3,76.5,153.0,84.2,13.7,292.0,10.2,0.28
135942,0.0,19,2.5,92.7,178.0,87.9,13.5,259.0,6.7,1.45
135943,0.0,69,0.68,92.0,205.0,90.2,14.1,254.0,5.0,4.21
135944,0.0,23,5.0,92.7,178.0,87.9,13.5,259.0,6.7,1.45
135945,0.0,48,4.12,93.9,209.0,98.0,13.0,276.0,7.0,0.65
135946,0.0,72,2.5,126.8,203.0,87.1,13.8,244.0,6.5,4.9
135947,0.0,5,2.28,92.7,178.0,87.9,13.5,259.0,6.7,1.45
135948,0.0,1,2.5,92.7,178.0,82.0,13.8,381.0,9.4,0.11
135949,0.0,23,2.5,92.7,178.0,87.9,13.5,259.0,6.7,1.45
135950,0.0,13,0.77,87.1,178.0,85.1,14.2,329.0,8.5,1.45
135951,0.0,9,2.5,80.8,178.0,87.9,13.5,259.0,6.7,1.45
135952,0.0,19,0.99,70.8,189.0,62.6,20.2,327.0,5.3,0.42
135953,0.0,60,0.66,105.0,304.0,82.9,14.5,297.0,7.6,1.28
135954,0.0,29,1.91,93.6,178.0,87.9,13.5,259.0,6.7,1.45
135955,0.0,16,0.92,91.6,151.0,71.9,15.9,397.0,8.6,0.42
135956,0.0,30,1.2,142.2,144.0,84.0,14.1,291.0,8.5,13.01
135957,0.0,53,2.19,118.2,389.0,96.4,14.1,290.0,11.8,5.52
135958,0.0,7,2.5,92.7,178.0,87.9,13.5,259.0,6.7,1.45
135959,0.0,76,4.1,80.8,208.0,92.8,13.1,319.0,6.2,3.04
135960,0.0,75,1.84,98.8,202.0,88.4,12.9,218.0,8.0,2.15
135961,0.0,26,2.61,111.0,169.0,86.5,14.2,242.0,6.6,6.6
135962,0.0,50,5.0,128.7,228.0,83.3,15.2,264.0,9.1,31.44
135963,1.0,60,2.5,103.8,178.0,87.9,13.5,259.0,6.7,1.45
135964,0.0,23,0.34,113.5,203.0,86.2,12.7,337.0,10.6,1.55
135965,0.0,15,4.32,92.7,178.0,87.9,13.5,259.0,6.7,1.45
135966,0.0,30,0.25,97.2,230.0,81.4,16.4,274.0,7.2,0.99
135967,0.0,57,2.5,92.7,178.0,87.9,13.5,259.0,6.7,1.45
135968,0.0,80,2.73,104.0,157.0,88.6,14.7,215.0,7.4,1.79
135969,0.0,33,5.0,100.4,194.0,57.7,16.3,224.0,7.2,0.95
135970,1.0,61,2.03,121.6,178.0,95.1,12.8,330.0,7.5,1.45
135971,0.0,18,2.5,92.7,178.0,87.9,13.5,259.0,6.7,1.45
135972,0.0,19,5.0,92.7,148.0,80.8,14.0,228.0,6.7,0.28
135973,1.0,78,2.65,106.7,169.0,89.0,15.2,221.0,7.5,4.66
135974,0.0,9,2.5,80.8,178.0,87.9,13.5,259.0,6.7,1.45
135975,0.0,30,1.31,92.7,178.0,87.9,13.5,259.0,6.7,1.45
135976,1.0,76,2.5,103.9,170.0,90.3,13.9,275.0,5.3,8.81
135977,1.0,73,0.88,109.4,134.0,94.2,13.6,168.0,7.3,3.63
135978,0.0,18,0.0,92.7,178.0,87.9,13.5,259.0,6.7,1.45
135979,0.0,40,1.54,92.7,178.0,87.9,13.5,259.0,6.7,1.45
135980,0.0,55,2.04,90.2,215.0,90.3,13.4,238.0,4.4,3.96
135981,0.0,13,2.5,92.7,178.0,87.9,13.5,259.0,6.7,1.45
135982,0.0,60,3.02,125.2,220.0,92.8,13.6,177.0,4.4,1.39
135983,0.0,21,2.5,76.9,142.0,91.4,13.0,246.0,5.9,0.74
135984,0.0,5,2.85,58.5,178.0,80.5,13.3,450.0,7.3,0.61
135985,0.0,46,0.2,89.2,172.0,70.8,15.5,369.0,11.8,6.28
135986,0.0,18,3.33,102.6,178.0,87.9,13.5,259.0,6.7,1.45
135987,0.0,79,2.18,108.4,174.0,88.9,14.0,265.0,10.1,2.53
135988,0.0,63,5.0,97.1,182.0,89.5,14.1,185.0,6.3,1.25
135989,0.0,27,2.5,92.7,178.0,87.9,13.5,259.0,6.7,1.45
135990,0.0,22,1.3,92.7,178.0,87.9,13.5,259.0,6.7,1.45
135991,0.0,32,0.68,111.8,156.0,65.1,21.6,402.0,6.3,1.4
135992,1.0,66,1.38,91.5,138.0,99.2,12.7,183.0,4.7,0.99
135993,0.0,55,3.24,119.2,180.0,86.9,13.8,247.0,6.3,6.04
135994,0.0,6,2.5,66.4,178.0,79.9,14.0,346.0,7.3,3.13
135995,0.0,77,2.5,91.4,178.0,97.2,13.8,228.0,5.7,1.45
135996,0.0,80,1.37,92.7,178.0,87.9,13.5,259.0,6.7,1.45
135997,0.0,25,2.39,119.4,128.0,87.5,12.9,343.0,16.0,12.34
135998,0.0,23,1.03,96.6,209.0,87.3,13.4,223.0,4.8,1.17
135999,0.0,66,2.5,91.0,217.0,85.4,12.9,263.0,7.2,5.19
136000,0.0,44,5.0,78.5,207.0,92.4,13.0,238.0,5.4,0.56
136001,0.0,28,4.32,92.7,185.0,92.5,13.3,228.0,10.7,0.11
136002,0.0,80,2.43,102.7,120.0,108.6,14.8,63.0,2.4,1.79
136003,0.0,6,4.93,92.7,178.0,87.9,13.5,259.0,6.7,1.45
136004,0.0,58,2.5,136.8,179.0,94.4,14.0,210.0,5.6,1.94
136005,1.0,52,5.0,163.2,302.0,90.1,13.1,314.0,7.6,5.87
136006,0.0,19,2.5,92.7,178.0,87.9,13.5,259.0,6.7,1.45
136007,0.0,7,2.83,56.2,168.0,86.5,12.0,470.0,10.2,0.53
136008,0.0,13,0.57,91.2,150.0,86.1,14.3,311.0,6.1,2.69
136009,0.0,14,2.16,92.7,178.0,87.9,13.5,259.0,6.7,1.45
136010,0.0,45,3.44,92.7,178.0,87.9,13.5,259.0,6.7,1.45
136011,0.0,15,0.57,92.7,178.0,87.9,13.5,259.0,6.7,1.45
136012,0.0,73,2.5,86.2,173.0,89.8,17.1,229.0,4.6,5.7
136013,0.0,59,1.77,106.4,224.0,85.0,13.4,272.0,7.9,7.77
136014,0.0,20,0.65,93.4,125.0,89.9,12.2,174.0,7.0,0.74
136015,0.0,22,1.99,87.9,178.0,87.9,13.5,259.0,6.7,1.45
136016,0.0,41,5.0,120.5,229.0,87.1,15.3,298.0,10.7,2.36
136017,0.0,8,2.64,73.1,212.0,69.9,16.5,349.0,10.1,2.4
136018,0.0,30,3.77,143.4,225.0,83.2,14.7,292.0,9.7,12.63
136019,0.0,6,0.42,92.7,178.0,87.9,13.5,259.0,6.7,1.45
136020,0.0,40,1.85,154.5,254.0,80.7,16.1,330.0,12.1,15.91
136022,0.0,14,1.46,99.1,178.0,87.9,13.5,259.0,6.7,1.45
136023,0.0,18,0.22,92.7,178.0,87.9,13.5,259.0,6.7,1.45
136025,0.0,42,3.55,84.8,196.0,74.2,16.1,340.0,6.0,0.55
136026,0.0,6,2.5,92.7,178.0,87.9,13.5,259.0,6.7,1.45
136027,0.0,56,2.74,120.6,188.0,91.3,13.4,267.0,8.8,0.42
136028,0.0,8,2.85,65.8,178.0,87.9,13.5,259.0,6.7,1.45
136029,0.0,12,2.5,63.5,178.0,87.9,13.5,259.0,6.7,1.45
136030,0.0,2,5.0,92.7,178.0,87.9,13.5,259.0,6.7,1.45
136031,0.0,57,5.0,104.6,241.0,93.9,13.1,212.0,10.5,3.21
136032,0.0,8,1.39,92.7,178.0,87.9,13.5,259.0,6.7,1.45
136033,0.0,44,3.69,92.7,178.0,87.9,13.5,259.0,6.7,1.45
136034,0.0,19,2.5,75.3,178.0,89.2,14.3,222.0,7.1,0.55
136035,1.0,80,1.97,117.7,188.0,94.7,13.9,153.0,4.4,0.94
136036,0.0,55,5.0,84.8,192.0,90.9,12.8,315.0,6.3,2.93
136037,0.0,69,5.0,92.7,178.0,87.9,13.5,259.0,6.7,1.45
136038,0.0,48,5.0,92.7,178.0,87.9,13.5,259.0,6.7,1.45
136039,0.0,36,1.22,96.9,196.0,90.2,12.8,317.0,8.6,5.27
136040,0.0,41,5.0,96.2,225.0,85.8,12.7,370.0,8.9,4.06
136041,0.0,36,1.61,92.7,178.0,87.9,13.5,259.0,6.7,1.45
136042,0.0,44,2.5,93.7,260.0,94.1,13.6,258.0,7.6,2.56
136043,1.0,80,2.5,92.7,178.0,87.9,13.5,259.0,6.7,1.45
136045,0.0,19,0.97,117.6,173.0,85.7,14.0,284.0,9.3,2.44
136046,0.0,67,2.73,109.3,185.0,88.0,12.7,235.0,5.2,2.27
136047,0.0,80,1.72,110.2,118.0,90.3,15.8,271.0,8.3,2.11
136048,0.0,5,1.13,53.1,178.0,86.2,12.7,369.0,7.5,0.15
136049,0.0,4,5.0,92.7,178.0,82.1,12.6,197.0,7.6,1.2
136050,0.0,25,5.0,92.7,362.0,87.7,13.5,279.0,9.6,9.26
136051,0.0,27,5.0,103.6,187.0,87.8,12.4,281.0,8.1,0.47
136052,0.0,78,4.46,104.1,216.0,100.7,12.9,282.0,6.0,1.39
136053,0.0,79,2.28,88.7,183.0,84.8,13.3,234.0,5.5,1.39
136054,0.0,21,2.5,86.8,129.0,90.7,12.6,253.0,7.3,1.98
136055,0.0,15,2.5,83.1,176.0,85.7,13.0,288.0,7.3,0.23
136057,0.0,69,0.87,124.7,163.0,88.2,14.7,152.0,4.9,1.97
136058,0.0,68,2.84,102.1,162.0,99.0,14.5,302.0,6.2,0.44
136059,0.0,62,0.6,129.8,164.0,88.0,14.5,184.0,7.3,3.12
136060,0.0,46,5.0,106.9,222.0,89.1,13.1,184.0,5.1,2.57
136061,0.0,6,2.5,53.1,126.0,82.4,13.1,267.0,6.2,0.88
136062,0.0,21,0.0,73.0,107.0,65.2,16.7,336.0,6.0,0.21
136063,0.0,41,5.0,91.8,189.0,95.5,14.6,370.0,9.0,0.55
136064,1.0,76,0.92,92.7,185.0,89.4,13.5,202.0,7.7,3.91
136065,0.0,2,1.67,92.7,178.0,87.9,13.5,259.0,6.7,1.45
136066,0.0,11,2.5,92.7,178.0,87.9,13.5,259.0,6.7,1.45
136067,0.0,44,1.32,92.7,178.0,87.9,13.5,259.0,6.7,1.45
136068,0.0,71,2.5,92.7,178.0,87.9,13.5,259.0,6.7,1.45
136069,0.0,6,2.5,92.7,178.0,87.9,13.5,259.0,6.7,1.45
136070,0.0,35,2.5,146.6,149.0,81.1,15.0,322.0,9.0,11.53
136071,0.0,29,0.3,100.8,178.0,87.9,13.5,259.0,6.7,1.45
136072,1.0,63,4.44,98.0,163.0,91.1,14.0,286.0,6.8,3.2
136073,0.0,70,2.91,105.0,200.0,86.8,14.0,266.0,5.4,4.44
136074,0.0,64,2.62,123.4,205.0,83.1,13.5,263.0,7.4,4.54
136075,0.0,55,0.78,108.9,335.0,92.2,14.1,232.0,8.1,0.62
136076,0.0,12,0.62,76.2,140.0,80.9,13.9,255.0,6.6,0.29
136077,0.0,50,5.0,92.7,178.0,87.9,13.5,259.0,6.7,1.45
136078,0.0,4,5.0,92.7,178.0,87.9,13.5,259.0,6.7,1.45
136079,0.0,25,2.73,75.0,146.0,87.6,12.9,251.0,5.7,0.29
136080,0.0,12,1.34,92.7,178.0,87.9,13.5,259.0,6.7,1.45
136081,0.0,14,2.47,89.4,134.0,85.5,12.7,277.0,6.2,2.81
136082,0.0,62,3.04,92.7,178.0,87.9,13.5,259.0,6.7,1.45
136083,0.0,29,0.75,92.7,178.0,87.9,13.5,259.0,6.7,1.45
136084,0.0,45,0.58,88.5,207.0,92.6,13.8,199.0,5.7,0.87
136085,0.0,2,1.94,92.7,178.0,87.9,13.5,259.0,6.7,1.45
136086,0.0,15,5.0,78.0,157.0,89.4,13.4,222.0,7.3,0.53
136087,0.0,18,2.05,84.0,152.0,87.4,13.6,204.0,4.3,0.35
136088,0.0,41,1.81,92.7,178.0,87.9,13.5,259.0,6.7,1.45
136089,0.0,60,0.09,92.2,199.0,94.2,14.1,158.0,4.2,0.63
136090,0.0,15,1.83,92.7,178.0,87.9,13.5,259.0,6.7,1.45
136091,1.0,80,3.82,121.3,178.0,92.5,15.1,298.0,11.7,1.34
136092,0.0,27,0.05,93.5,112.0,95.1,13.4,180.0,5.3,51.31
136093,0.0,80,2.16,92.3,266.0,84.8,15.1,222.0,5.7,2.99
136094,0.0,72,3.38,108.0,186.0,89.1,13.8,152.0,4.7,1.37
136095,0.0,37,4.78,67.3,226.0,86.9,13.6,267.0,7.1,0.19
136096,0.0,8,0.93,52.8,169.0,85.4,14.3,379.0,8.7,0.6
136097,0.0,48,5.0,93.0,164.0,93.3,13.9,283.0,6.6,0.69
136098,0.0,5,1.89,92.7,178.0,87.9,13.5,259.0,6.7,1.45
136099,0.0,15,1.08,92.7,178.0,87.9,13.5,259.0,6.7,1.45
136100,0.0,16,3.26,92.7,178.0,87.9,13.5,259.0,6.7,1.45
136101,0.0,67,5.0,85.0,227.0,92.0,14.1,171.0,4.2,1.74
136102,0.0,18,2.5,92.7,178.0,87.9,13.5,259.0,6.7,1.45
136103,0.0,14,5.0,62.2,178.0,87.9,13.5,259.0,6.7,1.45
136104,0.0,8,2.5,92.7,178.0,87.9,13.5,259.0,6.7,1.45
136105,0.0,11,0.75,102.2,137.0,72.1,17.2,269.0,9.3,5.02
136106,0.0,44,0.52,78.1,217.0,85.6,12.9,291.0,7.3,1.96
136107,1.0,63,0.4,97.4,215.0,91.4,14.6,247.0,4.6,1.78
136108,0.0,16,0.49,69.4,119.0,85.8,13.4,258.0,7.5,0.11
136109,0.0,37,3.91,92.7,178.0,87.9,13.5,259.0,6.7,1.45
136110,0.0,17,0.89,102.2,145.0,85.6,13.4,299.0,9.0,4.3
136111,0.0,71,1.01,113.0,216.0,91.2,13.6,110.0,6.0,1.04
136112,0.0,17,5.0,78.4,203.0,84.1,13.1,326.0,7.8,0.66
136113,1.0,80,3.09,96.0,134.0,92.8,13.5,155.0,5.9,0.72
136114,0.0,61,4.59,100.6,245.0,93.7,13.5,287.0,5.9,0.55
136115,0.0,20,2.13,92.7,164.0,84.1,13.4,241.0,6.1,1.75
136116,0.0,23,1.07,113.3,130.0,84.8,13.5,229.0,6.8,6.18
136117,0.0,73,5.0,92.7,178.0,87.9,13.5,259.0,6.7,1.45
136118,0.0,39,2.55,117.1,175.0,84.5,13.6,314.0,9.9,7.78
136119,1.0,64,5.0,110.0,149.0,80.5,16.4,292.0,8.9,13.15
136120,0.0,54,1.16,80.6,240.0,94.4,13.4,239.0,4.2,0.36
136121,0.0,5,2.5,55.7,178.0,77.4,13.6,262.0,5.2,0.47
136122,0.0,42,2.5,92.7,178.0,87.9,13.5,259.0,6.7,1.45
136123,0.0,62,2.5,89.6,213.0,85.4,14.7,235.0,4.4,0.84
136124,0.0,30,2.18,76.0,139.0,89.0,13.1,179.0,7.8,0.34
136125,0.0,42,1.61,113.4,158.0,86.5,13.9,273.0,7.9,3.76
136126,0.0,12,4.32,92.7,178.0,87.9,13.5,259.0,6.7,1.45
136127,0.0,63,2.62,86.9,187.0,104.6,13.0,175.0,8.2,0.82
136128,0.0,60,2.16,104.4,167.0,85.0,13.9,204.0,5.3,3.51
136129,1.0,73,3.31,109.1,109.0,90.7,13.3,123.0,3.5,2.95
136130,0.0,44,2.98,93.4,157.0,83.4,15.6,219.0,4.8,0.24
136131,0.0,9,1.54,92.7,178.0,87.9,13.5,259.0,6.7,1.45
136132,0.0,59,5.0,119.2,193.0,87.7,14.6,279.0,6.6,8.35
136133,0.0,42,5.0,89.5,186.0,96.2,12.9,208.0,5.1,0.33
136134,0.0,54,2.5,92.7,178.0,87.9,13.5,259.0,6.7,1.45
136135,0.0,11,2.5,68.8,178.0,87.9,13.5,259.0,6.7,1.45
136136,0.0,75,4.78,101.5,122.0,88.7,13.6,259.0,8.9,0.7
136137,0.0,17,1.57,117.2,227.0,87.9,12.8,254.0,7.9,3.69
136138,0.0,13,5.0,75.0,126.0,86.1,13.6,286.0,8.6,0.24
136139,0.0,53,4.78,95.5,189.0,85.7,14.5,309.0,7.1,14.05
136140,0.0,15,2.5,92.7,178.0,87.9,13.5,259.0,6.7,1.45
136141,1.0,80,2.5,91.5,228.0,91.1,12.6,203.0,6.9,0.63
136142,0.0,34,5.0,76.5,172.0,83.5,12.6,267.0,6.7,0.33
136143,0.0,3,2.5,92.7,178.0,87.9,13.5,259.0,6.7,1.45
136144,0.0,43,5.0,106.7,178.0,89.8,13.9,287.0,7.6,4.09
136145,0.0,10,2.31,74.5,178.0,87.9,13.5,259.0,6.7,1.45
136146,0.0,24,2.26,70.3,178.0,87.9,13.5,259.0,6.7,1.45
136147,0.0,53,5.0,92.7,178.0,87.9,13.5,259.0,6.7,1.45
136148,0.0,18,5.0,60.0,157.0,86.1,13.1,252.0,5.7,0.36
136149,0.0,63,2.5,92.7,178.0,87.9,13.5,259.0,6.7,1.45
136150,0.0,12,3.16,72.1,125.0,87.1,14.5,255.0,5.6,0.93
136151,0.0,17,3.6,78.2,174.0,80.9,13.6,328.0,8.2,0.23
136152,0.0,65,2.5,100.6,218.0,90.3,13.9,241.0,5.4,0.74
136153,0.0,13,0.38,66.1,197.0,92.6,13.5,271.0,6.5,0.11
136154,0.0,8,2.02,64.7,145.0,89.2,12.7,225.0,7.7,2.16
136155,0.0,68,1.62,104.9,209.0,98.2,12.6,143.0,10.1,23.3
136156,0.0,7,2.5,54.6,107.0,75.9,14.6,242.0,4.5,0.33
136157,0.0,60,4.27,92.7,178.0,87.9,13.5,259.0,6.7,1.45
136158,0.0,1,0.48,92.7,178.0,87.9,13.5,259.0,6.7,1.45
136159,0.0,7,2.85,51.5,169.0,80.1,13.3,301.0,4.3,0.22
136160,0.0,44,1.82,92.7,178.0,87.9,13.5,259.0,6.7,1.45
136161,0.0,37,1.01,117.0,300.0,87.1,13.3,488.0,12.0,8.54
136162,0.0,75,2.03,85.7,178.0,90.9,13.6,271.0,5.1,1.45
136163,0.0,80,2.76,92.7,178.0,87.9,13.5,259.0,6.7,1.45
136164,0.0,45,3.72,111.5,218.0,84.1,13.1,259.0,5.9,2.67
136165,0.0,62,2.28,108.0,208.0,102.2,13.9,149.0,4.9,1.8
136166,0.0,32,2.94,92.7,178.0,87.9,13.5,259.0,6.7,1.45
136167,0.0,28,3.55,92.7,178.0,87.9,13.5,259.0,6.7,1.45
136168,0.0,61,1.04,108.6,178.0,84.5,13.1,157.0,4.2,7.45
136169,0.0,56,0.66,111.6,178.0,87.9,13.5,259.0,6.7,1.45
136170,0.0,9,5.0,63.2,134.0,80.7,15.9,363.0,8.7,0.36
136171,0.0,8,1.29,92.7,178.0,87.9,13.5,259.0,6.7,1.45
136172,0.0,76,3.43,92.7,194.0,96.7,11.6,224.0,10.4,18.7
136173,1.0,73,1.58,127.8,131.0,89.0,14.2,305.0,8.6,5.7
136174,0.0,16,3.6,78.1,124.0,85.7,13.2,223.0,6.2,0.11
136175,0.0,17,5.0,78.9,178.0,87.9,13.5,259.0,6.7,1.45
136176,0.0,40,4.46,105.8,223.0,94.3,13.2,246.0,6.3,2.63
136177,0.0,10,2.39,60.5,124.0,85.1,12.7,447.0,8.0,0.67
136178,0.0,70,0.81,92.7,178.0,87.9,13.5,259.0,6.7,1.45
136179,0.0,15,2.61,72.0,131.0,83.5,13.3,203.0,5.0,0.42
136180,0.0,22,2.95,71.3,178.0,87.9,13.5,259.0,6.7,1.45
136181,0.0,9,0.42,92.7,178.0,87.9,13.5,259.0,6.7,1.45
136182,1.0,80,0.98,124.1,243.0,91.2,13.1,208.0,5.5,0.98
136183,0.0,46,5.0,92.7,178.0,87.9,13.5,259.0,6.7,1.45
136184,0.0,11,2.77,60.0,178.0,87.9,13.5,259.0,6.7,1.45
136185,0.0,21,1.3,89.3,143.0,81.5,14.7,301.0,5.1,2.02
136186,0.0,60,3.73,95.7,142.0,89.9,13.9,128.0,4.6,1.28
136187,0.0,31,2.5,127.3,168.0,84.8,13.3,247.0,9.9,8.01
136188,1.0,49,5.0,73.9,151.0,94.4,13.9,245.0,6.5,1.46
136189,0.0,59,2.48,82.9,175.0,90.9,13.9,172.0,4.2,0.54
136190,0.0,68,5.0,75.2,208.0,87.5,12.9,336.0,7.6,0.74
136191,0.0,69,2.5,100.8,178.0,89.7,12.6,218.0,7.2,1.24
136192,0.0,66,0.0,82.0,189.0,89.2,13.5,223.0,5.9,0.21
136193,0.0,72,3.13,107.2,143.0,93.0,13.7,370.0,12.1,0.86
136194,0.0,52,2.94,96.8,216.0,87.0,14.2,245.0,7.9,3.64
136195,0.0,74,2.5,117.4,178.0,87.9,13.5,259.0,6.7,1.45
136196,0.0,8,2.5,60.1,154.0,83.5,13.3,245.0,6.8,0.21
136197,0.0,10,1.89,64.0,107.0,83.5,13.4,253.0,7.7,0.19
136198,0.0,18,5.0,128.1,216.0,80.0,13.7,372.0,7.2,1.09
136199,0.0,3,3.44,92.7,178.0,87.9,13.5,259.0,6.7,1.45
136200,1.0,76,3.28,102.2,137.0,92.6,13.6,249.0,7.5,2.57
136201,0.0,31,2.5,85.9,239.0,89.3,13.3,247.0,5.0,0.46
136202,0.0,7,2.5,66.0,137.0,81.6,13.0,290.0,5.0,11.75
136203,0.0,7,3.33,63.1,164.0,85.0,13.8,245.0,5.6,0.35
136204,0.0,51,0.69,92.7,158.0,86.0,13.8,279.0,10.1,10.61
136205,0.0,25,5.0,95.6,143.0,89.6,12.5,243.0,5.3,1.34
136206,0.0,80,3.77,90.6,264.0,87.4,13.9,231.0,7.1,4.05
136207,0.0,8,1.3,61.4,194.0,79.0,14.2,447.0,9.8,2.43
136208,0.0,11,5.0,62.6,233.0,83.8,13.5,302.0,5.1,0.49
136209,0.0,10,5.0,92.7,178.0,87.9,13.5,259.0,6.7,1.45
136210,0.0,58,1.32,110.9,304.0,93.3,15.0,202.0,5.5,11.18
136211,0.0,38,3.83,104.6,206.0,91.1,12.8,299.0,11.2,2.27
136212,0.0,5,0.94,50.8,178.0,76.3,13.2,303.0,5.6,0.17
136213,0.0,14,1.99,94.5,132.0,87.9,13.2,232.0,8.1,1.15
136214,0.0,26,2.5,92.7,178.0,87.9,13.5,259.0,6.7,1.45
136216,0.0,80,3.43,98.0,214.0,88.6,14.7,221.0,5.6,9.77
136217,0.0,5,5.0,66.0,178.0,87.9,13.5,259.0,6.7,1.45
136218,0.0,57,1.91,66.3,143.0,94.3,13.6,280.0,5.6,0.73
136219,0.0,38,5.0,92.7,178.0,87.9,13.5,259.0,6.7,1.45
136220,0.0,75,2.5,109.4,212.0,86.2,13.3,184.0,7.7,1.24
136221,0.0,59,2.5,92.7,178.0,87.9,13.5,259.0,6.7,1.45
136222,0.0,31,5.0,77.6,207.0,85.2,13.0,320.0,7.8,2.43
136223,0.0,40,3.4,117.0,260.0,89.0,13.3,255.0,7.3,4.09
136224,0.0,80,1.3,92.7,178.0,87.9,13.5,259.0,6.7,1.45
136225,0.0,33,4.67,77.8,197.0,89.8,13.1,350.0,6.8,0.24
136226,0.0,70,2.5,92.7,178.0,87.9,13.5,259.0,6.7,1.45
136227,0.0,63,3.7,99.9,202.0,85.7,16.8,266.0,6.2,1.73
136228,0.0,13,2.5,73.7,144.0,82.8,13.5,222.0,7.0,1.57
136229,1.0,63,1.57,142.5,145.0,92.4,15.2,180.0,7.4,7.32
136230,0.0,45,5.0,97.0,192.0,96.0,13.9,373.0,11.6,1.78
136231,0.0,39,4.1,99.5,176.0,90.8,12.6,328.0,7.5,3.48
136232,1.0,62,0.0,91.9,194.0,92.4,12.9,185.0,4.2,0.56
136233,1.0,68,1.24,121.2,176.0,100.6,13.3,196.0,8.2,6.67
136234,0.0,6,1.55,92.7,178.0,87.9,13.5,259.0,6.7,1.45
136235,0.0,28,0.99,92.7,178.0,87.9,13.5,259.0,6.7,1.45
136236,0.0,11,2.74,84.5,162.0,83.3,15.0,361.0,7.3,0.5
136237,0.0,9,1.13,69.3,181.0,82.8,13.6,346.0,6.4,2.88
136238,0.0,14,2.5,92.7,178.0,87.9,13.5,259.0,6.7,1.45
136239,0.0,8,4.0,65.1,147.0,80.9,13.0,267.0,9.2,0.15
136240,0.0,64,2.5,93.6,221.0,89.9,13.2,260.0,6.0,2.35
136241,0.0,61,0.42,92.7,195.0,91.7,14.5,230.0,9.1,4.58
136242,0.0,14,1.71,105.2,178.0,87.9,13.5,259.0,6.7,1.45
136243,0.0,32,0.59,103.2,141.0,95.8,13.9,156.0,7.9,8.72
136244,0.0,62,5.0,96.0,205.0,87.2,13.2,253.0,4.7,0.51
136245,0.0,4,3.02,57.6,178.0,78.5,15.0,533.0,10.6,0.91
136246,0.0,45,3.87,92.7,178.0,87.9,13.5,259.0,6.7,1.45
136247,0.0,42,1.67,92.7,178.0,87.9,13.5,259.0,6.7,1.45
136248,0.0,13,3.32,72.2,128.0,87.9,13.0,230.0,5.3,0.23
136249,0.0,37,1.67,143.6,251.0,83.9,15.1,350.0,13.9,2.46
136250,0.0,71,3.09,117.2,313.0,86.9,12.5,277.0,8.1,1.38
136251,0.0,17,0.55,92.7,178.0,78.7,14.8,278.0,6.4,4.4
136252,0.0,58,5.0,115.2,285.0,94.2,14.8,281.0,8.3,7.29
136253,0.0,24,0.46,92.7,178.0,87.9,13.5,259.0,6.7,1.45
136254,0.0,20,0.55,67.5,135.0,87.7,13.3,248.0,6.3,0.73
136255,0.0,66,2.04,96.4,175.0,90.1,13.7,250.0,8.0,1.43
136256,0.0,57,4.59,84.0,255.0,90.9,13.8,266.0,5.8,16.17
136257,0.0,18,2.5,66.4,184.0,88.2,12.8,338.0,7.8,0.44
136258,0.0,28,4.31,92.7,178.0,87.9,13.5,259.0,6.7,1.45
136259,0.0,4,0.57,49.0,178.0,82.9,13.1,467.0,10.3,19.79
136260,0.0,44,2.85,91.1,214.0,86.1,14.7,204.0,4.9,0.5
136261,0.0,68,0.88,90.5,132.0,91.0,13.4,153.0,4.0,2.88
136262,0.0,13,0.66,92.7,178.0,87.9,13.5,259.0,6.7,1.45
136263,0.0,8,2.5,92.7,178.0,87.9,13.5,259.0,6.7,1.45
136264,0.0,2,2.5,92.7,178.0,87.9,13.5,259.0,6.7,1.45
136265,1.0,76,3.96,92.7,111.0,83.8,18.7,332.0,7.2,3.29
136266,0.0,42,1.8,100.0,218.0,87.9,13.5,259.0,6.7,7.71
136267,0.0,40,2.46,72.1,178.0,88.7,13.5,219.0,5.2,0.28
136268,0.0,48,5.0,99.4,161.0,90.2,13.3,167.0,3.1,1.44
136269,0.0,5,0.82,52.1,178.0,77.4,13.9,302.0,6.3,1.45
136270,0.0,10,5.0,55.8,178.0,87.9,13.5,259.0,6.7,1.45
136271,0.0,41,5.0,81.0,201.0,95.6,12.1,300.0,6.7,0.81
136272,0.0,50,5.0,95.5,178.0,87.9,13.5,259.0,6.7,1.45
136273,0.0,7,1.91,57.5,104.0,83.6,12.8,278.0,3.2,0.35
136274,0.0,52,3.8,80.2,198.0,91.3,12.8,258.0,5.6,1.41
136275,0.0,6,1.48,63.2,100.0,84.0,12.8,476.0,5.7,0.21
136276,0.0,73,1.07,100.0,140.0,85.7,13.5,234.0,7.5,1.28
136277,0.0,63,0.0,92.7,178.0,87.9,13.5,259.0,6.7,1.45
136278,0.0,38,0.97,115.0,180.0,81.4,16.2,415.0,10.5,11.8
136279,0.0,18,0.98,78.9,167.0,78.4,13.2,322.0,6.7,1.09
136280,0.0,12,4.41,64.1,169.0,82.3,13.8,288.0,9.8,0.15
136281,0.0,66,5.0,97.9,219.0,91.5,13.8,255.0,4.4,0.61
136282,0.0,36,4.97,92.7,178.0,87.9,13.5,259.0,6.7,1.45
136283,1.0,75,5.0,79.7,136.0,93.6,13.9,191.0,6.3,0.6
136284,0.0,72,5.0,92.7,176.0,81.3,14.9,288.0,9.9,1.31
136285,1.0,72,2.88,124.1,94.0,88.8,14.6,473.0,9.1,0.37
136286,0.0,72,3.93,92.7,178.0,87.9,13.5,259.0,6.7,1.45
136287,0.0,29,1.84,76.6,150.0,89.6,12.8,219.0,5.5,0.32
136288,0.0,67,2.5,92.7,178.0,87.9,13.5,259.0,6.7,1.45
136289,0.0,74,1.26,106.5,204.0,91.5,14.9,140.0,5.1,0.2
136290,0.0,80,1.18,92.7,178.0,87.9,13.5,259.0,6.7,1.45
136291,0.0,38,3.42,89.0,226.0,93.3,12.6,300.0,10.1,6.18
136292,0.0,17,1.37,92.7,178.0,87.9,13.5,259.0,6.7,1.45
136293,0.0,51,3.16,70.8,186.0,92.4,12.8,204.0,5.5,2.52
136294,0.0,52,2.61,120.0,168.0,85.7,13.7,240.0,8.9,1.25
136295,0.0,5,2.5,92.7,178.0,87.9,13.5,259.0,6.7,1.45
136296,1.0,77,1.16,82.4,234.0,86.6,14.6,273.0,5.1,7.99
136297,0.0,13,1.05,72.8,178.0,79.8,12.5,296.0,6.1,0.38
136298,1.0,80,1.86,72.5,179.0,84.7,15.4,194.0,5.9,0.69
136299,0.0,80,2.13,118.0,169.0,83.6,16.1,370.0,8.3,3.48
136300,0.0,19,0.99,95.7,178.0,87.9,13.5,259.0,6.7,1.45
136301,0.0,54,5.0,99.7,217.0,88.1,14.1,225.0,6.0,1.91
136302,0.0,48,0.27,149.4,160.0,72.8,19.5,433.0,6.8,7.98
136303,0.0,3,2.5,92.7,178.0,87.9,13.5,259.0,6.7,1.45
136304,0.0,29,1.23,92.7,178.0,87.9,13.5,259.0,6.7,1.45
136305,0.0,20,2.41,81.9,167.0,75.4,16.9,278.0,7.9,0.31
136306,0.0,63,1.23,89.0,220.0,93.9,13.3,201.0,5.1,0.59
136307,0.0,55,4.27,89.9,209.0,88.9,13.9,203.0,6.2,3.56
136308,0.0,72,5.0,91.4,191.0,93.0,13.7,172.0,4.7,2.83
136309,0.0,70,4.59,104.0,146.0,86.2,13.5,303.0,9.4,2.48
136310,0.0,70,1.69,93.1,178.0,84.4,14.6,214.0,7.9,1.45
136311,1.0,80,0.99,92.7,178.0,87.9,13.5,259.0,6.7,1.45
136312,0.0,38,1.8,82.4,159.0,92.3,13.0,324.0,5.4,1.05
136313,0.0,8,4.32,54.3,121.0,84.6,13.0,282.0,8.0,1.01
136314,0.0,25,0.3,92.7,178.0,87.9,13.5,259.0,6.7,1.45
136315,0.0,40,0.98,102.0,235.0,80.6,12.8,259.0,13.3,1.92
136316,0.0,6,2.5,92.7,178.0,87.9,13.5,259.0,6.7,1.45
136317,0.0,7,2.5,56.5,178.0,87.9,13.5,259.0,6.7,1.45
136318,0.0,58,0.59,101.5,376.0,88.7,14.2,376.0,6.5,1.72
136319,0.0,36,2.5,92.7,178.0,87.9,13.5,259.0,6.7,1.45
136320,0.0,47,5.0,86.0,185.0,93.1,13.6,344.0,15.3,14.4
136321,1.0,74,1.37,129.4,134.0,95.6,14.8,189.0,8.2,9.54
136322,1.0,80,0.74,111.4,178.0,88.3,14.7,194.0,5.4,3.16
136323,0.0,43,5.0,85.2,216.0,87.7,13.4,198.0,5.5,0.9
136324,0.0,11,2.5,66.8,177.0,70.5,19.4,403.0,7.5,0.22
136325,1.0,66,2.5,113.5,158.0,96.8,13.4,241.0,6.6,0.79
136326,0.0,59,5.0,114.3,201.0,85.8,13.7,232.0,7.6,3.0
136327,0.0,10,2.5,92.7,178.0,87.9,13.5,259.0,6.7,1.45
136328,0.0,43,5.0,122.0,124.0,87.2,14.8,239.0,9.3,6.28
136329,0.0,75,5.0,92.7,178.0,87.9,13.5,259.0,6.7,1.45
136330,1.0,80,1.2,92.7,166.0,92.9,13.7,217.0,5.0,0.69
136331,0.0,45,2.41,92.7,178.0,87.9,13.5,259.0,6.7,1.45
136332,0.0,39,4.86,93.7,203.0,86.5,14.2,365.0,6.5,0.52
136333,0.0,32,0.38,92.0,244.0,96.9,13.2,303.0,8.7,1.14
136334,1.0,80,2.07,117.3,127.0,96.8,13.5,129.0,5.5,0.9
136335,0.0,41,3.04,92.7,178.0,87.9,13.5,259.0,6.7,1.45
136336,0.0,68,2.73,93.0,248.0,93.4,13.3,274.0,5.4,1.22
136337,0.0,20,1.17,86.7,187.0,91.6,13.8,179.0,6.4,0.75
136338,1.0,76,1.78,92.7,178.0,87.9,13.5,259.0,6.7,1.45
136339,0.0,52,1.42,109.7,344.0,93.8,13.1,247.0,6.9,2.05
136341,0.0,38,2.5,92.6,191.0,92.0,14.1,218.0,7.8,0.73
136342,0.0,28,4.92,92.7,178.0,87.9,13.5,259.0,6.7,1.45
136344,0.0,29,0.03,92.7,178.0,87.9,13.5,259.0,6.7,1.45
136345,0.0,32,5.0,89.5,248.0,89.2,12.6,208.0,6.0,0.6
136346,0.0,19,0.46,85.3,146.0,87.9,13.5,259.0,6.7,0.4
136347,0.0,9,4.56,60.3,170.0,83.5,13.0,331.0,4.7,0.15
136348,0.0,26,5.0,92.7,178.0,87.9,13.5,259.0,6.7,1.45
136349,0.0,25,4.43,92.7,178.0,87.9,13.5,259.0,6.7,1.45
136350,0.0,2,4.02,92.7,178.0,87.9,13.5,259.0,6.7,1.45
136351,1.0,58,3.69,92.7,178.0,87.9,13.5,259.0,6.7,1.45
136352,0.0,72,4.42,115.3,199.0,80.0,15.7,235.0,5.1,3.92
136353,0.0,70,2.5,81.1,237.0,96.1,12.7,269.0,5.7,1.25
136354,0.0,34,5.0,88.6,184.0,92.8,13.3,212.0,7.9,1.77
136355,0.0,60,5.0,105.2,136.0,84.7,13.5,223.0,4.9,0.57
136356,1.0,67,5.0,92.7,178.0,87.9,13.5,259.0,6.7,1.45
136357,0.0,31,4.8,92.7,178.0,87.9,13.5,259.0,6.7,1.45
136358,0.0,22,5.0,92.7,178.0,87.9,13.5,259.0,6.7,1.45
136359,1.0,80,2.5,92.7,178.0,87.9,13.5,259.0,6.7,1.45
136360,0.0,31,2.5,87.0,148.0,87.8,13.1,174.0,4.3,1.19
136361,0.0,67,5.0,105.0,202.0,92.3,12.6,205.0,4.5,3.55
136362,0.0,56,4.93,92.7,178.0,87.9,13.5,259.0,6.7,1.45
136363,0.0,3,3.24,50.0,178.0,81.8,13.4,356.0,8.6,2.39
136364,0.0,67,5.0,88.9,200.0,89.9,13.3,335.0,7.5,4.32
136365,0.0,62,5.0,105.6,140.0,84.8,13.9,311.0,8.4,1.39
136366,0.0,32,5.0,78.8,180.0,80.7,13.1,365.0,6.2,1.07
136367,0.0,62,0.74,92.7,178.0,87.9,13.5,259.0,6.7,1.45
136368,0.0,5,2.26,55.3,178.0,83.9,13.7,338.0,7.2,0.29
136369,0.0,27,2.43,93.7,155.0,85.7,13.3,213.0,7.0,1.45
136370,0.0,46,1.71,89.3,182.0,85.8,14.2,194.0,8.1,1.04
136371,0.0,15,1.54,92.7,178.0,87.9,13.5,259.0,6.7,1.45
136372,0.0,8,3.19,99.0,178.0,87.9,13.5,259.0,6.7,1.45
136373,0.0,36,2.5,110.9,179.0,90.5,14.0,290.0,5.9,0.63
136374,0.0,27,3.24,92.7,178.0,87.9,13.5,259.0,6.7,1.45
136375,0.0,40,3.33,92.7,178.0,87.9,13.5,259.0,6.7,1.45
136376,1.0,63,3.17,113.0,243.0,87.8,13.5,245.0,8.1,7.25
136377,0.0,21,3.44,92.7,135.0,87.5,14.3,274.0,6.4,2.11
136378,0.0,33,2.67,85.7,265.0,87.0,13.1,296.0,7.5,1.02
136379,0.0,12,1.8,67.4,145.0,85.1,12.7,385.0,5.5,0.38
136380,0.0,14,2.5,96.9,185.0,86.0,12.9,212.0,5.5,0.65
136381,0.0,52,0.65,99.4,212.0,88.2,14.1,233.0,7.4,1.82
136382,0.0,13,0.45,62.7,140.0,85.3,13.7,335.0,9.3,0.16
136383,1.0,79,1.37,99.1,109.0,95.3,21.0,91.0,5.5,3.33
136384,0.0,33,0.02,130.3,153.0,88.6,12.9,208.0,4.1,1.92
136385,0.0,63,1.89,112.6,179.0,95.4,13.2,174.0,8.5,4.76
136386,0.0,9,4.83,71.4,133.0,77.2,14.8,305.0,6.9,0.98
136387,0.0,66,5.0,99.0,166.0,88.8,12.5,278.0,6.0,3.26
136388,0.0,15,2.5,92.7,178.0,87.9,13.5,259.0,6.7,1.45
136389,0.0,73,1.44,123.5,176.0,79.4,22.4,285.0,6.5,3.3
136390,1.0,80,3.28,104.8,137.0,90.5,13.8,188.0,7.0,8.34
136391,0.0,8,4.33,92.7,178.0,87.9,13.5,259.0,6.7,1.45
136392,0.0,59,1.22,80.5,257.0,92.3,13.4,321.0,4.2,0.54
136393,0.0,12,2.5,85.3,152.0,88.7,12.8,381.0,6.3,2.0
136394,1.0,72,2.5,92.7,178.0,87.9,13.5,259.0,6.7,1.45
136396,0.0,14,2.5,70.6,166.0,86.7,13.5,293.0,6.6,0.31
136397,0.0,38,0.79,96.1,156.0,86.5,12.8,297.0,7.4,2.27
136398,1.0,58,0.75,104.6,184.0,89.4,13.3,164.0,9.1,13.06
136399,1.0,52,2.13,100.6,229.0,86.8,13.0,329.0,7.5,4.26
136400,0.0,55,0.74,104.0,131.0,86.6,13.2,301.0,5.4,3.36
136401,0.0,34,2.88,74.0,165.0,92.9,13.0,242.0,7.0,0.77
136402,1.0,65,5.0,94.6,216.0,85.2,13.1,277.0,6.5,2.72
136403,0.0,1,0.24,92.7,178.0,87.9,13.5,259.0,6.7,1.45
136404,0.0,2,2.63,50.0,178.0,87.9,13.5,259.0,6.7,1.45
136405,0.0,61,5.0,124.1,289.0,85.2,13.3,350.0,6.2,10.92
136406,0.0,17,4.99,97.2,134.0,88.0,13.3,259.0,6.9,1.83
136407,0.0,58,0.07,97.8,113.0,92.9,13.6,183.0,8.8,9.72
136408,1.0,63,2.13,113.1,238.0,97.2,12.9,355.0,12.2,0.84
136409,0.0,18,0.58,98.4,184.0,73.9,20.9,227.0,6.2,0.31
136410,0.0,20,0.04,78.8,178.0,87.9,13.5,259.0,6.7,1.45
136411,0.0,5,0.74,51.5,178.0,75.3,13.1,277.0,3.8,0.11
136412,1.0,65,0.1,116.2,247.0,94.5,13.4,278.0,8.2,13.62
136414,0.0,13,5.0,78.3,148.0,78.8,13.3,307.0,7.1,12.91
136415,0.0,52,2.5,102.7,102.0,87.3,14.7,266.0,6.1,1.74
136416,0.0,60,2.5,92.7,178.0,87.9,13.5,259.0,6.7,1.45
136417,0.0,21,3.9,98.9,137.0,88.5,13.0,252.0,5.2,0.38
136418,0.0,70,1.47,105.4,105.0,87.0,13.5,232.0,8.3,3.04
136419,0.0,18,2.5,100.5,178.0,70.7,15.6,445.0,10.6,1.45
136420,0.0,11,2.5,92.7,178.0,87.9,13.5,259.0,6.7,1.45
136421,0.0,25,5.0,108.2,152.0,86.1,13.8,287.0,7.8,3.52
136422,0.0,77,2.74,92.7,178.0,99.5,13.8,196.0,7.2,1.45
136423,0.0,9,5.0,92.7,178.0,87.9,13.5,259.0,6.7,1.45
136424,0.0,42,0.97,110.3,135.0,82.9,14.2,198.0,6.4,5.98
136425,0.0,46,2.95,120.8,156.0,81.1,14.9,259.0,10.8,8.63
136426,0.0,20,2.32,111.5,178.0,85.6,12.9,308.0,8.8,1.45
136427,0.0,73,2.5,92.7,178.0,87.9,13.5,259.0,6.7,1.45
136428,0.0,12,1.09,92.7,178.0,87.9,13.5,259.0,6.7,1.45
136429,0.0,39,1.23,146.8,185.0,77.4,18.2,372.0,6.7,0.25
136430,0.0,46,2.21,84.4,210.0,90.8,12.9,271.0,12.9,0.69
136431,0.0,54,1.77,94.2,176.0,92.5,13.0,206.0,7.6,4.85
136432,0.0,15,2.48,73.0,149.0,56.2,19.6,448.0,10.6,5.06
136433,0.0,80,0.62,92.7,178.0,87.9,13.5,259.0,6.7,1.45
136434,0.0,61,1.37,97.3,230.0,92.8,13.0,326.0,4.8,4.69
136435,0.0,22,1.1,92.7,110.0,88.1,13.3,185.0,5.7,0.46
136436,0.0,11,4.9,73.0,178.0,81.0,13.5,227.0,6.4,0.11
136437,0.0,43,5.0,101.1,208.0,89.2,14.0,257.0,6.0,0.96
136438,0.0,12,2.5,92.7,178.0,87.9,13.5,259.0,6.7,1.45
136439,0.0,20,5.0,77.1,116.0,88.5,13.5,153.0,5.8,0.5
136440,0.0,80,5.0,78.0,198.0,86.5,14.1,242.0,5.3,0.51
136441,0.0,4,1.61,92.7,178.0,87.9,13.5,259.0,6.7,1.45
136442,0.0,37,4.4,92.9,212.0,88.0,13.0,239.0,5.7,0.35
136443,1.0,67,3.24,84.3,120.0,83.0,14.0,164.0,5.7,1.17
136444,0.0,61,0.82,101.7,210.0,92.9,13.8,263.0,3.6,0.54
136445,0.0,80,0.36,91.6,158.0,95.5,12.6,197.0,4.7,0.71
136446,0.0,40,0.43,92.7,178.0,87.9,13.5,259.0,6.7,1.45
136447,0.0,1,0.75,92.7,178.0,87.9,13.5,259.0,6.7,1.45
136448,1.0,80,1.97,121.5,183.0,86.2,13.9,242.0,5.8,8.88
136449,0.0,21,2.5,73.7,178.0,93.3,12.6,214.0,8.3,2.37
136450,0.0,30,2.5,92.7,178.0,87.9,13.5,259.0,6.7,1.45
136451,0.0,80,5.0,109.6,178.0,87.9,13.5,259.0,6.7,1.45
136452,0.0,36,5.0,87.5,198.0,81.8,12.7,244.0,7.5,0.83
136453,0.0,32,2.5,88.1,179.0,78.5,16.0,306.0,9.6,1.52
136454,1.0,64,1.52,92.7,178.0,87.9,13.5,259.0,6.7,1.45
136455,1.0,58,2.66,100.6,136.0,90.0,13.9,231.0,7.5,1.6
136456,0.0,48,2.5,92.7,178.0,87.9,13.5,259.0,6.7,1.45
136457,0.0,68,3.93,81.9,228.0,93.6,14.0,205.0,4.2,0.84
136458,0.0,73,1.99,122.8,174.0,93.8,13.3,160.0,6.6,11.94
136459,0.0,49,1.53,92.7,178.0,87.9,13.5,259.0,6.7,1.45
136460,0.0,29,0.96,113.3,231.0,94.8,12.9,360.0,7.5,7.15
136461,0.0,25,2.39,79.9,161.0,79.0,15.4,322.0,3.7,0.32
136462,0.0,21,0.15,79.0,181.0,81.6,12.9,361.0,6.2,17.91
136463,0.0,15,1.51,117.7,196.0,84.3,13.3,267.0,4.7,1.63
136464,0.0,6,4.83,70.0,178.0,87.9,13.5,259.0,6.7,1.45
136465,0.0,34,5.0,69.5,178.0,87.9,13.5,259.0,6.7,1.45
136466,0.0,43,3.13,98.7,273.0,83.3,14.6,310.0,5.3,0.84
136467,0.0,57,2.58,89.5,207.0,96.6,13.9,317.0,6.9,0.57
136468,0.0,21,2.5,69.5,139.0,89.9,13.0,192.0,5.6,0.33
136469,0.0,14,1.46,101.7,161.0,81.6,15.3,266.0,7.5,2.4
136470,0.0,64,2.5,92.7,178.0,87.9,13.5,259.0,6.7,1.45
136471,0.0,9,0.62,92.7,178.0,87.9,13.5,259.0,6.7,1.45
136472,0.0,8,2.5,92.7,178.0,87.9,13.5,259.0,6.7,1.45
136473,0.0,60,0.66,89.4,178.0,90.3,13.7,194.0,5.8,0.75
136474,0.0,19,5.0,76.0,140.0,93.8,12.9,196.0,5.9,0.52
136475,0.0,80,1.55,93.1,216.0,105.8,14.2,182.0,5.9,5.5
136476,0.0,60,0.0,88.4,178.0,88.3,13.6,138.0,6.8,1.45
136477,0.0,52,4.05,95.9,178.0,85.7,13.1,186.0,6.5,1.0
136478,1.0,59,0.09,124.6,233.0,86.6,16.4,204.0,6.5,3.04
136479,0.0,17,2.5,92.7,178.0,87.9,13.5,259.0,6.7,1.45
136480,0.0,20,2.5,73.6,178.0,87.9,13.5,259.0,6.7,1.45
136481,0.0,2,2.83,49.5,178.0,87.9,13.5,259.0,6.7,1.45
136482,0.0,51,2.5,92.7,178.0,87.9,13.5,259.0,6.7,1.45
136483,0.0,34,4.53,92.7,178.0,87.9,13.5,259.0,6.7,1.45
136484,0.0,2,4.43,51.2,178.0,87.9,13.5,259.0,6.7,1.45
136485,0.0,15,2.85,92.7,178.0,87.9,13.5,259.0,6.7,1.45
136486,0.0,33,4.78,92.7,178.0,87.9,13.5,259.0,6.7,1.45
136487,0.0,48,3.16,120.3,191.0,89.5,12.8,342.0,5.5,6.15
136488,0.0,4,2.5,92.7,178.0,87.9,13.5,259.0,6.7,1.45
136489,0.0,41,5.0,95.8,167.0,89.7,12.9,217.0,6.1,0.82
136490,0.0,61,5.0,112.3,151.0,89.0,12.9,246.0,6.6,0.79
136491,0.0,37,1.01,92.7,178.0,87.9,13.5,259.0,6.7,1.45
136492,0.0,66,1.91,88.0,199.0,91.0,12.8,245.0,7.3,0.44
136494,0.0,20,2.5,94.5,178.0,87.9,13.5,259.0,6.7,1.45
136495,0.0,9,0.43,92.7,178.0,87.9,13.5,259.0,6.7,1.45
136496,1.0,57,5.0,89.6,234.0,85.6,12.6,217.0,5.2,1.35
136497,0.0,18,3.87,92.7,178.0,87.9,13.5,259.0,6.7,1.45
136498,0.0,2,2.5,45.4,178.0,70.1,18.8,327.0,8.2,0.43
136499,0.0,38,2.5,77.5,170.0,88.2,12.8,247.0,9.1,0.3
136500,0.0,6,2.5,92.7,178.0,87.9,13.5,259.0,6.7,1.45
136501,0.0,64,2.94,92.7,178.0,87.9,13.5,259.0,6.7,1.45
136502,0.0,23,0.55,102.6,178.0,89.1,13.1,369.0,6.8,4.68
136503,0.0,35,2.05,92.7,178.0,87.9,13.5,259.0,6.7,1.45
136504,0.0,57,4.37,92.7,178.0,87.9,13.5,259.0,6.7,1.45
136505,0.0,4,2.02,43.8,178.0,87.9,13.5,259.0,6.7,1.45
136506,0.0,80,2.5,92.7,178.0,87.9,13.5,259.0,6.7,1.45
136507,1.0,68,1.01,92.7,178.0,87.8,14.4,177.0,4.4,1.45
136508,0.0,62,5.0,84.9,289.0,91.5,12.6,227.0,4.4,0.61
136509,0.0,28,1.0,143.4,128.0,80.9,14.1,309.0,7.5,8.78
136510,0.0,36,2.5,141.3,173.0,77.3,16.9,399.0,9.3,44.2
136511,0.0,2,5.0,43.2,178.0,87.9,13.5,259.0,6.7,1.45
136512,0.0,71,5.0,88.8,214.0,91.2,12.4,235.0,7.8,3.75
136513,0.0,33,2.5,92.7,178.0,87.9,13.5,259.0,6.7,1.45
136514,0.0,4,1.8,55.3,178.0,77.6,14.2,415.0,10.5,0.92
136515,0.0,19,1.67,144.3,178.0,87.9,13.5,259.0,6.7,1.45
136516,0.0,71,2.5,94.3,342.0,91.3,13.0,214.0,7.3,7.19
136517,0.0,11,0.8,63.0,178.0,85.0,12.9,213.0,6.8,0.19
136518,0.0,1,2.17,92.7,178.0,87.9,13.5,259.0,6.7,1.45
136519,0.0,1,0.42,92.7,178.0,87.9,13.5,259.0,6.7,1.45
136520,0.0,8,0.3,92.7,178.0,87.9,13.5,259.0,6.7,1.45
136521,0.0,41,0.7,91.6,196.0,91.0,13.7,279.0,9.0,1.49
136522,0.0,20,0.07,68.5,149.0,92.0,12.6,205.0,5.0,0.69
136523,0.0,63,2.5,106.5,165.0,88.4,15.7,237.0,6.0,1.86
136524,0.0,7,0.48,92.7,178.0,87.9,13.5,259.0,6.7,1.45
136525,1.0,63,3.99,134.3,189.0,76.0,15.9,291.0,8.6,2.94
136526,0.0,62,1.72,92.7,178.0,87.9,13.5,259.0,6.7,1.45
136527,0.0,71,2.03,101.0,169.0,86.3,14.5,158.0,5.0,1.22
136528,0.0,23,5.0,86.2,221.0,80.7,14.5,301.0,5.1,0.4
136529,0.0,52,2.64,92.7,178.0,87.9,13.5,259.0,6.7,1.45
136530,0.0,40,5.0,99.5,228.0,91.6,13.1,259.0,6.1,3.09
136531,0.0,51,5.0,92.7,178.0,87.9,13.5,259.0,6.7,1.45
136532,0.0,15,2.34,92.7,178.0,87.9,13.5,259.0,6.7,1.45
136533,0.0,1,2.5,92.7,178.0,87.9,13.5,259.0,6.7,1.45
136534,0.0,18,5.0,79.9,159.0,83.6,12.6,303.0,4.7,0.19
136535,0.0,63,5.0,98.5,153.0,89.2,13.3,247.0,5.6,1.54
136536,0.0,55,5.0,86.0,238.0,89.9,13.2,237.0,4.0,2.3
136537,0.0,27,1.75,111.7,232.0,78.8,13.5,279.0,9.0,6.41
136538,0.0,12,0.57,91.4,185.0,79.2,13.6,279.0,8.2,1.3
136539,1.0,80,4.42,103.2,134.0,85.6,18.8,162.0,7.8,7.98
136540,0.0,21,2.11,83.5,153.0,85.2,13.7,264.0,7.1,0.22
136541,0.0,50,5.0,77.5,188.0,95.6,12.5,245.0,4.5,0.35
136542,1.0,60,2.5,121.9,121.0,85.3,14.0,289.0,8.2,3.92
136543,0.0,1,2.5,92.7,178.0,87.9,13.5,259.0,6.7,1.45
136544,0.0,59,2.5,92.7,178.0,87.9,13.5,259.0,6.7,1.45
136546,0.0,80,1.29,105.3,148.0,102.2,12.1,219.0,3.7,0.45
136547,0.0,16,5.0,74.0,284.0,73.8,17.6,405.0,6.8,3.67
136548,0.0,64,0.81,92.7,178.0,87.9,13.5,259.0,6.7,1.45
136549,0.0,44,3.31,94.3,154.0,76.9,12.8,278.0,4.9,3.11
136550,0.0,61,2.05,92.7,178.0,87.9,13.5,259.0,6.7,1.45
136551,0.0,20,1.59,92.7,178.0,87.9,13.5,259.0,6.7,1.45
136552,0.0,19,1.15,61.2,178.0,87.9,13.5,259.0,6.7,1.45
136553,0.0,38,2.5,92.9,219.0,91.6,12.8,262.0,6.7,0.41
136554,0.0,14,2.5,92.7,178.0,87.9,13.5,259.0,6.7,1.45
136556,0.0,56,1.82,85.1,145.0,94.6,12.7,466.0,7.8,11.98
136557,0.0,61,5.0,92.7,178.0,87.9,13.5,259.0,6.7,1.45
136558,0.0,29,0.25,92.7,178.0,87.9,13.5,259.0,6.7,1.45
136559,0.0,16,1.42,90.8,139.0,85.0,12.8,341.0,10.6,0.86
136560,0.0,80,5.0,75.0,178.0,91.3,14.4,201.0,3.9,1.45
136561,0.0,31,4.27,86.7,160.0,93.9,12.5,190.0,4.4,0.41
136562,0.0,71,2.5,103.7,296.0,93.3,13.1,317.0,6.4,3.1
136563,0.0,52,2.29,92.7,178.0,87.9,13.5,259.0,6.7,1.45
136564,0.0,58,2.52,103.6,87.0,83.7,15.8,71.0,3.5,0.48
136565,0.0,20,1.77,92.7,178.0,87.9,13.5,259.0,6.7,1.45
136566,0.0,63,5.0,111.4,186.0,90.2,12.5,195.0,5.1,1.97
136567,0.0,63,4.67,92.7,178.0,87.9,13.5,259.0,6.7,1.45
136568,0.0,68,1.17,103.7,167.0,89.8,15.9,213.0,5.0,1.56
136569,0.0,2,2.16,47.2,178.0,87.9,13.5,259.0,6.7,1.45
136570,1.0,79,2.5,92.7,178.0,87.9,13.5,259.0,6.7,1.45
136571,0.0,63,5.0,95.7,170.0,90.6,12.6,186.0,5.1,0.16
136572,0.0,77,1.38,104.3,201.0,89.3,13.5,221.0,4.2,0.88
136573,0.0,57,2.08,94.1,438.0,81.1,17.3,327.0,7.3,0.48
136574,0.0,6,1.33,56.9,178.0,87.9,13.5,259.0,6.7,1.45
136575,0.0,24,1.37,92.7,163.0,89.6,12.3,256.0,8.7,2.58
136576,0.0,61,1.89,116.9,187.0,85.8,13.3,421.0,13.1,17.82
136577,0.0,53,4.02,117.0,144.0,86.6,14.5,243.0,7.4,12.84
136578,0.0,9,0.62,92.7,178.0,87.9,13.5,259.0,6.7,1.45
136579,0.0,52,3.33,97.3,197.0,85.2,14.6,297.0,6.8,1.54
136580,0.0,8,0.3,57.7,124.0,77.1,13.6,286.0,7.9,0.34
136581,0.0,13,2.09,85.6,181.0,79.6,13.6,304.0,5.7,0.19
136582,1.0,66,4.05,89.7,138.0,96.4,13.1,177.0,4.4,0.83
136583,1.0,68,0.95,92.7,178.0,87.9,13.5,259.0,6.7,1.45
136584,0.0,33,1.97,73.0,184.0,92.5,12.7,249.0,12.0,0.37
136585,0.0,60,2.13,99.7,235.0,93.4,13.0,225.0,6.9,1.39
136586,1.0,66,2.19,87.2,228.0,88.8,13.8,192.0,4.7,1.11
136587,1.0,59,1.6,91.8,175.0,91.5,13.5,231.0,7.4,3.09
136588,0.0,69,4.94,102.9,178.0,92.8,15.4,348.0,7.0,1.45
136589,0.0,80,2.02,136.8,198.0,89.8,14.4,206.0,8.9,1.34
136590,0.0,5,2.61,43.5,178.0,85.7,13.8,398.0,5.3,0.35
136591,0.0,57,2.5,91.4,393.0,97.9,13.7,139.0,4.6,2.35
136592,0.0,71,4.26,113.5,185.0,90.7,13.3,150.0,6.1,0.87
136593,0.0,29,2.5,90.7,141.0,78.3,15.1,260.0,6.0,3.96
136594,0.0,11,1.26,57.2,183.0,83.3,13.3,333.0,8.0,0.11
136595,0.0,34,5.0,92.7,178.0,87.9,13.5,259.0,6.7,1.45
136596,0.0,67,0.68,89.4,155.0,98.5,13.2,299.0,5.9,12.74
136597,0.0,13,2.58,68.3,173.0,84.9,13.3,278.0,3.9,0.11
136598,0.0,12,2.34,77.0,178.0,87.9,13.5,259.0,6.7,1.45
136599,0.0,64,1.31,135.0,241.0,96.0,14.6,388.0,8.1,10.52
136600,0.0,1,2.5,92.7,178.0,87.9,13.5,259.0,6.7,1.45
136601,0.0,44,0.98,87.0,233.0,86.4,13.1,330.0,6.4,1.66
136602,0.0,15,1.3,82.5,120.0,84.0,13.5,350.0,7.0,0.24
136603,0.0,59,2.5,102.7,175.0,91.3,12.7,208.0,5.6,3.61
136604,0.0,60,1.77,83.9,178.0,87.9,13.5,259.0,6.7,1.45
136605,0.0,60,5.0,101.3,227.0,90.6,12.5,203.0,4.9,1.31
136606,1.0,67,1.3,92.7,173.0,78.6,16.1,249.0,4.8,10.02
136607,1.0,59,0.7,106.2,62.0,52.5,21.3,141.0,5.8,14.47
136608,0.0,39,5.0,128.6,238.0,86.0,12.7,242.0,8.5,6.1
136609,0.0,29,1.98,140.9,133.0,84.8,13.6,418.0,7.4,5.86
136610,0.0,20,2.5,71.3,133.0,92.4,14.0,261.0,9.4,0.42
136611,0.0,69,5.0,92.7,178.0,87.9,13.5,259.0,6.7,1.45
136612,0.0,15,0.61,86.9,132.0,88.8,13.7,179.0,5.3,1.43
136613,0.0,12,2.5,61.6,178.0,87.9,13.5,259.0,6.7,1.45
136614,1.0,77,2.5,92.7,126.0,98.7,13.7,416.0,10.2,4.12
136615,0.0,9,0.62,92.7,178.0,87.9,13.5,259.0,6.7,1.45
136616,0.0,58,5.0,92.2,200.0,89.6,12.5,164.0,7.9,0.69
136617,0.0,16,5.0,77.0,171.0,85.8,12.7,285.0,7.2,0.33
136618,0.0,70,2.73,128.3,183.0,82.0,14.4,211.0,8.0,2.91
136619,0.0,14,0.12,92.7,178.0,87.9,13.5,259.0,6.7,1.45
136620,1.0,68,2.5,92.7,178.0,87.9,13.5,259.0,6.7,1.45
136621,0.0,65,1.64,85.2,227.0,87.0,13.4,264.0,5.0,0.77
136622,0.0,59,3.25,92.7,178.0,87.9,13.5,259.0,6.7,1.45
136623,0.0,54,5.0,94.4,146.0,91.6,12.9,226.0,7.0,0.56
136624,0.0,58,5.0,125.4,178.0,87.9,13.5,259.0,6.7,1.45
136625,0.0,28,1.77,113.9,162.0,83.8,13.9,207.0,6.3,2.66
136626,0.0,64,3.65,110.0,334.0,89.4,14.3,330.0,9.9,7.8
136627,0.0,27,2.5,92.7,178.0,87.9,13.5,259.0,6.7,1.45
136628,0.0,71,3.55,77.5,191.0,95.1,12.6,313.0,7.2,0.66
136629,1.0,50,1.26,98.0,105.0,92.3,17.2,177.0,6.2,0.27
136630,0.0,31,1.23,92.7,178.0,87.9,13.5,259.0,6.7,1.45
136631,0.0,80,2.5,85.6,178.0,88.1,13.9,244.0,6.1,3.21
136632,0.0,5,0.0,53.4,178.0,82.2,14.2,287.0,7.0,2.22
136633,0.0,13,2.5,92.7,178.0,87.9,13.5,259.0,6.7,1.45
136634,1.0,69,2.94,79.0,179.0,94.2,15.4,282.0,6.8,36.15
136635,0.0,11,0.58,79.7,171.0,77.9,13.1,252.0,8.4,3.31
136636,0.0,54,5.0,87.0,183.0,88.4,13.5,242.0,5.1,1.58
136637,0.0,52,5.0,99.2,196.0,94.6,12.8,327.0,8.4,3.77
136638,0.0,60,5.0,82.4,251.0,91.0,12.7,254.0,6.4,0.45
136639,0.0,14,4.62,87.0,140.0,84.9,12.8,215.0,6.5,0.22
136640,0.0,10,2.67,92.7,178.0,87.9,13.5,259.0,6.7,1.45
136641,0.0,18,2.81,129.9,170.0,87.0,13.5,366.0,6.4,1.58
136642,0.0,33,5.0,89.0,165.0,92.1,12.6,221.0,6.1,3.85
136643,0.0,45,1.01,94.2,193.0,84.7,14.6,363.0,8.6,3.33
136644,0.0,51,0.69,104.2,168.0,85.8,13.4,237.0,7.3,1.71
136645,0.0,65,5.0,107.0,202.0,93.4,14.1,196.0,4.5,10.48
136646,0.0,17,1.64,86.5,150.0,87.2,12.8,216.0,8.6,0.16
136647,1.0,60,2.5,129.5,173.0,94.0,15.9,259.0,9.0,3.06
136648,0.0,9,2.5,61.2,178.0,87.9,13.5,259.0,6.7,1.45
136649,0.0,43,0.12,77.0,174.0,92.0,13.1,193.0,9.6,1.0
136650,0.0,68,2.5,89.4,194.0,96.3,12.9,189.0,3.2,0.49
136651,0.0,26,1.21,92.7,178.0,87.9,13.5,259.0,6.7,1.45
136652,0.0,65,5.0,105.4,233.0,85.3,16.5,675.0,9.2,7.25
136653,0.0,5,2.5,91.2,178.0,87.9,13.5,259.0,6.7,1.45
136654,0.0,22,0.23,92.7,178.0,87.9,13.5,259.0,6.7,1.45
136655,0.0,72,5.0,93.4,214.0,94.7,12.5,297.0,5.4,2.52
136656,1.0,63,1.18,92.7,178.0,87.9,13.5,259.0,6.7,1.45
136657,0.0,44,4.94,112.8,244.0,83.6,13.4,293.0,6.0,7.55
136658,0.0,24,5.0,92.7,178.0,87.9,13.5,259.0,6.7,1.45
136659,0.0,1,3.72,92.7,178.0,73.2,14.7,346.0,8.4,1.45
136660,0.0,77,2.5,92.7,178.0,88.1,15.0,183.0,5.2,1.45
136661,0.0,50,1.64,92.7,178.0,87.9,13.5,259.0,6.7,1.45
136662,0.0,5,1.82,92.7,178.0,87.9,13.5,259.0,6.7,1.45
136663,0.0,64,2.5,81.4,312.0,91.2,13.7,231.0,4.8,0.9
136664,1.0,61,0.87,142.3,131.0,98.8,14.1,314.0,10.6,14.13
136665,1.0,78,0.57,92.7,178.0,87.9,13.5,259.0,6.7,1.45
136666,0.0,9,1.94,64.5,167.0,85.0,14.0,239.0,5.3,0.37
136667,0.0,36,1.57,88.3,193.0,85.9,12.6,255.0,8.8,106.25
136668,0.0,70,2.48,113.8,228.0,84.6,14.6,183.0,6.7,1.18
136669,0.0,34,2.5,92.7,178.0,87.9,13.5,259.0,6.7,1.45
136670,0.0,19,4.31,99.4,191.0,93.1,12.9,239.0,6.2,3.85
136671,0.0,57,3.82,92.7,178.0,87.9,13.5,259.0,6.7,1.45
136673,0.0,33,0.01,89.0,165.0,86.5,13.0,242.0,8.2,2.2
136674,0.0,10,2.83,71.9,161.0,83.4,12.8,259.0,6.4,0.11
136675,0.0,65,5.0,79.6,207.0,98.8,13.4,271.0,4.6,0.88
136676,1.0,80,2.5,92.7,178.0,87.9,13.5,259.0,6.7,1.45
136677,1.0,71,2.5,113.8,146.0,91.7,14.1,249.0,5.7,1.7
136678,0.0,15,3.71,95.2,159.0,73.0,19.2,301.0,7.7,0.71
136679,0.0,73,4.37,104.7,161.0,88.8,12.9,215.0,8.3,0.66
136681,0.0,22,2.5,92.7,178.0,87.9,13.5,259.0,6.7,1.45
136682,0.0,80,5.0,106.5,217.0,90.6,13.5,249.0,8.3,1.22
136683,1.0,64,1.25,92.7,178.0,87.9,13.5,259.0,6.7,1.45
136684,0.0,11,1.42,77.5,150.0,83.2,13.1,262.0,7.0,0.17
136685,0.0,43,0.97,109.4,205.0,75.8,16.3,331.0,6.7,5.59
136686,0.0,64,3.68,92.7,178.0,87.9,13.5,259.0,6.7,1.45
136687,0.0,14,0.0,92.7,143.0,87.0,13.4,372.0,7.5,0.28
136688,0.0,27,1.47,77.0,135.0,91.5,11.8,215.0,4.4,0.34
136690,0.0,9,3.38,92.7,178.0,87.9,13.5,259.0,6.7,1.45
136691,0.0,67,2.5,92.7,121.0,68.6,16.6,244.0,6.6,8.09
136692,0.0,67,2.5,78.5,169.0,93.4,13.9,216.0,6.9,0.6
136693,0.0,45,3.27,110.9,165.0,85.1,13.3,318.0,11.3,0.95
136694,0.0,35,1.05,94.7,178.0,87.9,13.5,259.0,6.7,1.45
136695,0.0,64,0.21,92.7,178.0,87.9,13.5,259.0,6.7,1.45
136696,0.0,57,2.4,90.1,244.0,93.6,13.3,245.0,6.8,0.58
136697,0.0,34,1.82,104.2,189.0,88.8,15.0,505.0,7.3,10.86
136698,0.0,32,1.31,92.7,187.0,90.1,14.3,262.0,7.2,2.82
136699,0.0,49,2.29,115.5,269.0,88.0,15.8,197.0,4.8,8.04
136700,0.0,16,2.61,92.7,178.0,87.9,13.5,259.0,6.7,1.45
136701,0.0,31,0.84,129.2,182.0,90.8,13.5,305.0,7.4,4.15
136702,1.0,68,5.0,100.2,118.0,104.5,12.7,219.0,6.0,11.58
136703,0.0,44,0.0,82.9,182.0,94.3,12.7,283.0,5.4,0.35
136704,0.0,4,2.5,52.2,178.0,79.4,14.3,376.0,5.7,1.45
136705,0.0,23,0.71,90.0,139.0,77.7,16.8,385.0,6.7,10.32
136706,0.0,63,0.05,92.7,178.0,97.9,12.8,270.0,7.9,1.45
136707,0.0,43,1.39,97.0,161.0,80.6,14.3,382.0,5.9,5.4
136708,0.0,6,1.7,92.7,178.0,87.9,13.5,259.0,6.7,1.45
136709,0.0,45,0.91,94.2,188.0,88.5,12.5,190.0,4.2,0.5
136710,0.0,15,2.56,81.5,178.0,87.9,13.5,259.0,6.7,1.45
136711,0.0,15,0.77,92.7,178.0,87.9,13.5,259.0,6.7,1.45
136712,0.0,5,2.5,92.7,178.0,87.9,13.5,259.0,6.7,1.45
136713,0.0,73,5.0,71.7,207.0,96.1,14.6,312.0,5.6,1.5
136714,0.0,20,1.74,122.0,162.0,66.8,18.0,339.0,9.5,15.19
136715,0.0,4,4.22,48.0,178.0,87.9,13.5,259.0,6.7,1.45
136716,0.0,67,2.5,92.7,178.0,87.9,13.5,259.0,6.7,1.45
136717,0.0,41,5.0,92.7,178.0,87.9,13.5,259.0,6.7,1.45
136718,0.0,60,5.0,106.1,157.0,87.9,13.2,235.0,6.6,1.1
136719,0.0,3,0.92,92.7,178.0,87.9,13.5,259.0,6.7,1.45
136720,0.0,70,5.0,103.4,235.0,85.7,14.0,385.0,10.1,11.82
136721,0.0,19,2.13,92.7,178.0,87.9,13.5,259.0,6.7,1.45
136722,0.0,6,2.85,54.7,178.0,87.9,13.5,259.0,6.7,1.45
136723,0.0,62,5.0,123.8,243.0,90.9,13.5,197.0,5.3,0.67
136724,0.0,75,2.66,84.4,248.0,89.2,13.1,221.0,7.0,2.43
136725,0.0,1,3.52,92.7,178.0,87.9,13.5,259.0,6.7,1.45
136727,0.0,57,5.0,92.7,233.0,88.2,13.8,222.0,9.0,8.48
136728,0.0,55,1.67,92.5,220.0,84.8,13.2,223.0,7.4,1.02
136729,0.0,12,5.0,72.7,149.0,85.3,12.3,271.0,7.3,0.17
136730,0.0,62,5.0,97.8,141.0,88.0,13.3,157.0,6.4,1.12
136731,0.0,31,2.5,83.0,180.0,88.6,13.7,329.0,6.6,3.98
136732,0.0,7,5.0,53.1,178.0,87.9,13.5,259.0,6.7,1.45
136733,0.0,33,0.09,83.1,221.0,93.3,14.3,298.0,6.1,0.68
136734,0.0,35,1.13,83.9,173.0,93.0,12.7,238.0,4.8,0.8
136735,1.0,80,2.02,95.6,113.0,90.0,13.6,232.0,7.0,2.43
136736,0.0,64,5.0,90.9,217.0,89.1,13.1,266.0,7.4,4.32
136737,0.0,1,0.68,92.7,178.0,77.8,13.7,277.0,8.5,0.29
136738,0.0,33,1.47,92.7,178.0,87.9,13.5,259.0,6.7,1.45
136739,0.0,67,5.0,90.0,185.0,88.0,13.1,209.0,7.4,2.74
136740,0.0,69,4.37,96.5,228.0,90.5,14.3,355.0,9.8,0.86
136741,0.0,8,0.17,92.7,178.0,87.9,13.5,259.0,6.7,1.45
136742,0.0,13,4.83,68.1,158.0,79.0,13.6,260.0,8.5,0.3
136743,0.0,37,0.0,92.7,178.0,87.9,13.5,259.0,6.7,1.45
136744,0.0,36,4.67,90.2,159.0,88.2,14.0,281.0,4.6,0.27
136745,0.0,38,5.0,92.2,201.0,92.7,13.0,129.0,4.8,0.42
136747,0.0,37,0.7,106.1,147.0,73.4,14.2,227.0,5.1,6.86
136748,0.0,69,1.55,113.2,214.0,91.7,14.9,206.0,6.0,1.16
136749,0.0,2,0.91,92.7,178.0,87.9,13.5,259.0,6.7,1.45
136750,0.0,62,5.0,123.2,193.0,95.6,13.1,317.0,8.8,1.29
136751,0.0,54,5.0,92.7,178.0,87.9,13.5,259.0,6.7,1.45
136752,0.0,73,5.0,109.2,225.0,89.6,14.5,282.0,8.3,2.04
136753,0.0,18,0.37,74.8,181.0,89.6,13.2,217.0,5.6,0.4
136754,0.0,80,2.35,86.4,131.0,85.2,15.6,211.0,5.1,0.46
136755,0.0,18,0.24,142.0,212.0,79.5,16.0,386.0,5.9,38.9
136756,0.0,10,4.68,92.7,178.0,87.9,13.5,259.0,6.7,1.45
136757,0.0,80,1.72,93.9,233.0,89.1,14.2,283.0,8.3,0.99
136758,0.0,29,5.0,108.7,187.0,87.3,12.2,266.0,5.7,0.67
136759,0.0,47,2.5,92.7,178.0,87.9,13.5,259.0,6.7,1.45
136760,0.0,73,1.97,91.3,271.0,90.1,13.1,398.0,5.0,0.85
136761,0.0,61,3.62,86.4,193.0,93.1,12.3,155.0,4.3,0.81
136762,0.0,33,0.64,101.2,215.0,81.2,14.4,218.0,6.0,3.05
136763,0.0,13,5.0,69.2,119.0,81.5,12.9,231.0,5.6,0.11
136764,0.0,5,3.97,70.6,178.0,87.9,13.5,259.0,6.7,1.45
136765,0.0,61,5.0,92.7,178.0,87.9,13.5,259.0,6.7,1.45
136766,0.0,4,4.32,56.1,178.0,82.7,12.4,398.0,5.7,0.11
136767,0.0,1,2.5,92.7,178.0,87.9,13.5,259.0,6.7,1.45
136768,0.0,14,1.3,92.7,178.0,87.9,13.5,259.0,6.7,1.45
136769,0.0,7,5.0,54.5,146.0,80.2,12.6,296.0,8.8,6.96
136770,0.0,70,3.55,92.7,183.0,85.9,14.6,148.0,5.1,1.17
136771,0.0,21,0.43,89.5,178.0,87.9,13.5,259.0,6.7,1.45
136772,0.0,14,0.46,118.6,178.0,87.9,13.5,259.0,6.7,1.45
136773,0.0,5,1.75,56.0,178.0,78.0,14.2,267.0,7.9,5.06
136774,0.0,19,0.33,64.7,138.0,82.7,14.9,208.0,6.5,5.09
136775,0.0,8,2.83,66.1,117.0,82.8,13.3,249.0,6.1,1.47
136776,0.0,67,2.5,120.0,171.0,92.5,13.5,203.0,7.7,8.42
136777,0.0,80,2.91,92.7,178.0,87.9,13.5,259.0,6.7,1.45
136778,0.0,53,2.5,97.2,143.0,92.8,13.2,356.0,9.4,0.36
136779,0.0,58,5.0,92.7,178.0,87.9,13.5,259.0,6.7,1.45
136780,0.0,7,5.0,60.3,144.0,70.6,16.2,380.0,5.4,0.11
136781,0.0,25,0.92,78.5,171.0,79.7,13.9,247.0,5.1,1.24
136782,0.0,61,1.34,92.7,178.0,87.9,13.5,259.0,6.7,1.45
136783,1.0,80,5.0,92.7,152.0,91.2,15.2,306.0,9.3,1.77
136784,0.0,14,5.0,69.3,147.0,88.4,13.5,218.0,5.0,0.35
136785,0.0,61,1.17,99.1,169.0,74.7,17.0,478.0,6.3,3.42
136786,0.0,16,1.8,87.0,142.0,82.4,13.4,281.0,6.7,5.79
136787,0.0,16,4.5,81.5,138.0,92.1,12.5,300.0,7.2,0.19
136788,0.0,68,5.0,116.5,196.0,93.0,13.6,181.0,7.8,1.25
136789,0.0,72,4.12,92.7,178.0,87.9,13.5,259.0,6.7,1.45
136790,0.0,5,2.26,92.7,178.0,87.9,13.5,259.0,6.7,1.45
136791,0.0,64,4.92,75.3,222.0,97.8,12.9,192.0,3.9,1.27
136792,0.0,10,2.5,92.7,178.0,87.9,13.5,259.0,6.7,1.45
136793,0.0,12,1.93,108.0,190.0,75.0,16.5,376.0,8.5,8.54
136794,0.0,25,1.09,79.4,178.0,90.9,14.1,270.0,10.8,1.68
136795,0.0,25,2.5,92.7,178.0,87.9,13.5,259.0,6.7,1.45
136796,1.0,68,2.5,92.7,178.0,87.9,13.5,259.0,6.7,1.45
136797,0.0,30,0.82,83.7,196.0,88.6,12.8,287.0,7.0,0.69
136798,0.0,51,5.0,92.7,178.0,87.9,13.5,259.0,6.7,1.45
136799,0.0,38,5.0,83.4,194.0,93.8,12.6,210.0,5.7,0.37
136800,0.0,62,5.0,88.4,131.0,89.4,13.9,237.0,6.6,0.7
136801,0.0,64,3.82,102.5,117.0,88.9,16.0,242.0,4.0,0.23
136802,0.0,53,2.61,72.9,261.0,101.6,13.4,239.0,9.4,0.68
136803,0.0,62,3.33,104.2,197.0,88.7,12.8,237.0,8.0,5.32
136804,0.0,1,1.85,92.7,178.0,87.9,13.5,259.0,6.7,1.45
136805,0.0,3,0.97,53.4,178.0,87.9,13.5,259.0,6.7,1.45
136806,1.0,68,1.32,126.9,178.0,89.0,14.7,258.0,13.3,1.45
136807,0.0,2,0.97,46.6,178.0,75.6,14.3,242.0,6.9,0.65
136808,0.0,27,2.5,92.7,178.0,87.9,13.5,259.0,6.7,1.45
136809,0.0,69,2.5,121.4,159.0,96.3,13.8,209.0,4.8,0.9
136810,0.0,73,1.69,147.2,220.0,95.0,12.7,209.0,4.7,1.0
136811,0.0,1,1.6,92.7,178.0,87.9,13.5,259.0,6.7,1.45
136812,0.0,65,5.0,97.2,198.0,93.7,13.5,166.0,4.8,0.98
136813,0.0,13,0.02,92.7,178.0,87.9,13.5,259.0,6.7,1.45
136814,0.0,56,4.34,137.3,178.0,85.9,14.5,178.0,5.8,3.52
136815,0.0,44,3.16,92.7,178.0,87.9,13.5,259.0,6.7,1.45
136816,0.0,15,2.31,81.4,130.0,95.4,12.4,283.0,6.4,0.16
136817,0.0,32,3.92,89.1,178.0,88.4,12.5,271.0,9.2,2.77
136818,0.0,46,3.33,84.0,186.0,87.1,12.6,282.0,6.1,6.94
136819,0.0,14,2.5,72.8,178.0,88.3,12.1,224.0,4.9,1.45
136820,0.0,77,2.48,92.7,178.0,87.9,13.5,259.0,6.7,1.45
136821,0.0,18,1.15,79.3,119.0,87.6,14.5,264.0,4.8,0.54
136822,0.0,34,2.52,127.7,127.0,82.4,13.6,450.0,7.9,8.25
136823,0.0,73,3.93,92.7,178.0,87.9,13.5,259.0,6.7,1.45
136824,0.0,11,1.37,106.5,135.0,83.7,14.2,289.0,8.7,2.3
136825,0.0,48,5.0,92.7,178.0,87.9,13.5,259.0,6.7,1.45
136826,0.0,64,1.84,124.1,164.0,88.1,13.5,293.0,7.1,7.5
136827,1.0,54,5.0,111.4,211.0,99.1,18.0,153.0,7.0,4.99
136828,0.0,60,0.99,130.2,228.0,90.1,13.7,357.0,9.2,2.11
136829,0.0,76,2.5,105.8,183.0,92.8,14.7,209.0,5.6,1.28
136830,0.0,5,0.02,92.7,178.0,87.9,13.5,259.0,6.7,1.45
136831,0.0,43,2.0,97.9,259.0,70.3,17.3,469.0,8.6,3.68
136832,1.0,72,4.32,125.6,167.0,93.4,16.3,262.0,13.8,4.44
136833,0.0,19,2.5,92.7,178.0,87.9,13.5,259.0,6.7,1.45
136834,0.0,76,2.5,92.7,178.0,87.9,13.5,259.0,6.7,1.45
136835,0.0,62,3.14,127.6,136.0,87.4,14.7,182.0,8.5,3.08
136836,0.0,71,5.0,87.9,152.0,87.9,13.4,185.0,5.4,0.37
136837,0.0,71,1.13,123.0,248.0,81.6,15.4,193.0,5.4,10.82
136838,0.0,68,4.37,97.3,176.0,91.8,14.2,212.0,6.5,1.54
136839,1.0,61,1.51,92.7,120.0,74.4,17.3,232.0,6.2,3.47
136840,0.0,54,4.27,93.4,258.0,89.2,13.3,241.0,6.8,0.7
136841,0.0,1,1.7,92.7,178.0,87.9,13.5,259.0,6.7,1.45
136842,0.0,15,1.08,86.0,172.0,82.9,13.6,193.0,6.4,0.3
136843,0.0,7,2.7,92.7,178.0,87.9,13.5,259.0,6.7,1.45
136844,0.0,6,3.6,51.4,178.0,91.0,12.4,246.0,4.2,0.35
136845,0.0,2,0.58,48.4,178.0,87.9,13.5,259.0,6.7,1.45
136846,0.0,14,0.63,92.7,178.0,87.9,13.5,259.0,6.7,1.45
136847,0.0,25,2.94,92.7,178.0,87.9,13.5,259.0,6.7,1.45
136848,0.0,30,0.4,94.3,178.0,87.8,12.9,395.0,12.6,1.45
136849,0.0,53,2.41,110.2,209.0,95.7,13.0,200.0,7.1,3.5
136850,0.0,18,0.91,82.2,147.0,92.4,13.5,277.0,11.9,5.81
136852,0.0,26,5.0,71.5,198.0,86.9,16.3,252.0,6.1,0.24
136853,0.0,75,1.28,92.7,178.0,87.9,13.5,259.0,6.7,1.45
136854,0.0,36,2.5,83.1,168.0,90.1,14.6,252.0,4.5,0.31
136855,0.0,20,3.22,92.7,173.0,65.3,17.5,435.0,7.7,0.15
136856,0.0,44,5.0,92.7,178.0,87.9,13.5,259.0,6.7,1.45
136857,0.0,2,3.41,92.7,178.0,87.9,13.5,259.0,6.7,1.45
136858,0.0,15,0.45,74.0,129.0,87.7,14.0,306.0,7.9,0.15
136859,0.0,27,5.0,89.6,161.0,88.2,12.5,192.0,3.4,1.73
136860,0.0,15,1.73,91.2,123.0,88.9,13.5,374.0,9.4,1.12
136861,0.0,15,1.08,64.0,152.0,82.4,12.4,230.0,6.9,8.54
136862,0.0,74,0.79,101.8,178.0,93.5,14.1,290.0,11.7,1.63
136863,0.0,4,3.33,46.1,178.0,87.9,13.5,259.0,6.7,1.45
136864,0.0,72,2.5,98.4,267.0,94.6,13.6,265.0,6.8,32.38
136865,1.0,72,4.41,141.8,129.0,91.5,16.1,263.0,6.7,9.07
136866,0.0,25,2.5,103.1,218.0,84.0,13.5,283.0,7.7,2.99
136867,0.0,17,2.5,65.4,140.0,79.2,13.6,269.0,3.8,0.11
136868,0.0,41,2.5,105.5,176.0,83.0,13.3,154.0,3.9,1.22
136869,0.0,10,3.9,66.1,178.0,87.9,13.5,259.0,6.7,1.45
136870,0.0,53,1.59,129.4,178.0,75.6,14.9,572.0,8.8,42.78
136871,0.0,5,2.29,54.0,178.0,78.4,14.3,359.0,8.7,1.95
136872,0.0,26,3.3,106.5,204.0,85.9,13.5,308.0,7.1,2.15
136873,0.0,12,0.58,66.9,178.0,87.9,13.5,259.0,6.7,1.45
136874,0.0,46,5.0,100.1,176.0,87.2,14.4,306.0,6.0,6.73
136875,0.0,16,1.42,82.9,136.0,88.0,13.4,252.0,4.9,0.18
136876,0.0,12,5.0,60.2,101.0,80.9,14.0,244.0,6.2,0.15
136877,0.0,15,0.3,115.1,142.0,77.9,15.6,361.0,11.2,6.82
136878,0.0,41,5.0,92.7,178.0,87.9,13.5,259.0,6.7,1.45
136879,0.0,27,0.26,92.7,178.0,87.9,13.5,259.0,6.7,1.45
136880,0.0,27,2.58,92.7,178.0,87.9,13.5,259.0,6.7,1.45
136881,0.0,39,3.04,92.7,178.0,87.9,13.5,259.0,6.7,1.45
136882,0.0,28,2.33,119.3,196.0,85.2,13.0,386.0,11.3,17.33
136883,0.0,32,2.61,158.6,176.0,79.1,16.4,349.0,13.9,59.66
136884,0.0,30,3.17,92.7,178.0,87.9,13.5,259.0,6.7,1.45
136885,0.0,12,1.19,94.0,178.0,87.9,13.5,259.0,6.7,1.45
136886,0.0,1,3.6,92.7,178.0,87.9,13.5,259.0,6.7,1.45
136887,0.0,25,3.26,92.0,175.0,82.9,13.8,251.0,7.0,1.7
136888,0.0,21,0.99,87.0,192.0,85.7,12.9,299.0,7.3,0.42
136889,0.0,14,5.0,92.7,178.0,87.9,13.5,259.0,6.7,1.45
136890,0.0,62,5.0,70.9,283.0,95.5,13.3,158.0,3.2,0.27
136891,0.0,31,1.99,105.2,193.0,88.3,15.0,211.0,5.7,6.06
136892,0.0,79,2.5,92.7,256.0,97.0,14.7,567.0,12.3,1.6
136893,0.0,59,4.33,94.0,254.0,92.5,13.0,243.0,6.2,0.21
136894,0.0,5,1.71,55.0,178.0,87.9,13.5,259.0,6.7,1.45
136895,1.0,56,1.16,92.7,178.0,87.9,13.5,259.0,6.7,1.45
136896,0.0,12,2.5,92.7,178.0,87.9,13.5,259.0,6.7,1.45
136897,1.0,70,2.71,133.6,162.0,86.8,13.1,302.0,8.2,5.04
136898,0.0,46,4.62,119.2,221.0,86.0,14.1,249.0,7.3,3.04
136899,0.0,26,0.69,92.7,144.0,95.0,13.0,185.0,6.9,0.83
136900,0.0,52,3.91,92.7,178.0,87.9,13.5,259.0,6.7,1.45
136901,0.0,49,1.77,92.7,178.0,87.9,13.5,259.0,6.7,1.45
136902,0.0,9,1.37,65.6,128.0,84.9,12.9,323.0,7.3,0.28
136903,0.0,9,1.17,79.9,178.0,87.9,13.5,259.0,6.7,1.45
136904,0.0,7,5.0,92.7,178.0,87.9,13.5,259.0,6.7,1.45
136905,0.0,10,0.01,92.7,178.0,87.9,13.5,259.0,6.7,1.45
136906,0.0,53,3.49,79.0,182.0,95.1,13.0,230.0,4.6,0.92
136907,0.0,16,0.67,94.1,152.0,91.9,13.3,263.0,4.1,0.45
136908,0.0,55,0.04,122.6,164.0,88.5,14.5,447.0,9.8,2.3
136909,0.0,15,0.69,75.9,123.0,92.3,12.5,185.0,5.6,0.26
136910,1.0,70,5.0,107.0,185.0,93.6,13.1,267.0,6.8,3.84
136911,0.0,39,4.5,90.3,189.0,89.5,13.1,173.0,4.6,0.3
136912,0.0,18,0.23,92.7,129.0,82.5,15.9,179.0,11.5,8.08
136913,0.0,7,5.0,57.0,137.0,83.2,13.7,393.0,8.0,0.49
136914,0.0,56,2.5,121.6,170.0,85.6,13.6,261.0,5.7,1.39
136915,0.0,3,1.51,58.2,178.0,80.8,12.4,287.0,9.3,0.15
136916,0.0,4,2.03,56.0,178.0,83.4,14.2,316.0,5.9,1.15
136917,0.0,49,5.0,116.7,124.0,86.6,12.8,204.0,6.4,0.65
136918,0.0,24,2.61,85.2,313.0,74.5,23.0,346.0,5.9,1.09
136919,0.0,5,1.82,92.7,178.0,87.9,13.5,259.0,6.7,1.45
136920,0.0,14,5.0,92.7,178.0,87.9,13.5,259.0,6.7,1.45
136921,0.0,61,1.84,101.5,213.0,88.8,13.1,240.0,6.5,2.29
136922,0.0,44,5.0,91.0,260.0,88.0,13.3,241.0,5.6,0.63
136923,0.0,20,0.91,98.6,118.0,82.8,14.0,263.0,7.4,0.69
136924,0.0,73,1.61,92.7,178.0,87.9,13.5,259.0,6.7,1.45
136925,0.0,63,2.5,89.8,221.0,91.9,12.9,244.0,7.8,1.48
136926,0.0,55,4.78,92.7,178.0,87.9,13.5,259.0,6.7,1.45
136927,0.0,19,2.5,81.3,166.0,78.4,12.8,250.0,7.4,0.27
136928,0.0,58,2.5,92.1,125.0,100.8,12.5,221.0,7.2,0.19
136929,0.0,47,5.0,108.0,151.0,80.6,13.8,294.0,6.5,0.5
136930,0.0,52,1.28,76.5,178.0,86.3,14.9,229.0,4.9,0.35
136931,0.0,69,2.33,109.9,147.0,94.4,12.8,169.0,7.5,1.14
136932,0.0,17,4.02,97.4,194.0,86.7,13.1,417.0,7.9,5.09
136933,0.0,1,1.85,92.7,178.0,87.9,13.5,259.0,6.7,1.45
136934,0.0,47,5.0,92.7,178.0,87.9,13.5,259.0,6.7,1.45
136935,0.0,59,2.5,92.7,178.0,87.9,13.5,259.0,6.7,1.45
136936,0.0,68,3.44,95.9,194.0,83.9,13.5,380.0,7.9,3.75
136937,0.0,9,3.74,92.7,178.0,87.9,13.5,259.0,6.7,1.45
136938,0.0,53,5.0,104.0,228.0,82.4,13.5,337.0,7.6,10.72
136939,1.0,59,2.5,84.8,188.0,92.7,20.5,130.0,4.0,8.28
136940,0.0,5,2.5,49.9,178.0,80.1,12.5,288.0,3.3,0.24
136941,0.0,13,0.27,74.4,174.0,82.8,13.9,349.0,4.2,0.15
136942,0.0,43,3.69,96.8,194.0,90.4,14.4,384.0,5.5,3.37
136943,0.0,47,1.99,100.1,190.0,80.3,15.7,285.0,5.3,2.29
136944,0.0,2,1.22,50.2,178.0,73.1,12.5,423.0,7.3,1.45
136945,0.0,3,2.67,51.5,178.0,72.5,15.6,395.0,9.4,0.75
136946,1.0,67,2.58,93.9,142.0,88.8,15.3,157.0,8.1,7.73
136947,0.0,22,1.47,78.7,146.0,69.3,15.9,149.0,4.9,0.66
136948,0.0,16,5.0,81.5,178.0,87.9,13.5,259.0,6.7,1.45
136949,0.0,47,2.5,92.7,178.0,87.9,13.5,259.0,6.7,1.45
136950,0.0,25,2.13,121.9,125.0,88.7,13.1,296.0,13.2,5.27
136951,0.0,80,1.01,76.8,166.0,95.3,14.5,381.0,7.1,0.2
136952,0.0,60,5.0,92.7,178.0,87.9,13.5,259.0,6.7,1.45
136953,0.0,57,2.18,95.0,183.0,103.3,15.3,63.0,5.0,5.72
136954,0.0,35,0.84,108.7,197.0,90.3,13.8,347.0,8.5,3.96
136955,0.0,14,2.92,92.7,178.0,87.9,13.5,259.0,6.7,1.45
136956,0.0,62,1.8,92.0,215.0,101.7,13.4,264.0,6.0,2.39
136957,0.0,7,2.5,44.3,153.0,70.0,16.6,464.0,9.2,0.15
136958,0.0,2,5.0,52.0,178.0,87.9,13.5,259.0,6.7,1.45
136959,0.0,70,1.07,111.5,208.0,83.6,14.9,284.0,6.3,3.31
136960,0.0,11,3.41,92.7,178.0,87.9,13.5,259.0,6.7,1.45
136961,0.0,16,4.27,71.6,124.0,93.3,13.5,298.0,8.1,0.2
136962,0.0,4,2.77,92.7,178.0,87.9,13.5,259.0,6.7,1.45
136963,0.0,32,4.05,133.2,176.0,84.2,12.9,322.0,4.8,3.35
136964,0.0,2,2.61,45.4,178.0,87.9,13.5,259.0,6.7,1.45
136965,0.0,49,2.5,92.7,178.0,87.9,13.5,259.0,6.7,1.45
136966,0.0,80,1.09,112.0,200.0,88.5,15.4,250.0,7.9,1.61
136967,0.0,9,1.09,75.4,190.0,83.4,13.8,323.0,7.4,0.72
136968,0.0,52,5.0,83.9,159.0,90.6,12.8,279.0,9.3,2.25
136969,0.0,29,0.54,85.7,156.0,85.6,13.0,260.0,6.3,0.47
136970,0.0,8,2.09,92.7,178.0,87.9,13.5,259.0,6.7,1.45
136971,0.0,67,3.28,109.2,178.0,87.9,13.5,259.0,6.7,1.45
136972,1.0,78,2.5,92.2,117.0,95.5,14.0,299.0,11.0,11.75
136973,0.0,71,1.12,84.6,268.0,87.5,13.2,247.0,4.0,0.38
136974,0.0,3,5.0,51.4,178.0,79.2,14.0,329.0,9.1,0.3
136975,0.0,49,3.43,111.2,192.0,86.5,13.2,78.0,6.4,3.09
136976,0.0,31,3.65,104.3,207.0,84.2,13.0,230.0,6.3,0.4
136977,0.0,29,2.58,95.7,193.0,85.0,13.4,395.0,7.6,1.05
136978,0.0,45,1.1,81.1,183.0,91.4,12.8,290.0,7.6,0.62
136979,0.0,78,2.5,114.7,189.0,94.3,13.1,230.0,10.0,3.06
136980,0.0,62,5.0,104.6,177.0,95.8,13.1,267.0,7.5,1.08
136981,0.0,16,5.0,69.2,121.0,87.3,13.7,264.0,5.6,0.38
136982,0.0,47,5.0,91.5,203.0,87.0,12.9,255.0,5.4,1.71
136983,0.0,10,5.0,50.4,131.0,84.6,12.7,278.0,5.7,0.25
136984,0.0,78,2.18,100.4,221.0,84.4,13.7,209.0,5.8,1.41
136985,0.0,8,2.85,92.7,178.0,87.9,13.5,259.0,6.7,1.45
136986,0.0,6,2.5,92.7,178.0,87.9,13.5,259.0,6.7,1.45
136987,0.0,80,2.13,89.0,247.0,86.5,14.8,173.0,5.0,1.41
136988,0.0,65,5.0,123.4,180.0,91.1,12.7,240.0,5.6,1.92
136989,0.0,11,1.85,56.8,178.0,87.9,13.5,259.0,6.7,1.45
136990,0.0,63,5.0,128.7,185.0,80.9,14.7,264.0,5.9,17.36
136991,0.0,48,2.5,83.2,187.0,90.2,13.2,164.0,4.3,0.44
136992,0.0,12,5.0,62.2,178.0,87.9,13.5,259.0,6.7,1.45
136993,0.0,58,4.12,98.0,211.0,87.2,13.2,173.0,3.7,1.95
136994,0.0,50,1.42,89.3,196.0,87.2,12.9,266.0,8.7,5.44
136995,0.0,12,1.3,92.7,117.0,83.5,13.6,212.0,3.1,0.88
136996,0.0,4,4.68,47.5,178.0,83.5,13.0,338.0,10.6,1.45
136997,1.0,77,1.86,109.0,152.0,93.2,12.8,258.0,7.4,1.75
136998,0.0,77,5.0,87.7,213.0,108.1,13.4,291.0,4.6,0.41
136999,0.0,17,1.49,108.4,150.0,78.2,14.1,416.0,8.6,4.02
137001,0.0,7,2.05,69.0,196.0,80.8,12.9,414.0,10.1,1.38
137002,0.0,27,1.67,92.7,178.0,87.9,13.5,259.0,6.7,1.45
137003,0.0,7,4.32,92.7,178.0,87.9,13.5,259.0,6.7,1.45
137004,0.0,21,2.5,102.8,178.0,87.9,13.5,259.0,6.7,1.45
137005,0.0,30,2.5,88.2,181.0,89.6,13.5,295.0,6.7,0.26
137006,0.0,55,2.5,88.7,184.0,93.3,12.5,317.0,3.7,0.23
137007,0.0,77,2.44,122.3,141.0,83.6,15.1,249.0,7.7,1.06
137008,0.0,30,2.12,139.5,152.0,73.7,16.2,420.0,10.0,13.48
137009,1.0,56,0.16,72.0,182.0,86.0,15.8,213.0,4.3,0.62
137010,0.0,68,0.25,81.4,271.0,84.2,13.5,220.0,4.9,3.45
137011,0.0,32,4.78,93.0,172.0,86.8,13.3,260.0,8.2,0.17
137012,0.0,30,1.64,122.2,162.0,62.6,20.4,275.0,9.1,1.4
137013,1.0,80,2.5,102.2,136.0,84.4,13.8,172.0,5.1,1.39
137014,0.0,20,2.5,92.7,178.0,87.9,13.5,259.0,6.7,1.45
137015,0.0,80,4.42,92.7,178.0,87.9,13.5,259.0,6.7,1.45
137016,0.0,14,5.0,69.9,182.0,86.0,14.0,261.0,10.8,0.32
137017,1.0,69,2.5,106.1,200.0,84.6,15.8,450.0,6.1,6.54
137018,0.0,11,1.41,92.7,178.0,87.9,13.5,259.0,6.7,1.45
137019,0.0,15,3.42,92.7,178.0,87.9,13.5,259.0,6.7,1.45
137020,0.0,3,2.16,92.7,178.0,87.9,13.5,259.0,6.7,1.45
137021,0.0,10,0.03,79.9,167.0,74.6,15.0,258.0,8.0,5.27
137022,1.0,73,2.1,99.0,175.0,90.7,13.6,184.0,5.9,0.45
137023,0.0,27,5.0,75.3,161.0,89.5,12.7,300.0,10.6,31.47
137024,1.0,63,0.66,92.7,178.0,87.9,13.5,259.0,6.7,1.45
137025,0.0,8,5.0,55.0,154.0,84.9,13.0,201.0,4.9,0.11
137026,0.0,36,2.09,101.5,177.0,86.9,13.1,249.0,4.7,3.79
137027,0.0,44,2.5,112.4,213.0,94.5,13.0,304.0,8.0,5.42
137028,0.0,17,1.85,126.3,198.0,77.0,16.9,387.0,6.6,4.51
137029,1.0,58,2.5,90.4,173.0,90.8,13.3,181.0,5.2,1.59
137030,0.0,7,2.5,73.0,178.0,82.1,12.8,316.0,9.2,0.93
137031,0.0,35,0.39,103.0,150.0,76.8,15.7,230.0,7.2,14.69
137032,0.0,1,0.62,92.7,178.0,87.9,13.5,259.0,6.7,1.45
137033,1.0,79,0.68,92.7,178.0,87.9,13.5,259.0,6.7,1.45
137035,0.0,5,0.0,92.7,178.0,87.9,13.5,259.0,6.7,1.45
137036,0.0,43,2.5,92.7,178.0,87.9,13.5,259.0,6.7,1.45
137037,0.0,55,1.55,118.4,110.0,84.8,14.0,206.0,5.7,1.65
137038,0.0,15,2.61,92.7,178.0,87.9,13.5,259.0,6.7,1.45
137039,0.0,64,2.29,92.7,183.0,95.7,12.2,173.0,6.8,1.14
137040,0.0,62,1.68,104.2,191.0,87.3,14.1,208.0,6.2,3.73
137041,0.0,12,2.5,92.7,178.0,87.9,13.5,259.0,6.7,1.45
137042,1.0,71,1.32,99.6,123.0,88.9,13.0,180.0,4.9,0.76
137043,1.0,60,1.15,115.8,202.0,78.1,16.4,298.0,9.5,2.19
137044,0.0,1,3.7,92.7,178.0,87.9,13.5,259.0,6.7,1.45
137045,0.0,59,2.5,79.5,202.0,87.5,13.1,272.0,6.8,1.28
137046,0.0,65,1.77,89.9,242.0,85.5,14.6,325.0,7.2,1.85
137047,0.0,8,1.1,92.7,178.0,87.9,13.5,259.0,6.7,1.45
137048,0.0,60,5.0,82.9,229.0,92.0,13.1,274.0,6.9,3.1
137049,0.0,65,2.5,92.7,178.0,87.9,13.5,259.0,6.7,1.45
137050,0.0,8,5.0,92.7,178.0,87.9,13.5,259.0,6.7,1.45
137051,0.0,64,5.0,92.7,127.0,81.6,15.0,188.0,8.0,2.71
137052,0.0,53,0.81,76.5,182.0,92.4,13.2,238.0,3.9,0.23
137053,0.0,57,0.74,120.6,178.0,87.9,13.5,259.0,6.7,1.45
137054,0.0,23,1.1,78.6,178.0,87.9,13.5,259.0,6.7,1.45
137055,1.0,68,2.89,139.4,189.0,94.0,14.2,226.0,10.7,3.54
137056,0.0,64,1.67,98.4,205.0,86.9,13.2,385.0,6.7,6.56
137057,0.0,32,2.5,89.0,199.0,88.7,13.7,254.0,5.5,0.96
137058,0.0,14,0.2,102.2,148.0,83.6,13.9,320.0,4.6,8.86
137059,0.0,71,5.0,91.8,178.0,91.8,14.0,215.0,5.3,1.45
137060,0.0,52,0.5,117.3,187.0,89.3,14.3,425.0,7.3,4.55
137061,0.0,78,2.5,82.5,170.0,101.8,14.6,297.0,4.4,2.31
137062,0.0,12,1.85,92.7,178.0,87.9,13.5,259.0,6.7,1.45
137063,0.0,25,2.56,92.7,178.0,87.9,13.5,259.0,6.7,1.45
137064,0.0,58,1.34,93.0,178.0,87.9,13.5,259.0,6.7,1.45
137065,0.0,66,3.33,77.8,228.0,92.6,12.0,313.0,3.8,0.78
137066,0.0,25,1.71,74.7,161.0,90.9,12.4,202.0,3.1,0.27
137067,0.0,58,1.41,114.6,338.0,87.4,12.5,318.0,9.7,2.32
137068,0.0,50,4.12,91.5,189.0,88.0,11.9,340.0,6.0,1.63
137069,0.0,18,0.48,76.7,178.0,87.2,13.9,342.0,6.5,0.95
137070,0.0,9,3.96,92.7,178.0,87.9,13.5,259.0,6.7,1.45
137071,0.0,48,0.0,92.7,178.0,87.9,13.5,259.0,6.7,1.45
137072,0.0,45,2.5,92.7,178.0,87.9,13.5,259.0,6.7,1.45
137073,0.0,58,1.15,116.1,170.0,87.5,14.1,246.0,7.8,2.9
137074,0.0,4,5.0,68.3,178.0,87.9,13.5,259.0,6.7,1.45
137075,0.0,11,5.0,92.7,178.0,87.9,13.5,259.0,6.7,1.45
137076,0.0,80,1.67,91.5,184.0,89.6,13.5,263.0,6.4,0.4
137077,0.0,80,1.71,92.7,135.0,94.4,13.5,215.0,7.8,55.79
137078,1.0,80,2.5,86.6,182.0,79.3,15.2,154.0,7.2,1.75
137079,0.0,16,2.41,144.5,178.0,87.9,13.5,259.0,6.7,1.45
137080,0.0,50,2.5,92.7,178.0,87.9,13.5,259.0,6.7,1.45
137081,0.0,48,1.07,123.3,201.0,86.2,13.9,221.0,4.6,3.49
137082,0.0,79,0.62,109.5,178.0,87.9,13.5,259.0,6.7,1.45
137083,0.0,61,5.0,110.5,214.0,95.8,13.6,265.0,6.3,1.2
137084,0.0,46,1.32,85.1,228.0,94.5,12.8,344.0,7.1,1.3
137085,0.0,36,2.5,101.5,178.0,87.9,13.5,259.0,6.7,1.45
137086,0.0,3,2.77,51.4,178.0,82.5,13.6,379.0,11.8,1.45
137087,0.0,78,5.0,92.7,178.0,87.9,13.5,259.0,6.7,1.45
137088,0.0,80,3.6,120.5,179.0,90.3,13.5,197.0,6.3,1.72
137089,0.0,37,2.68,92.7,178.0,87.9,13.5,259.0,6.7,1.45
137090,0.0,23,1.09,100.1,193.0,87.3,13.3,273.0,9.1,1.02
137091,0.0,56,1.84,128.6,179.0,83.9,14.8,305.0,7.0,3.94
137092,0.0,2,0.43,92.7,178.0,87.9,13.5,259.0,6.7,1.45
137093,0.0,20,1.42,92.7,178.0,87.9,13.5,259.0,6.7,1.45
137094,0.0,45,3.53,117.4,178.0,87.9,13.5,259.0,6.7,1.45
137095,0.0,34,2.5,92.7,178.0,87.9,13.5,259.0,6.7,1.45
137096,0.0,68,2.5,103.2,190.0,96.2,12.7,249.0,6.5,2.18
137097,0.0,35,3.96,92.7,178.0,87.9,13.5,259.0,6.7,1.45
137098,0.0,31,2.5,92.7,178.0,87.9,13.5,259.0,6.7,1.45
137099,0.0,1,4.4,92.7,178.0,77.4,14.1,283.0,13.0,9.96
137100,1.0,77,0.69,119.4,252.0,90.5,14.8,198.0,6.4,5.2
137101,0.0,17,0.07,70.4,137.0,91.1,14.0,228.0,6.8,0.42
137102,0.0,39,5.0,87.1,201.0,76.3,15.2,250.0,6.7,1.77
137103,0.0,45,5.0,123.9,231.0,84.3,12.8,194.0,6.6,1.8
137104,0.0,2,1.8,46.5,178.0,87.9,13.5,259.0,6.7,1.45
137105,0.0,72,0.91,118.0,178.0,87.9,13.5,259.0,6.7,1.45
137106,0.0,68,0.65,87.0,152.0,90.1,13.4,266.0,7.5,1.43
137107,0.0,40,5.0,92.6,99.0,89.3,12.7,210.0,5.4,0.58
137108,0.0,9,2.17,74.0,174.0,85.4,13.0,222.0,5.2,0.59
137109,0.0,7,0.62,61.0,130.0,83.1,14.7,291.0,7.6,0.23
137110,0.0,40,5.0,88.0,122.0,88.0,12.7,247.0,7.1,1.17
137111,0.0,63,1.47,92.7,178.0,87.9,13.5,259.0,6.7,1.45
137112,0.0,26,1.57,132.5,184.0,87.5,14.3,509.0,10.6,25.05
137113,0.0,65,2.62,101.4,212.0,91.6,13.6,262.0,5.2,0.4
137114,0.0,64,2.5,92.7,178.0,87.9,13.5,259.0,6.7,1.45
137115,0.0,5,3.78,92.7,178.0,87.9,13.5,259.0,6.7,1.45
137116,0.0,49,2.03,116.1,211.0,90.5,13.6,316.0,8.2,4.67
137117,0.0,52,2.5,92.7,178.0,87.9,13.5,259.0,6.7,1.45
137118,0.0,43,0.48,92.7,178.0,87.9,13.5,259.0,6.7,1.45
137119,0.0,77,0.41,107.8,185.0,87.8,13.8,288.0,7.0,9.37
137120,0.0,11,2.5,105.5,178.0,87.9,13.5,259.0,6.7,1.45
137121,0.0,23,1.09,92.7,178.0,87.9,13.5,259.0,6.7,1.45
137122,0.0,6,2.77,57.6,178.0,87.9,13.5,259.0,6.7,1.45
137123,0.0,68,3.04,96.0,157.0,91.6,13.2,197.0,4.7,0.71
137124,0.0,61,5.0,92.7,178.0,87.9,13.5,259.0,6.7,1.45
137125,0.0,42,5.0,71.1,184.0,84.7,15.8,245.0,5.5,2.09
137126,0.0,68,1.3,110.2,97.0,88.4,14.0,186.0,6.5,0.88
137128,0.0,25,5.0,92.7,258.0,88.4,12.6,292.0,8.5,2.49
137129,0.0,57,3.6,92.7,178.0,87.9,13.5,259.0,6.7,1.45
137130,0.0,16,1.15,74.1,125.0,80.1,13.6,215.0,2.9,0.41
137131,0.0,8,2.36,52.3,169.0,81.4,13.8,227.0,6.3,0.47
137132,0.0,51,2.5,92.5,230.0,87.0,14.3,190.0,4.0,4.35
137133,0.0,52,5.0,81.0,262.0,88.2,12.4,226.0,5.7,0.39
137134,0.0,40,0.98,92.7,178.0,87.9,13.5,259.0,6.7,1.45
137135,0.0,3,2.5,92.7,178.0,87.9,13.5,259.0,6.7,1.45
137136,0.0,71,5.0,110.5,131.0,88.2,12.9,193.0,4.6,9.38
137137,0.0,48,1.17,98.9,234.0,88.6,12.3,234.0,10.3,0.94
137138,1.0,70,1.06,147.3,112.0,86.6,14.3,154.0,6.2,5.03
137139,0.0,53,4.82,121.0,215.0,89.4,13.7,170.0,5.0,4.22
137140,0.0,64,0.63,91.0,276.0,91.9,14.4,252.0,5.0,0.79
137141,0.0,17,0.83,81.4,138.0,73.9,16.3,379.0,5.8,1.62
137142,0.0,71,2.5,89.3,268.0,96.1,13.2,280.0,6.7,0.55
137143,0.0,76,5.0,92.7,178.0,87.9,13.5,259.0,6.7,1.45
137144,0.0,3,2.5,49.7,178.0,81.4,13.1,281.0,6.0,1.45
137145,0.0,55,2.5,116.9,184.0,83.1,14.1,218.0,10.5,1.48
137146,0.0,55,2.5,86.2,192.0,93.2,13.1,223.0,3.9,0.31
137147,0.0,15,1.85,71.3,159.0,83.0,13.4,297.0,8.0,0.11
137148,0.0,10,2.01,92.7,178.0,87.9,13.5,259.0,6.7,1.45
137149,0.0,33,5.0,82.8,195.0,89.7,13.5,176.0,5.1,0.23
137150,0.0,14,0.07,92.7,178.0,87.9,13.5,259.0,6.7,1.45
137152,0.0,10,2.5,92.7,178.0,87.9,13.5,259.0,6.7,1.45
137153,0.0,67,3.46,92.7,134.0,97.3,12.2,197.0,6.3,0.41
137154,0.0,65,2.17,127.5,247.0,94.0,14.0,166.0,4.8,13.25
137155,0.0,22,1.77,92.7,130.0,83.0,12.7,173.0,7.1,5.81
137156,0.0,16,2.81,88.5,178.0,87.9,13.5,259.0,6.7,1.45
137157,0.0,47,4.22,114.2,192.0,84.0,16.5,320.0,7.4,7.11
137158,0.0,41,1.01,120.3,140.0,87.3,13.5,348.0,6.9,11.09
137159,1.0,67,2.21,118.6,232.0,75.4,16.4,226.0,6.2,14.45
137160,0.0,46,5.0,74.4,241.0,87.7,14.5,338.0,6.9,0.47
137161,0.0,26,2.67,92.7,178.0,87.9,13.5,259.0,6.7,1.45
137162,0.0,11,2.77,79.5,178.0,87.9,13.5,259.0,6.7,1.45
137163,0.0,19,5.0,92.7,178.0,87.9,13.5,259.0,6.7,1.45
137164,1.0,59,2.76,104.5,162.0,86.5,15.6,325.0,9.8,4.09
137165,0.0,4,2.08,92.7,178.0,87.9,13.5,259.0,6.7,1.45
137166,0.0,19,2.92,92.7,178.0,87.9,13.5,259.0,6.7,1.45
137167,0.0,72,2.5,90.8,196.0,87.1,13.8,163.0,8.6,0.72
137168,0.0,80,4.72,92.7,234.0,93.4,13.2,233.0,6.7,0.56
137169,0.0,11,2.5,92.7,178.0,87.9,13.5,259.0,6.7,1.45
137170,0.0,65,2.48,107.7,176.0,89.4,13.7,229.0,5.3,0.84
137171,0.0,2,1.44,50.8,178.0,71.8,13.3,319.0,5.5,1.45
137172,0.0,4,0.43,52.7,178.0,74.6,15.0,380.0,6.1,1.45
137173,0.0,26,2.5,92.7,178.0,87.9,13.5,259.0,6.7,1.45
137174,0.0,4,1.23,46.8,178.0,79.5,16.0,278.0,5.5,0.6
137175,0.0,68,2.73,109.0,198.0,83.8,13.8,189.0,5.7,4.24
137176,0.0,19,5.0,79.6,178.0,90.0,13.0,321.0,6.7,1.45
137177,0.0,51,5.0,87.3,183.0,82.1,12.3,212.0,4.8,0.62
137178,0.0,68,2.94,93.5,178.0,87.9,13.5,259.0,6.7,1.45
137179,0.0,64,0.49,105.3,178.0,91.5,16.0,368.0,8.6,1.45
137180,0.0,77,1.3,110.3,146.0,91.3,13.1,197.0,6.9,1.49
137181,0.0,52,4.88,92.7,178.0,87.9,13.5,259.0,6.7,1.45
137182,1.0,75,2.18,88.6,146.0,90.8,13.9,300.0,6.6,0.28
137183,0.0,76,0.83,92.7,178.0,87.9,13.5,259.0,6.7,1.45
137184,0.0,38,3.86,123.6,190.0,88.7,14.1,365.0,9.3,3.2
137185,0.0,35,2.09,92.7,178.0,87.9,13.5,259.0,6.7,1.45
137186,0.0,79,4.61,134.5,130.0,91.4,13.5,198.0,11.1,1.25
137187,0.0,46,5.0,92.7,178.0,87.9,13.5,259.0,6.7,1.45
137188,0.0,11,3.14,66.5,155.0,80.0,14.6,223.0,6.0,0.11
137189,0.0,14,2.34,94.0,178.0,87.9,13.5,259.0,6.7,1.45
137190,0.0,46,5.0,92.7,178.0,87.9,13.5,259.0,6.7,1.45
137191,0.0,23,2.92,93.7,253.0,89.8,12.3,197.0,6.6,1.85
137192,0.0,19,2.5,83.0,132.0,88.2,13.1,236.0,5.8,0.23
137193,0.0,32,1.13,86.3,172.0,84.0,12.5,296.0,6.2,0.54
137194,0.0,58,2.5,92.7,195.0,87.7,13.5,212.0,6.5,0.87
137195,0.0,69,2.5,121.0,180.0,87.0,14.9,214.0,6.1,1.14
137196,1.0,49,2.5,92.7,178.0,87.9,13.5,259.0,6.7,1.45
137198,0.0,23,2.73,80.9,197.0,91.1,12.7,308.0,7.1,1.73
137199,0.0,13,5.0,92.7,178.0,87.9,13.5,259.0,6.7,1.45
137200,0.0,40,1.98,101.5,247.0,85.8,12.9,262.0,10.2,2.64
137201,0.0,8,1.21,92.7,178.0,87.9,13.5,259.0,6.7,1.45
137202,0.0,24,2.94,133.2,177.0,95.6,13.2,283.0,6.8,2.68
137203,0.0,33,4.97,96.1,197.0,86.1,13.8,208.0,6.2,2.21
137204,0.0,9,5.0,57.2,168.0,81.3,12.6,366.0,8.4,3.37
137205,0.0,3,2.5,92.7,178.0,87.9,13.5,259.0,6.7,1.45
137206,1.0,68,1.44,99.0,180.0,72.5,15.9,244.0,7.5,5.58
137207,0.0,17,1.46,79.8,135.0,88.9,12.6,325.0,6.0,0.26
137208,0.0,54,1.72,92.5,135.0,87.6,12.1,266.0,7.2,3.08
137209,0.0,44,2.21,86.0,237.0,76.7,13.8,226.0,3.8,2.8
137210,0.0,11,5.0,78.0,169.0,86.1,13.0,226.0,5.5,2.14
137211,0.0,9,0.06,60.3,178.0,87.9,13.5,259.0,6.7,1.45
137212,0.0,80,2.5,105.7,163.0,96.7,13.6,266.0,7.3,2.03
137213,0.0,31,4.41,95.4,177.0,84.6,13.2,251.0,11.7,2.42
137214,0.0,31,2.16,100.9,167.0,89.0,12.7,380.0,7.3,5.41
137215,0.0,56,2.85,115.5,137.0,85.1,14.5,221.0,8.2,5.88
137216,0.0,53,2.4,135.6,210.0,86.4,14.0,141.0,6.1,1.57
137217,0.0,1,2.16,92.7,178.0,87.9,13.5,259.0,6.7,1.45
137218,0.0,39,2.5,91.3,161.0,93.3,13.0,127.0,3.8,0.86
137219,0.0,6,2.92,92.7,178.0,87.9,13.5,259.0,6.7,1.45
137220,0.0,64,2.5,88.7,175.0,87.1,14.4,189.0,7.1,0.9
137221,0.0,69,0.92,96.4,256.0,85.8,15.9,267.0,7.1,1.79
137222,0.0,8,5.0,92.7,178.0,87.9,13.5,259.0,6.7,1.45
137223,0.0,7,0.13,59.3,178.0,87.9,13.5,259.0,6.7,1.45
137224,0.0,53,2.5,93.3,227.0,88.4,13.3,344.0,7.3,3.18
137225,0.0,41,1.74,92.7,178.0,87.9,13.5,259.0,6.7,1.45
137226,0.0,47,2.5,92.7,178.0,87.9,13.5,259.0,6.7,1.45
137227,0.0,15,3.58,73.0,114.0,89.5,12.3,323.0,6.7,6.54
137228,0.0,33,1.23,138.8,178.0,87.9,13.5,259.0,6.7,1.45
137229,0.0,15,1.91,92.7,178.0,87.9,13.5,259.0,6.7,1.45
137230,0.0,80,4.92,103.3,151.0,90.9,12.9,181.0,6.6,2.13
137231,0.0,18,2.74,66.5,111.0,82.1,12.8,168.0,3.9,1.14
137232,0.0,61,1.4,88.6,233.0,99.1,13.0,263.0,6.0,3.66
137233,1.0,80,0.88,92.7,178.0,87.9,13.5,259.0,6.7,1.45
137234,1.0,63,1.75,97.2,146.0,91.2,14.7,180.0,9.8,7.25
137235,0.0,36,1.74,92.7,178.0,87.9,13.5,259.0,6.7,1.45
137236,0.0,4,2.77,50.4,178.0,83.1,13.2,279.0,9.6,0.11
137237,0.0,19,0.18,73.5,179.0,88.9,12.5,254.0,4.4,1.2
137238,0.0,19,0.0,92.7,178.0,87.9,13.5,259.0,6.7,1.45
137239,0.0,79,5.0,122.4,164.0,65.3,17.1,158.0,7.2,2.07
137240,0.0,23,4.05,86.2,227.0,85.2,12.8,281.0,6.0,1.37
137241,0.0,47,0.78,97.6,264.0,84.1,14.1,244.0,8.8,1.83
137242,0.0,3,4.32,92.7,178.0,87.9,13.5,259.0,6.7,1.45
137243,0.0,63,1.37,92.2,290.0,86.3,13.7,290.0,6.5,1.95
137244,0.0,15,1.33,92.7,178.0,87.9,13.5,259.0,6.7,1.45
137245,0.0,7,0.98,92.7,178.0,87.9,13.5,259.0,6.7,1.45
137246,0.0,39,2.5,92.5,137.0,84.2,13.6,286.0,5.0,2.23
137247,0.0,14,5.0,92.7,178.0,87.9,13.5,259.0,6.7,1.45
137248,0.0,80,2.4,92.7,162.0,92.0,15.5,252.0,7.4,11.47
137249,0.0,42,2.1,86.0,239.0,83.8,14.2,410.0,6.0,1.7
137250,0.0,49,1.13,85.3,191.0,85.7,13.6,231.0,5.0,0.31
137251,0.0,66,3.5,134.5,141.0,87.9,13.5,259.0,6.7,44.96
137252,0.0,66,2.74,91.0,284.0,92.4,12.8,327.0,8.0,0.46
137253,0.0,31,5.0,97.3,141.0,95.3,13.3,204.0,3.8,0.3
137254,0.0,25,2.5,92.7,178.0,87.9,13.5,259.0,6.7,1.45
137255,0.0,54,5.0,103.8,214.0,89.1,13.0,339.0,7.5,3.93
137256,0.0,75,3.64,112.2,245.0,89.9,12.7,200.0,4.6,0.35
137257,0.0,10,5.0,56.6,190.0,79.1,14.1,197.0,12.4,0.68
137258,0.0,17,2.5,76.7,147.0,82.7,13.1,317.0,7.5,0.55
137259,0.0,15,5.0,74.3,193.0,85.5,13.0,260.0,4.8,0.32
137260,0.0,10,4.68,92.7,178.0,87.9,13.5,259.0,6.7,1.45
137261,0.0,75,2.5,84.1,226.0,94.5,12.5,187.0,4.9,2.0
137262,0.0,58,5.0,92.7,178.0,87.9,13.5,259.0,6.7,1.45
137263,0.0,57,0.92,91.1,183.0,88.1,14.5,177.0,6.9,1.42
137264,0.0,80,5.0,89.0,263.0,97.9,13.0,179.0,7.8,3.32
137265,0.0,8,4.17,52.1,178.0,87.9,13.5,259.0,6.7,1.45
137266,0.0,29,2.5,92.7,178.0,87.9,13.5,259.0,6.7,1.45
137267,1.0,78,2.3,92.7,178.0,87.9,13.5,259.0,6.7,1.45
137268,0.0,48,3.83,123.4,179.0,87.4,13.7,234.0,6.4,1.66
137269,0.0,49,0.65,94.1,154.0,83.1,26.6,310.0,9.8,0.31
137270,0.0,68,0.77,92.7,175.0,88.5,13.1,228.0,7.5,12.11
137271,0.0,44,3.41,100.0,174.0,89.0,13.8,350.0,9.8,1.05
137272,0.0,56,2.5,114.2,166.0,91.2,13.2,290.0,6.1,3.39
137273,0.0,55,1.74,89.0,158.0,86.7,13.6,275.0,13.5,40.48
137274,0.0,61,3.53,93.7,303.0,96.8,12.9,188.0,12.1,1.46
137275,0.0,3,3.96,92.7,178.0,87.9,13.5,259.0,6.7,1.45
137276,0.0,64,5.0,75.4,193.0,86.8,13.4,226.0,9.8,0.46
137277,0.0,6,2.5,92.7,178.0,87.9,13.5,259.0,6.7,1.45
137278,0.0,66,4.7,92.7,178.0,87.9,13.5,259.0,6.7,1.45
137279,0.0,30,5.0,74.8,153.0,96.8,12.6,250.0,6.0,0.24
137280,0.0,58,5.0,100.2,195.0,95.0,13.1,230.0,5.2,0.84
137281,0.0,59,3.1,93.2,260.0,83.4,13.1,301.0,7.6,3.36
137282,0.0,48,2.94,123.0,239.0,80.0,14.0,243.0,4.5,5.76
137283,0.0,80,1.91,101.5,230.0,94.3,13.9,234.0,6.5,2.7
137284,0.0,60,5.0,118.8,214.0,92.4,13.6,245.0,6.3,2.78
137285,0.0,39,3.22,92.7,178.0,87.9,13.5,259.0,6.7,1.45
137286,0.0,65,3.04,77.5,257.0,101.8,14.0,242.0,5.9,4.9
137287,0.0,48,5.0,92.7,178.0,87.9,13.5,259.0,6.7,1.45
137288,0.0,33,2.5,132.8,266.0,94.6,13.5,210.0,5.4,3.3
137289,0.0,68,2.5,92.7,178.0,87.9,13.5,259.0,6.7,1.45
137290,0.0,41,1.67,92.7,178.0,87.9,13.5,259.0,6.7,1.45
137291,0.0,64,5.0,101.8,192.0,91.8,13.5,280.0,8.1,6.0
137292,0.0,12,2.46,92.7,178.0,87.9,13.5,259.0,6.7,1.45
137293,0.0,61,5.0,86.8,246.0,74.8,14.2,185.0,6.1,2.94
137294,0.0,19,2.5,92.7,178.0,87.9,13.5,259.0,6.7,1.45
137295,0.0,24,2.3,107.0,190.0,84.8,12.7,227.0,7.0,1.26
137296,1.0,69,2.5,83.2,171.0,88.7,12.6,489.0,7.6,0.53
137297,0.0,12,2.5,59.8,178.0,83.4,12.5,294.0,5.5,1.45
137298,1.0,80,1.04,92.7,178.0,87.9,13.5,259.0,6.7,1.45
137299,0.0,25,5.0,95.7,184.0,89.1,13.6,262.0,5.2,0.36
137300,1.0,34,3.83,112.0,162.0,89.9,13.2,333.0,6.2,2.07
137301,0.0,52,2.5,83.5,196.0,84.5,13.6,263.0,6.7,1.19
137302,0.0,57,0.6,102.3,214.0,87.8,14.2,264.0,5.9,2.88
137303,0.0,50,2.5,102.0,262.0,83.3,13.9,287.0,4.1,3.98
137304,0.0,38,3.22,82.0,155.0,89.3,12.6,222.0,9.5,0.81
137305,0.0,27,5.0,72.0,152.0,96.1,13.3,237.0,7.7,1.59
137306,0.0,41,3.41,82.8,135.0,86.3,12.9,243.0,8.3,1.4
137307,0.0,66,1.16,109.7,178.0,87.9,13.5,259.0,6.7,1.45
137308,0.0,70,4.56,116.8,189.0,94.2,13.8,194.0,6.1,2.38
137309,0.0,45,3.25,111.5,252.0,80.0,16.6,388.0,9.7,6.6
137310,0.0,69,2.06,132.0,228.0,83.9,15.6,256.0,10.3,33.76
137311,0.0,41,0.83,108.6,178.0,86.6,13.2,321.0,7.1,1.45
137312,0.0,48,5.0,92.7,178.0,87.9,13.5,259.0,6.7,1.45
137313,0.0,37,2.5,104.7,215.0,90.8,13.9,206.0,5.1,4.0
137314,0.0,67,1.86,110.5,184.0,99.0,13.5,240.0,5.4,0.61
137315,0.0,80,5.0,92.7,178.0,87.9,13.5,259.0,6.7,1.45
137316,0.0,26,2.09,87.6,142.0,79.0,14.1,260.0,7.9,1.66
137317,0.0,31,1.3,92.7,178.0,87.9,13.5,259.0,6.7,1.45
137318,0.0,55,0.79,81.5,223.0,81.1,13.8,267.0,5.5,3.9
137319,0.0,62,4.05,107.6,209.0,91.5,14.3,234.0,5.2,4.66
137320,0.0,80,3.42,92.7,178.0,87.9,13.5,259.0,6.7,1.45
137321,0.0,1,0.87,92.7,178.0,87.9,13.5,259.0,6.7,1.45
137322,1.0,80,2.5,92.7,178.0,87.9,13.5,259.0,6.7,1.45
137323,0.0,32,2.56,81.0,162.0,95.6,12.4,304.0,5.4,0.5
137324,0.0,58,1.37,130.6,178.0,87.9,13.5,259.0,6.7,1.45
137325,0.0,65,5.0,86.6,251.0,99.0,12.9,257.0,4.8,1.7
137326,0.0,32,2.61,92.7,178.0,87.9,13.5,259.0,6.7,1.45
137327,0.0,28,2.48,92.7,178.0,87.9,13.5,259.0,6.7,1.45
137328,0.0,72,0.81,92.7,178.0,87.9,13.5,259.0,6.7,1.45
137329,1.0,74,4.02,111.9,228.0,88.5,12.6,232.0,11.5,2.14
137330,0.0,47,1.86,120.5,248.0,82.8,14.3,231.0,4.0,4.33
137331,1.0,70,2.5,106.7,138.0,89.6,13.8,193.0,6.2,0.6
137332,0.0,72,1.99,107.2,122.0,83.3,14.0,221.0,6.5,0.23
137333,0.0,41,4.56,110.1,211.0,88.9,13.2,258.0,5.2,13.13
137334,0.0,17,5.0,71.3,210.0,70.4,17.1,298.0,12.1,3.33
137335,0.0,63,5.0,79.1,219.0,92.1,13.7,162.0,4.3,0.32
137336,0.0,17,1.2,92.7,178.0,87.9,13.5,259.0,6.7,1.45
137337,0.0,33,1.75,96.1,178.0,86.4,12.9,172.0,5.8,0.68
137338,0.0,3,0.02,92.7,178.0,87.9,13.5,259.0,6.7,1.45
137339,0.0,49,1.15,84.2,229.0,91.9,14.2,283.0,8.8,1.22
137340,0.0,6,0.1,92.7,178.0,87.9,13.5,259.0,6.7,1.45
137341,0.0,53,2.71,109.9,235.0,85.6,13.8,204.0,5.6,3.51
137342,0.0,49,0.87,90.1,226.0,80.3,16.1,329.0,5.4,0.83
137343,0.0,34,5.0,92.7,178.0,87.9,13.5,259.0,6.7,1.45
137344,0.0,50,3.38,96.3,254.0,82.9,13.5,118.0,5.6,1.08
137345,0.0,26,3.44,88.7,178.0,90.0,12.4,218.0,9.5,1.45
137346,0.0,13,1.3,74.8,168.0,77.3,15.2,471.0,4.8,0.56
137347,0.0,7,2.96,74.3,178.0,87.9,13.5,259.0,6.7,1.45
137348,0.0,31,1.91,113.4,178.0,84.9,14.6,306.0,6.4,1.25
137349,0.0,78,3.28,113.6,157.0,77.2,16.1,218.0,7.7,8.57
137350,0.0,64,2.5,120.5,127.0,95.9,13.3,225.0,6.8,2.14
137351,0.0,41,2.5,98.9,184.0,83.6,13.6,207.0,6.4,9.58
137352,0.0,73,3.44,113.5,161.0,88.8,14.3,199.0,7.1,2.88
137353,1.0,69,0.7,110.8,159.0,95.3,13.0,319.0,9.6,5.47
137354,0.0,68,2.5,96.0,143.0,89.1,12.3,263.0,6.0,1.47
137355,0.0,37,2.85,90.7,193.0,88.7,13.4,212.0,7.0,0.31
137356,0.0,72,2.21,92.7,178.0,87.9,13.5,259.0,6.7,1.45
137357,0.0,26,1.95,92.7,178.0,87.9,13.5,259.0,6.7,1.45
137359,0.0,20,0.52,92.7,178.0,87.9,13.5,259.0,6.7,1.45
137360,0.0,41,1.01,92.7,203.0,88.1,15.0,329.0,7.7,8.1
137361,0.0,11,0.65,82.4,178.0,78.8,13.2,329.0,8.4,0.46
137362,1.0,31,2.5,92.7,178.0,87.9,13.5,259.0,6.7,1.45
137363,0.0,8,0.32,63.9,163.0,86.1,13.7,374.0,7.7,0.4
137364,0.0,10,5.0,67.6,196.0,82.5,13.9,374.0,6.5,0.16
137365,0.0,67,3.6,92.7,178.0,87.9,13.5,259.0,6.7,1.45
137366,0.0,73,4.05,87.6,282.0,92.7,13.8,294.0,5.1,4.05
137367,0.0,16,2.5,92.7,178.0,87.9,13.5,259.0,6.7,1.45
137368,0.0,55,5.0,94.9,178.0,91.7,13.9,259.0,4.0,0.15
137369,0.0,15,2.09,79.4,206.0,75.9,17.1,242.0,5.9,0.35
137370,0.0,73,2.33,101.5,166.0,91.1,13.8,245.0,6.8,1.32
137371,0.0,47,2.18,92.7,178.0,87.9,13.5,259.0,6.7,1.45
137372,0.0,19,0.25,75.4,178.0,87.9,13.5,259.0,6.7,1.45
137373,0.0,3,2.5,92.7,178.0,87.9,13.5,259.0,6.7,1.45
137374,0.0,25,0.97,75.8,193.0,92.6,12.6,235.0,7.4,1.49
137375,0.0,60,2.5,100.4,210.0,84.1,13.4,241.0,6.1,0.74
137376,0.0,40,2.47,92.7,178.0,87.9,13.5,259.0,6.7,1.45
137377,0.0,8,2.54,46.9,178.0,87.9,13.5,259.0,6.7,1.45
137378,0.0,70,0.75,88.5,247.0,99.1,12.8,210.0,6.2,1.58
137379,0.0,66,5.0,113.2,192.0,93.8,16.2,174.0,5.9,2.6
137380,0.0,54,2.1,92.7,178.0,87.9,13.5,259.0,6.7,1.45
137381,0.0,40,5.0,114.3,246.0,89.6,12.5,208.0,6.1,3.17
137382,0.0,18,0.22,92.7,178.0,87.9,13.5,259.0,6.7,1.45
137383,0.0,73,5.0,88.1,225.0,90.2,14.2,225.0,6.0,2.47
137384,0.0,51,5.0,92.7,178.0,87.9,13.5,259.0,6.7,1.45
137385,0.0,36,0.57,102.7,178.0,87.9,13.5,259.0,6.7,1.45
137386,1.0,56,5.0,113.6,167.0,86.4,13.6,245.0,9.6,1.43
137387,0.0,69,5.0,114.1,139.0,92.1,13.9,319.0,10.7,38.89
137388,0.0,18,5.0,115.0,178.0,87.9,13.5,259.0,6.7,1.45
137389,0.0,8,3.27,98.6,178.0,87.9,13.5,259.0,6.7,1.45
137390,1.0,75,2.73,92.7,178.0,87.9,13.5,259.0,6.7,1.45
137391,0.0,62,2.5,131.7,144.0,87.7,13.4,220.0,7.5,4.31
137392,0.0,11,2.67,65.5,204.0,83.1,13.1,330.0,5.0,0.17
137393,0.0,9,2.5,92.7,178.0,87.9,13.5,259.0,6.7,1.45
137394,0.0,65,1.22,92.7,112.0,88.0,13.9,323.0,10.0,15.29
137395,0.0,63,5.0,84.7,178.0,86.4,13.5,251.0,6.0,1.45
137396,0.0,43,1.02,103.0,232.0,84.0,13.2,236.0,7.2,1.42
137397,0.0,8,0.75,92.7,178.0,87.9,13.5,259.0,6.7,1.45
137398,0.0,4,2.5,46.0,178.0,87.9,13.5,259.0,6.7,1.45
137399,0.0,17,1.3,135.2,223.0,86.4,13.1,301.0,10.4,3.98
137400,0.0,67,5.0,87.2,135.0,82.6,14.0,253.0,8.6,0.7
137401,0.0,75,5.0,98.0,151.0,93.6,13.4,181.0,5.7,1.86
137402,0.0,40,2.5,99.6,208.0,92.8,12.4,298.0,4.0,5.2
137403,0.0,80,2.87,99.6,199.0,93.4,13.6,225.0,5.6,1.8
137404,0.0,73,1.55,92.7,178.0,87.9,13.5,259.0,6.7,1.45
137405,0.0,9,3.42,92.7,178.0,87.9,13.5,259.0,6.7,1.45
137407,1.0,79,3.44,92.7,178.0,87.9,13.5,259.0,6.7,1.45
137408,0.0,24,3.6,90.2,180.0,82.0,14.1,278.0,5.2,1.81
137409,0.0,41,2.43,108.8,239.0,88.4,14.8,492.0,6.2,5.3
137410,0.0,20,0.63,72.0,125.0,91.8,14.1,207.0,6.6,0.46
137411,0.0,31,2.8,92.1,244.0,88.6,12.9,285.0,5.1,2.62
137412,1.0,66,3.0,98.0,147.0,88.1,13.6,194.0,4.4,4.52
137413,0.0,5,2.12,50.5,178.0,77.1,14.5,400.0,6.4,0.21
137414,0.0,44,0.19,92.3,199.0,91.7,13.8,236.0,5.0,3.28
137415,1.0,80,2.58,84.8,165.0,83.5,13.5,274.0,4.6,1.23
137416,0.0,4,5.0,92.7,178.0,87.9,13.5,259.0,6.7,1.45
137417,0.0,43,3.53,107.2,173.0,85.0,13.8,203.0,6.4,0.46
137418,0.0,5,4.46,50.3,178.0,87.9,13.5,259.0,6.7,1.45
137419,0.0,31,3.26,126.0,164.0,77.9,13.8,209.0,6.4,9.52
137420,1.0,80,3.43,110.6,164.0,90.2,14.1,320.0,8.4,2.73
137421,0.0,61,1.31,110.7,178.0,91.9,12.7,237.0,5.0,1.45
137422,0.0,73,1.91,92.7,178.0,87.9,13.5,259.0,6.7,1.45
137423,0.0,44,1.41,101.9,231.0,85.1,13.0,274.0,6.5,3.31
137424,0.0,28,0.0,124.3,180.0,98.3,14.8,203.0,7.1,0.57
137425,0.0,51,0.85,88.6,128.0,89.5,11.9,266.0,6.1,0.91
137426,0.0,8,1.07,57.0,146.0,88.4,12.5,274.0,5.6,0.11
137427,0.0,9,2.5,60.5,178.0,87.9,13.5,259.0,6.7,1.45
137428,0.0,19,5.0,71.4,150.0,87.2,13.7,242.0,9.3,0.27
137429,0.0,72,5.0,92.7,223.0,92.0,13.3,291.0,6.3,0.59
137431,0.0,16,2.96,69.3,178.0,89.9,13.1,247.0,6.0,1.45
137432,0.0,70,2.78,82.2,165.0,94.0,13.3,188.0,4.1,0.79
137433,0.0,12,2.5,92.7,178.0,87.9,13.5,259.0,6.7,1.45
137434,0.0,17,3.96,70.7,160.0,88.4,12.5,261.0,5.2,0.34
137435,0.0,44,5.0,81.4,226.0,87.0,12.8,227.0,4.2,0.69
137436,0.0,80,2.28,111.3,148.0,86.1,13.8,227.0,7.0,1.52
137437,0.0,2,2.5,92.7,178.0,87.9,13.5,259.0,6.7,1.45
137438,0.0,65,2.5,95.1,263.0,86.4,14.7,338.0,7.2,9.31
137439,0.0,46,4.27,84.3,177.0,89.9,13.4,356.0,5.1,0.65
137440,1.0,50,5.0,103.5,193.0,90.2,15.4,295.0,9.3,0.71
137441,1.0,60,1.01,92.7,178.0,87.9,13.5,259.0,6.7,1.45
137442,0.0,8,2.42,59.6,178.0,87.9,13.5,259.0,6.7,1.45
137443,0.0,62,2.81,101.3,210.0,93.0,13.7,216.0,6.2,0.84
137444,1.0,77,1.4,92.7,159.0,82.1,16.2,318.0,11.3,0.63
137445,0.0,60,2.5,92.7,178.0,87.9,13.5,259.0,6.7,1.45
137446,0.0,57,0.74,106.2,180.0,92.5,13.5,317.0,12.6,16.73
137447,1.0,72,5.0,116.1,131.0,99.0,12.8,234.0,7.0,0.38
137448,1.0,80,4.56,102.0,151.0,88.6,13.3,171.0,5.0,1.36
137449,0.0,42,5.0,92.7,178.0,87.9,13.5,259.0,6.7,1.45
137450,0.0,13,3.42,92.7,178.0,87.9,13.5,259.0,6.7,1.45
137451,0.0,80,5.0,111.1,174.0,96.2,14.7,164.0,7.3,14.2
137452,0.0,9,2.52,61.6,162.0,81.8,13.1,262.0,6.9,0.99
137453,0.0,64,5.0,105.7,178.0,98.8,14.3,366.0,7.6,1.45
137454,0.0,7,1.68,55.2,178.0,87.9,13.5,259.0,6.7,1.45
137455,1.0,76,3.91,116.5,134.0,87.6,13.6,245.0,5.1,0.6
137456,0.0,3,0.61,50.8,178.0,76.4,15.0,514.0,6.9,0.25
137457,0.0,6,2.46,92.7,165.0,77.5,14.2,289.0,6.8,0.15
137458,0.0,17,5.0,109.4,178.0,87.9,13.5,259.0,6.7,1.45
137459,0.0,6,1.37,57.3,160.0,81.8,12.7,483.0,8.4,1.68
137460,0.0,18,2.5,92.7,178.0,87.9,13.5,259.0,6.7,1.45
137461,0.0,61,1.03,77.3,230.0,87.4,14.0,228.0,6.4,0.73
137462,0.0,73,2.5,95.4,154.0,88.6,14.0,223.0,7.2,1.67
137463,0.0,60,5.0,102.3,197.0,99.4,13.2,207.0,5.0,2.09
137464,1.0,33,1.85,127.7,178.0,80.5,13.6,277.0,7.1,2.63
137465,0.0,80,1.71,92.7,167.0,90.6,14.2,384.0,15.3,7.55
137466,0.0,77,5.0,92.7,178.0,87.9,13.5,259.0,6.7,1.45
137467,0.0,15,5.0,92.7,178.0,87.9,13.5,259.0,6.7,1.45
137468,0.0,31,0.05,137.0,173.0,86.3,14.3,431.0,16.7,3.92
137469,0.0,5,0.23,53.0,178.0,87.9,13.5,259.0,6.7,1.45
137470,0.0,76,1.59,92.7,178.0,87.9,13.5,259.0,6.7,1.45
137471,0.0,8,1.44,61.6,178.0,87.9,13.5,259.0,6.7,1.45
137472,0.0,41,3.26,93.0,234.0,95.2,12.8,316.0,8.4,4.71
137473,0.0,26,3.02,78.2,206.0,90.6,13.4,173.0,6.6,0.27
137474,1.0,64,1.14,99.4,186.0,85.8,14.0,288.0,5.9,2.94
137475,0.0,2,0.28,45.7,178.0,87.9,13.5,259.0,6.7,1.45
137476,1.0,70,4.26,103.3,201.0,87.7,13.1,268.0,6.7,2.33
137477,0.0,39,1.47,93.7,162.0,88.1,12.7,119.0,6.1,2.94
137478,0.0,73,3.35,103.8,171.0,95.0,12.9,182.0,6.2,0.67
137479,0.0,8,0.58,63.7,178.0,87.9,13.5,259.0,6.7,1.45
137480,0.0,23,2.41,98.4,143.0,84.7,13.5,250.0,6.3,3.71
137481,1.0,58,0.88,107.7,178.0,88.8,13.6,423.0,8.7,1.37
137482,0.0,38,0.62,117.7,184.0,84.9,12.9,259.0,6.5,6.4
137483,0.0,42,5.0,76.0,198.0,93.8,12.7,309.0,8.2,0.92
137484,0.0,26,2.5,92.7,178.0,87.9,13.5,259.0,6.7,1.45
137485,0.0,9,5.0,70.3,186.0,81.2,13.2,264.0,8.7,1.18
137486,0.0,4,2.5,51.8,178.0,87.9,13.5,259.0,6.7,1.45
137487,1.0,71,2.5,92.7,178.0,87.9,13.5,259.0,6.7,1.45
137488,0.0,29,2.17,97.2,114.0,90.6,12.8,276.0,3.6,3.92
137489,0.0,75,3.77,92.3,142.0,97.0,12.8,246.0,4.7,0.4
137490,0.0,44,2.5,112.4,178.0,87.9,13.5,259.0,6.7,1.45
137491,0.0,5,2.11,92.7,178.0,87.9,13.5,259.0,6.7,1.45
137492,0.0,57,2.5,92.7,178.0,87.9,13.5,259.0,6.7,1.45
137493,0.0,31,1.19,133.3,133.0,89.9,13.7,337.0,11.5,64.0
137494,0.0,20,2.5,92.7,178.0,87.9,13.5,259.0,6.7,1.45
137495,0.0,68,4.19,119.3,183.0,91.5,13.7,228.0,5.2,6.21
137496,0.0,1,5.0,92.7,178.0,87.9,13.5,259.0,6.7,1.45
137497,0.0,68,5.0,92.7,242.0,89.5,13.2,218.0,4.6,1.31
137498,0.0,14,2.5,92.7,178.0,87.9,13.5,259.0,6.7,1.45
137499,0.0,80,3.3,107.1,142.0,88.2,13.1,170.0,4.4,1.2
137500,0.0,75,2.5,103.0,204.0,78.7,19.4,188.0,9.6,2.33
137501,0.0,35,5.0,90.7,267.0,89.3,13.6,249.0,10.7,5.5
137502,1.0,80,2.58,93.4,178.0,87.9,13.5,259.0,6.7,1.45
137503,0.0,5,5.0,57.5,178.0,76.5,13.6,320.0,7.6,3.13
137504,0.0,63,1.51,115.2,215.0,90.3,14.3,335.0,7.3,9.12
137505,0.0,44,5.0,92.7,178.0,87.9,13.5,259.0,6.7,1.45
137506,0.0,34,2.5,92.7,178.0,87.9,13.5,259.0,6.7,1.45
137507,0.0,50,5.0,92.7,178.0,87.9,13.5,259.0,6.7,1.45
137508,0.0,79,1.89,113.7,125.0,100.2,14.4,154.0,6.2,2.25
137509,0.0,18,2.5,69.9,123.0,93.0,12.3,221.0,5.2,0.46
137510,1.0,80,4.8,80.4,196.0,86.8,15.5,262.0,9.3,1.26
137511,0.0,74,1.69,130.8,121.0,102.0,13.7,99.0,5.2,2.06
137512,0.0,69,1.06,122.8,196.0,88.9,13.5,259.0,8.7,2.27
137513,0.0,51,2.87,92.7,178.0,87.9,13.5,259.0,6.7,1.45
137514,0.0,12,0.17,64.8,178.0,87.9,13.5,259.0,6.7,1.45
137515,1.0,72,0.4,135.5,129.0,94.2,13.3,122.0,13.9,0.32
137516,0.0,13,0.33,92.7,178.0,87.9,13.5,259.0,6.7,1.45
137517,0.0,51,5.0,82.5,192.0,91.5,12.5,198.0,13.0,1.0
137518,0.0,48,5.0,93.3,205.0,90.3,13.2,196.0,5.8,0.16
137519,0.0,33,5.0,130.4,170.0,74.4,15.7,354.0,9.3,48.01
137520,1.0,73,1.37,113.2,140.0,89.6,13.5,269.0,6.7,0.96
137521,0.0,5,2.02,45.9,178.0,87.9,13.5,259.0,6.7,1.45
137522,0.0,34,0.0,92.7,178.0,87.9,13.5,259.0,6.7,1.45
137523,0.0,56,5.0,133.4,203.0,90.8,13.6,246.0,9.6,3.93
137524,0.0,15,0.65,75.2,191.0,86.2,14.2,252.0,7.2,0.11
137525,0.0,13,0.94,94.9,145.0,74.3,14.5,298.0,8.3,0.19
137526,0.0,45,3.09,143.3,154.0,91.4,16.3,416.0,9.8,16.25
137527,0.0,52,0.75,92.7,194.0,83.7,14.0,155.0,3.3,1.85
137528,0.0,57,2.03,142.2,143.0,84.1,14.0,300.0,8.7,10.6
137529,0.0,11,1.3,92.7,178.0,87.9,13.5,259.0,6.7,1.45
137530,0.0,53,0.69,93.3,164.0,89.5,13.6,292.0,8.8,0.34
137531,0.0,30,5.0,88.9,170.0,91.0,11.6,317.0,6.6,1.13
137532,0.0,43,2.5,87.8,168.0,97.8,13.5,281.0,7.4,0.81
137533,0.0,39,4.78,92.7,178.0,87.9,13.5,259.0,6.7,1.45
137534,0.0,48,5.0,99.0,145.0,91.6,13.1,209.0,3.9,2.05
137535,1.0,58,1.71,91.0,161.0,88.0,12.9,269.0,6.3,11.93
137536,0.0,2,1.48,51.3,178.0,87.9,13.5,259.0,6.7,1.45
137537,0.0,37,5.0,90.4,195.0,89.9,12.8,271.0,7.8,5.2
137538,0.0,3,0.86,92.7,178.0,81.7,13.9,398.0,6.5,0.11
137539,0.0,70,2.5,92.7,178.0,87.9,13.5,259.0,6.7,1.45
137540,0.0,34,5.0,92.7,178.0,87.9,13.5,259.0,6.7,1.45
137541,0.0,74,1.55,110.0,202.0,80.9,14.1,225.0,8.8,0.41
137542,0.0,12,5.0,70.2,178.0,73.8,17.1,225.0,9.6,1.45
137543,0.0,73,1.03,92.7,178.0,87.9,13.5,259.0,6.7,1.45
137544,0.0,75,3.76,98.6,190.0,91.3,14.1,192.0,5.3,2.02
137545,0.0,59,0.0,99.5,163.0,84.7,14.3,261.0,7.8,39.71
137546,0.0,8,1.15,76.2,133.0,91.2,12.3,299.0,4.7,1.29
137547,0.0,61,4.8,105.0,257.0,92.2,13.1,220.0,5.8,0.68
137548,0.0,33,1.99,93.4,263.0,85.7,13.0,306.0,5.5,2.59
137549,0.0,73,2.5,92.7,178.0,87.9,13.5,259.0,6.7,1.45
137550,0.0,56,4.23,106.1,221.0,90.2,13.2,224.0,4.6,4.18
137551,0.0,61,5.0,108.4,182.0,90.5,13.3,256.0,9.2,1.54
137552,0.0,64,1.93,108.3,208.0,88.2,13.9,352.0,4.0,0.68
137553,0.0,14,0.55,92.5,178.0,82.1,13.8,322.0,4.6,1.45
137554,1.0,67,2.5,92.7,178.0,87.9,13.5,259.0,6.7,1.45
137555,0.0,5,2.58,48.8,178.0,87.9,13.5,259.0,6.7,1.45
137556,0.0,7,1.85,53.0,182.0,75.3,15.4,396.0,5.7,1.18
137557,0.0,19,0.66,92.7,180.0,92.5,13.0,266.0,4.1,0.4
137558,0.0,9,3.08,59.5,93.0,81.9,13.2,281.0,15.2,0.16
137559,0.0,38,4.88,124.0,245.0,75.6,17.7,391.0,9.3,3.99
137560,0.0,30,4.55,92.7,178.0,87.9,13.5,259.0,6.7,1.45
137561,0.0,2,1.85,54.8,178.0,87.9,13.5,259.0,6.7,1.45
137562,1.0,80,2.85,92.7,178.0,87.9,13.5,259.0,6.7,1.45
137563,0.0,55,5.0,114.7,223.0,92.9,13.8,331.0,5.7,0.66
137564,0.0,51,5.0,120.4,177.0,98.9,12.4,300.0,6.6,0.97
137565,0.0,13,2.16,92.7,178.0,87.9,13.5,259.0,6.7,1.45
137566,0.0,19,1.42,64.4,120.0,89.5,15.0,368.0,9.5,1.54
137567,0.0,36,0.87,109.7,203.0,93.4,14.5,264.0,8.3,0.87
137568,0.0,24,2.5,84.4,180.0,99.6,13.2,222.0,4.7,0.57
137569,0.0,20,2.5,100.0,168.0,86.6,13.5,248.0,6.3,3.01
137570,0.0,80,2.58,92.7,178.0,87.9,13.5,259.0,6.7,1.45
137571,1.0,72,1.64,110.8,117.0,94.5,13.5,230.0,5.5,3.53
137572,0.0,80,1.52,92.7,178.0,87.9,13.5,259.0,6.7,1.45
137573,0.0,44,4.1,96.0,247.0,88.9,13.1,302.0,7.8,10.53
137574,0.0,4,4.93,48.9,178.0,83.2,13.2,339.0,8.0,0.27
137575,0.0,76,2.56,76.4,160.0,94.4,13.3,198.0,5.7,1.29
137576,0.0,40,5.0,92.7,178.0,87.9,13.5,259.0,6.7,1.45
137577,0.0,10,2.77,92.7,178.0,87.9,13.5,259.0,6.7,1.45
137578,0.0,33,2.5,92.7,178.0,87.9,13.5,259.0,6.7,1.45
137579,0.0,38,2.5,151.2,162.0,87.3,13.6,294.0,9.1,4.11
137580,0.0,23,5.0,94.6,195.0,88.1,13.8,239.0,6.0,2.98
137581,0.0,39,5.0,93.1,177.0,88.1,13.1,394.0,6.9,0.45
137582,0.0,18,0.18,91.7,137.0,85.0,13.7,273.0,8.0,3.7
137583,0.0,36,3.42,89.6,264.0,84.1,12.6,257.0,6.8,0.34
137585,0.0,63,5.0,84.5,202.0,88.5,13.1,307.0,4.5,1.03
137586,0.0,15,5.0,68.3,178.0,87.9,13.5,259.0,6.7,1.45
137587,0.0,7,1.74,92.7,178.0,87.9,13.5,259.0,6.7,1.45
137588,0.0,13,2.5,77.8,155.0,79.8,13.3,398.0,6.5,0.41
137589,0.0,14,2.5,92.7,178.0,87.9,13.5,259.0,6.7,1.45
137590,0.0,53,0.71,78.4,227.0,90.7,12.5,221.0,3.1,0.61
137591,0.0,10,2.17,59.1,146.0,88.6,13.2,332.0,10.0,0.3
137592,0.0,50,5.0,92.7,236.0,92.8,12.6,326.0,5.3,0.82
137593,0.0,42,4.29,93.7,198.0,84.6,13.7,388.0,6.4,2.86
137594,0.0,5,4.91,92.7,178.0,87.9,13.5,259.0,6.7,1.45
137595,0.0,54,5.0,98.9,313.0,87.6,13.4,276.0,8.8,3.73
137596,0.0,12,0.82,94.1,152.0,77.9,13.0,275.0,8.9,6.7
137597,0.0,61,1.12,105.0,131.0,85.5,13.6,210.0,6.2,6.63
137598,0.0,71,5.0,94.1,235.0,93.8,13.1,175.0,5.0,6.64
137599,1.0,80,0.48,92.7,178.0,87.9,13.5,259.0,6.7,1.45
137600,0.0,5,2.77,54.8,178.0,81.1,14.6,296.0,7.0,2.65
137601,0.0,8,1.15,54.9,178.0,87.9,13.5,259.0,6.7,1.45
137602,0.0,80,2.5,80.7,126.0,90.0,14.8,122.0,3.5,0.28
137603,0.0,13,0.49,78.6,131.0,88.0,13.2,331.0,7.1,0.53
137604,0.0,7,2.5,59.1,178.0,87.9,13.5,259.0,6.7,1.45
137605,0.0,10,1.61,92.7,178.0,87.9,13.5,259.0,6.7,1.45
137606,0.0,11,2.5,92.7,178.0,87.9,13.5,259.0,6.7,1.45
137607,0.0,32,0.69,98.3,129.0,68.7,16.4,232.0,6.1,4.34
137608,0.0,17,3.08,80.5,170.0,88.8,13.5,248.0,4.5,1.07
137609,0.0,44,2.5,92.7,178.0,87.9,13.5,259.0,6.7,1.45
137610,0.0,59,2.5,99.5,167.0,87.7,13.7,172.0,7.2,2.48
137611,0.0,4,5.0,54.1,178.0,77.2,15.0,425.0,7.4,0.48
137612,0.0,46,0.04,70.3,178.0,86.4,14.2,409.0,7.8,1.45
137613,0.0,63,2.64,110.6,196.0,89.7,12.4,275.0,5.7,1.84
137614,0.0,34,0.61,99.8,217.0,85.4,13.1,332.0,6.9,1.62
137615,0.0,21,0.96,93.3,197.0,89.7,13.4,165.0,7.9,5.09
137616,0.0,13,0.0,92.7,178.0,87.9,13.5,259.0,6.7,1.45
137617,0.0,33,1.99,88.3,184.0,91.1,13.4,276.0,9.0,2.91
137618,0.0,33,1.89,92.7,178.0,87.9,13.5,259.0,6.7,1.45
137619,0.0,64,2.16,117.2,183.0,86.8,15.6,199.0,5.8,1.23
137620,0.0,70,5.0,92.7,178.0,87.9,13.5,259.0,6.7,1.45
137621,0.0,4,2.5,52.5,178.0,87.9,13.5,259.0,6.7,1.45
137622,0.0,11,4.17,76.7,154.0,77.4,13.9,255.0,5.0,0.85
137623,0.0,66,2.74,112.9,189.0,88.1,13.7,230.0,7.1,0.74
137624,0.0,40,2.5,92.7,178.0,87.9,13.5,259.0,6.7,1.45
137625,0.0,63,3.04,111.0,229.0,91.6,13.4,239.0,6.7,3.46
137626,0.0,31,5.0,116.8,177.0,87.9,12.9,315.0,8.7,17.83
137627,0.0,13,0.79,68.7,195.0,85.0,12.9,255.0,8.0,0.66
137628,0.0,10,5.0,92.7,178.0,87.9,13.5,259.0,6.7,1.45
137629,0.0,35,0.96,115.2,214.0,89.0,13.8,243.0,9.2,9.64
137630,0.0,32,2.81,92.7,178.0,87.9,13.5,259.0,6.7,1.45
137631,0.0,13,3.97,73.5,106.0,86.6,12.4,326.0,6.7,0.54
137632,0.0,46,3.78,94.0,197.0,87.0,13.1,206.0,6.4,0.51
137633,0.0,7,1.85,61.0,178.0,87.9,13.5,259.0,6.7,1.45
137634,0.0,68,1.26,111.1,219.0,89.0,13.5,301.0,14.8,9.47
137635,0.0,75,3.8,96.7,217.0,93.8,12.6,298.0,7.3,2.9
137636,0.0,10,3.33,68.1,178.0,87.9,13.5,259.0,6.7,1.45
137637,0.0,43,2.5,92.7,178.0,87.9,13.5,259.0,6.7,1.45
137638,0.0,80,1.84,92.7,178.0,87.9,13.5,259.0,6.7,1.45
137639,0.0,69,0.74,92.7,178.0,87.9,13.5,259.0,6.7,1.45
137640,0.0,67,5.0,92.7,178.0,87.9,13.5,259.0,6.7,1.45
137641,0.0,15,2.17,72.2,162.0,90.6,12.3,205.0,12.1,0.22
137642,0.0,8,2.5,92.7,178.0,87.9,13.5,259.0,6.7,1.45
137643,0.0,44,3.33,110.5,156.0,92.5,13.4,238.0,5.8,6.34
137644,0.0,33,1.68,110.3,178.0,88.1,13.0,189.0,5.7,2.21
137645,0.0,78,1.98,92.7,178.0,87.9,13.5,259.0,6.7,1.45
137646,0.0,11,3.42,56.8,178.0,87.9,13.5,259.0,6.7,1.45
137647,0.0,9,2.26,92.7,178.0,87.9,13.5,259.0,6.7,1.45
137648,0.0,11,2.5,92.7,178.0,87.9,13.5,259.0,6.7,1.45
137649,0.0,34,0.91,84.0,128.0,97.7,13.3,308.0,6.2,0.82
137650,0.0,28,5.0,98.0,173.0,88.2,13.4,179.0,5.7,0.46
137651,0.0,51,5.0,93.6,137.0,87.9,13.4,205.0,5.4,1.15
137652,0.0,61,2.5,89.0,183.0,88.8,12.7,229.0,6.1,12.79
137653,0.0,19,3.97,86.5,143.0,88.4,12.9,229.0,5.7,2.88
137654,1.0,69,4.59,111.0,121.0,89.8,13.2,295.0,7.3,0.45
137655,0.0,48,1.47,82.6,147.0,86.2,14.4,274.0,7.5,1.21
137656,0.0,13,1.57,67.7,151.0,83.8,13.2,207.0,5.9,0.63
137657,0.0,67,3.42,88.5,178.0,94.4,14.0,285.0,5.1,1.45
137659,0.0,78,5.0,92.2,195.0,94.8,12.3,350.0,9.1,0.5
137660,0.0,27,2.5,104.1,178.0,87.9,13.5,259.0,6.7,1.45
137661,0.0,42,2.5,97.2,178.0,87.9,13.5,259.0,6.7,1.45
137662,0.0,62,1.47,119.4,195.0,90.7,15.4,323.0,8.4,30.27
137663,0.0,29,2.5,79.1,182.0,91.6,12.7,258.0,6.7,0.86
137664,0.0,69,4.43,101.3,152.0,93.9,13.6,273.0,7.2,1.53
137665,0.0,9,4.83,92.7,178.0,87.9,13.5,259.0,6.7,1.45
137666,0.0,3,0.37,92.7,178.0,87.9,13.5,259.0,6.7,1.45
137667,0.0,43,2.5,92.0,246.0,92.3,12.8,395.0,5.1,0.23
137668,1.0,50,5.0,133.3,176.0,86.2,13.4,262.0,7.5,7.45
137669,0.0,80,0.57,92.7,178.0,87.9,13.5,259.0,6.7,1.45
137670,0.0,63,5.0,89.7,259.0,88.5,13.7,227.0,6.1,0.41
137671,0.0,6,1.99,52.4,178.0,83.4,12.9,334.0,5.8,1.45
137672,0.0,44,1.02,92.7,178.0,87.9,13.5,259.0,6.7,1.45
137673,0.0,49,2.5,92.7,178.0,87.9,13.5,259.0,6.7,1.45
137674,0.0,61,2.61,108.0,178.0,87.9,13.5,259.0,6.7,1.45
137675,0.0,27,1.13,107.6,161.0,90.2,13.1,267.0,7.1,4.88
137676,0.0,43,0.55,121.0,209.0,89.8,14.4,203.0,6.9,4.03
137677,0.0,5,0.11,92.7,178.0,87.9,13.5,259.0,6.7,1.45
137678,0.0,3,2.5,92.7,178.0,87.9,13.5,259.0,6.7,1.45
137679,0.0,2,1.62,56.1,178.0,77.3,13.4,280.0,9.4,1.45
137680,0.0,74,5.0,86.5,185.0,99.2,13.8,234.0,7.6,0.9
137681,0.0,64,2.79,92.7,178.0,87.9,13.5,259.0,6.7,1.45
137682,0.0,33,2.5,92.7,178.0,87.9,13.5,259.0,6.7,1.45
137683,0.0,33,5.0,94.5,146.0,90.3,13.2,250.0,5.9,0.43
137684,0.0,11,5.0,60.1,151.0,89.2,13.6,232.0,4.3,0.11
137685,0.0,11,2.05,92.7,178.0,87.9,13.5,259.0,6.7,1.45
137686,0.0,38,4.83,113.2,244.0,81.7,17.3,439.0,12.5,15.85
137687,0.0,71,1.51,92.7,178.0,87.9,13.5,259.0,6.7,1.45
137688,0.0,14,1.74,100.7,146.0,78.8,14.6,372.0,9.6,6.33
137689,0.0,19,2.5,77.4,178.0,87.9,13.5,259.0,6.7,1.45
137690,0.0,57,0.04,85.3,214.0,88.6,14.2,203.0,8.7,0.89
137691,0.0,14,2.5,92.7,178.0,87.9,13.5,259.0,6.7,1.45
137692,1.0,79,0.88,92.7,178.0,87.9,13.5,259.0,6.7,1.45
137693,0.0,27,2.5,92.7,178.0,87.9,13.5,259.0,6.7,1.45
137694,0.0,17,1.37,92.7,170.0,78.7,14.7,308.0,7.3,0.8
137695,0.0,78,2.06,108.8,180.0,90.1,13.3,224.0,7.0,2.65
137696,0.0,64,5.0,80.7,235.0,91.2,14.0,289.0,3.2,0.33
137697,0.0,1,2.5,92.7,178.0,74.2,14.0,310.0,10.4,1.45
137698,0.0,65,2.05,94.9,315.0,88.1,14.1,303.0,4.8,3.68
137699,0.0,19,0.05,92.7,178.0,87.9,13.5,259.0,6.7,1.45
137700,0.0,31,5.0,96.0,168.0,90.4,12.3,310.0,5.1,1.33
137701,1.0,60,0.05,104.7,147.0,97.0,13.4,232.0,5.5,2.62
137702,0.0,46,3.11,100.9,206.0,95.0,13.4,184.0,5.0,0.64
137703,0.0,51,5.0,119.9,197.0,90.3,12.8,208.0,9.3,0.46
137704,0.0,24,0.7,92.7,178.0,87.9,13.5,259.0,6.7,1.45
137705,0.0,65,2.13,115.0,236.0,78.9,17.2,327.0,6.6,7.96
137706,0.0,58,1.05,163.3,179.0,92.4,13.4,299.0,7.3,11.22
137707,0.0,14,0.05,92.7,178.0,87.9,13.5,259.0,6.7,1.45
137708,0.0,65,1.15,92.7,178.0,87.9,13.5,259.0,6.7,1.45
137709,0.0,49,2.5,92.7,178.0,87.9,13.5,259.0,6.7,1.45
137710,0.0,10,0.42,92.7,178.0,87.9,13.5,259.0,6.7,1.45
137711,0.0,78,5.0,79.9,170.0,92.4,13.9,238.0,4.8,4.14
137712,0.0,29,2.5,92.7,178.0,87.9,13.5,259.0,6.7,1.45
137713,0.0,40,3.0,116.6,178.0,90.6,12.7,215.0,7.1,2.69
137714,0.0,58,2.5,92.7,178.0,87.9,13.5,259.0,6.7,1.45
137715,0.0,8,4.25,57.5,171.0,82.5,13.3,226.0,4.5,0.53
137716,1.0,67,1.1,92.7,134.0,90.9,12.7,215.0,11.4,0.85
137717,0.0,10,3.69,92.7,178.0,87.9,13.5,259.0,6.7,1.45
137718,0.0,60,2.87,96.9,243.0,95.1,14.2,213.0,7.5,2.59
137719,0.0,33,4.27,92.7,178.0,87.9,13.5,259.0,6.7,1.45
137720,0.0,70,5.0,92.7,178.0,87.9,13.5,259.0,6.7,1.45
137721,0.0,78,2.4,97.5,138.0,98.1,13.9,346.0,7.0,1.04
137722,0.0,33,2.7,87.6,154.0,91.1,13.2,343.0,4.0,0.79
137723,0.0,60,3.69,76.0,199.0,86.8,12.6,278.0,5.7,3.74
137724,0.0,3,2.31,52.7,178.0,76.0,13.1,411.0,6.2,0.15
137725,0.0,44,2.47,77.1,175.0,93.4,13.5,250.0,4.6,1.15
137726,0.0,57,1.09,104.9,204.0,88.0,14.5,259.0,5.5,13.8
137727,1.0,70,2.5,92.7,178.0,87.9,13.5,259.0,6.7,1.45
137728,0.0,3,2.5,92.7,178.0,87.9,13.5,259.0,6.7,1.45
137729,0.0,68,1.12,117.2,211.0,86.5,13.4,340.0,12.7,2.41
137730,0.0,34,2.21,125.4,191.0,89.5,13.3,273.0,8.7,12.44
137731,0.0,8,2.5,59.8,178.0,87.9,13.5,259.0,6.7,1.45
137732,0.0,8,2.34,92.7,178.0,87.9,13.5,259.0,6.7,1.45
137733,0.0,28,0.07,108.3,178.0,87.9,13.5,259.0,6.7,1.45
137734,0.0,64,5.0,92.7,178.0,87.9,13.5,259.0,6.7,1.45
137735,0.0,60,4.34,92.7,178.0,87.9,13.5,259.0,6.7,1.45
137736,0.0,66,4.92,134.4,136.0,89.6,14.1,220.0,6.5,0.46
137737,1.0,73,4.27,99.5,98.0,91.3,13.7,255.0,6.2,1.07
137738,1.0,67,1.92,99.3,155.0,88.5,15.1,206.0,3.8,1.11
137739,0.0,64,3.04,96.8,178.0,87.9,13.5,259.0,6.7,1.45
137740,0.0,28,2.83,114.6,185.0,87.8,13.2,302.0,9.0,8.47
137741,0.0,30,4.83,92.8,178.0,87.9,13.5,259.0,6.7,1.45
137742,1.0,55,0.82,82.9,247.0,90.8,13.8,300.0,10.3,1.8
137743,0.0,8,4.1,60.7,127.0,83.8,13.0,292.0,5.7,0.15
137744,0.0,13,0.58,73.6,234.0,77.0,13.6,217.0,4.6,0.11
137745,1.0,80,2.73,90.0,130.0,94.0,13.3,150.0,4.2,1.28
137746,0.0,17,5.0,92.7,178.0,87.9,13.5,259.0,6.7,1.45
137747,0.0,65,0.46,114.3,147.0,90.3,12.3,230.0,7.6,2.24
137748,0.0,42,2.19,130.7,168.0,91.8,13.8,283.0,6.2,16.28
137749,0.0,19,0.52,65.5,128.0,89.2,12.0,282.0,5.2,3.18
137750,0.0,5,0.54,92.7,178.0,87.9,13.5,259.0,6.7,1.45
137751,0.0,14,5.0,73.3,151.0,89.6,13.8,215.0,5.4,0.7
137752,0.0,61,3.83,110.2,151.0,89.2,14.7,287.0,8.3,81.9
137753,0.0,25,0.11,92.7,178.0,87.9,13.5,259.0,6.7,1.45
137754,0.0,47,0.62,92.7,178.0,87.9,13.5,259.0,6.7,1.45
137755,1.0,76,4.78,92.7,178.0,87.9,13.5,259.0,6.7,1.45
137756,0.0,51,4.86,100.4,157.0,86.3,12.8,183.0,5.9,1.23
137757,0.0,23,1.69,71.6,173.0,94.3,15.2,232.0,6.0,0.88
137758,0.0,8,3.27,75.2,178.0,87.9,13.5,259.0,6.7,1.45
137759,0.0,15,1.42,92.7,178.0,87.9,13.5,259.0,6.7,1.45
137760,0.0,20,2.5,122.6,265.0,86.6,12.7,351.0,8.9,16.22
137761,0.0,35,1.31,75.7,178.0,90.3,13.8,182.0,4.1,1.45
137762,0.0,8,1.69,56.0,178.0,87.9,13.5,259.0,6.7,1.45
137763,0.0,9,2.5,57.2,178.0,87.9,13.5,259.0,6.7,1.45
137764,0.0,7,0.0,65.7,134.0,76.4,14.2,292.0,6.1,17.32
137765,0.0,43,1.06,122.8,149.0,81.3,13.7,269.0,11.6,10.0
137767,0.0,18,3.24,86.0,178.0,87.1,13.3,251.0,7.9,3.04
137768,0.0,44,2.5,129.0,200.0,89.1,13.3,304.0,6.9,8.06
137769,0.0,4,4.78,92.7,178.0,87.9,13.5,259.0,6.7,1.45
137770,0.0,28,5.0,92.7,178.0,87.9,13.5,259.0,6.7,1.45
137771,1.0,78,2.5,91.0,181.0,103.5,13.5,340.0,7.8,1.36
137772,0.0,9,0.01,55.9,178.0,78.9,13.8,339.0,8.0,0.45
137773,1.0,61,0.74,106.4,178.0,89.2,14.9,335.0,5.8,1.45
137774,0.0,48,5.0,99.3,165.0,89.0,12.8,172.0,6.2,1.32
137775,0.0,19,1.13,92.7,178.0,87.9,13.5,259.0,6.7,1.45
137776,0.0,7,5.0,54.7,178.0,87.9,13.5,259.0,6.7,1.45
137777,0.0,43,2.5,86.4,240.0,87.8,12.9,230.0,7.3,1.6
137778,0.0,70,0.65,92.7,178.0,87.9,13.5,259.0,6.7,1.45
137779,0.0,66,1.17,92.7,178.0,87.9,13.5,259.0,6.7,1.45
137780,0.0,8,0.68,92.7,178.0,87.9,13.5,259.0,6.7,1.45
137781,0.0,44,2.31,94.0,204.0,86.0,13.8,216.0,6.5,1.5
137782,0.0,4,2.86,92.7,178.0,87.9,13.5,259.0,6.7,1.45
137783,0.0,32,5.0,92.7,178.0,87.9,13.5,259.0,6.7,1.45
137784,0.0,27,5.0,82.5,167.0,86.2,12.3,177.0,6.9,0.58
137785,0.0,10,5.0,71.8,177.0,85.3,12.7,319.0,5.7,0.59
137786,0.0,37,2.5,92.7,178.0,87.9,13.5,259.0,6.7,1.45
137787,0.0,44,3.62,92.2,197.0,84.4,13.2,173.0,6.5,2.14
137788,0.0,79,3.3,84.3,205.0,89.3,14.4,205.0,5.2,0.7
137789,0.0,67,4.64,134.3,128.0,89.6,14.1,266.0,6.9,1.59
137790,0.0,66,0.44,125.0,178.0,88.0,14.6,429.0,13.5,7.75
137791,0.0,55,5.0,97.9,200.0,97.1,12.8,157.0,4.5,8.01
137792,0.0,12,2.5,92.7,178.0,87.9,13.5,259.0,6.7,1.45
137793,0.0,67,5.0,105.6,241.0,95.0,13.1,253.0,4.8,5.5
137794,0.0,80,2.18,93.7,148.0,94.9,14.1,229.0,5.3,1.46
137795,0.0,3,2.85,49.8,178.0,81.8,13.3,383.0,7.5,0.41
137796,0.0,10,0.46,76.3,171.0,79.0,13.2,310.0,6.3,1.05
137797,0.0,15,4.83,76.5,124.0,87.5,14.1,222.0,5.5,0.3
137798,1.0,72,1.52,132.9,146.0,85.1,15.3,210.0,5.8,0.56
137799,0.0,66,1.67,111.8,222.0,80.2,15.1,184.0,8.4,42.62
137800,0.0,34,5.0,99.5,180.0,79.1,13.9,193.0,6.7,0.98
137801,0.0,68,0.79,111.4,218.0,95.0,13.0,319.0,7.7,7.47
137802,0.0,8,1.73,65.5,178.0,87.9,13.5,259.0,6.7,1.45
137803,0.0,51,5.0,82.0,195.0,95.9,13.5,164.0,4.2,0.24
137804,0.0,49,2.5,109.4,219.0,83.0,16.0,348.0,7.1,5.04
137805,0.0,8,0.61,92.7,178.0,81.8,13.4,326.0,6.4,0.21
137806,0.0,16,2.16,84.0,212.0,86.6,13.5,222.0,6.4,0.62
137807,0.0,10,5.0,55.9,178.0,87.9,13.5,259.0,6.7,1.45
137808,0.0,66,1.71,70.2,179.0,88.3,13.4,248.0,7.1,1.32
137809,0.0,32,4.46,78.4,189.0,70.9,15.1,241.0,6.6,0.87
137810,0.0,43,4.83,118.1,176.0,84.1,13.2,280.0,9.8,4.21
137811,0.0,12,1.1,57.0,168.0,87.5,12.7,279.0,6.6,0.11
137812,0.0,33,1.01,107.9,155.0,89.0,13.6,223.0,4.3,2.81
137813,0.0,9,2.5,92.7,178.0,87.9,13.5,259.0,6.7,1.45
137814,0.0,38,0.37,99.3,333.0,88.7,13.8,347.0,6.9,3.05
137815,1.0,48,2.5,121.8,200.0,93.9,15.1,260.0,9.1,1.52
137816,0.0,46,5.0,100.5,267.0,89.7,12.8,222.0,6.2,1.4
137817,1.0,80,2.5,107.7,112.0,86.0,16.4,207.0,8.3,0.29
137818,0.0,46,1.69,85.9,203.0,92.0,12.0,290.0,4.5,0.74
137819,0.0,48,2.5,92.7,178.0,87.9,13.5,259.0,6.7,1.45
137820,0.0,32,3.38,80.6,178.0,87.9,13.5,259.0,6.7,1.45
137821,0.0,21,0.0,92.7,178.0,87.9,13.5,259.0,6.7,1.45
137822,1.0,72,0.62,116.0,133.0,96.0,17.7,199.0,5.3,3.42
137823,0.0,69,4.41,115.9,258.0,91.1,13.6,185.0,9.9,6.66
137824,0.0,23,2.5,124.1,173.0,81.6,13.8,289.0,9.4,7.06
137825,0.0,16,0.33,92.7,178.0,87.9,13.5,259.0,6.7,1.45
137826,0.0,39,1.21,77.1,178.0,86.8,14.9,402.0,7.5,1.45
137827,0.0,2,0.02,49.5,178.0,77.6,13.3,355.0,7.0,1.45
137828,0.0,7,1.77,51.8,178.0,81.8,13.5,301.0,6.5,1.45
137829,0.0,40,2.5,101.1,246.0,87.5,13.5,369.0,9.6,6.05
137830,0.0,36,1.49,92.7,178.0,87.9,13.5,259.0,6.7,1.45
137831,0.0,64,5.0,81.2,234.0,90.4,13.2,276.0,4.8,0.84
137832,0.0,67,2.28,104.5,200.0,94.7,14.1,273.0,4.6,2.49
137833,0.0,17,1.55,122.3,184.0,83.6,14.2,248.0,8.5,6.25
137834,0.0,61,1.06,107.0,301.0,87.2,14.2,316.0,5.4,3.69
137835,0.0,80,1.31,95.2,178.0,83.7,15.6,369.0,6.5,1.45
137836,0.0,12,2.5,92.7,178.0,87.9,13.5,259.0,6.7,1.45
137837,0.0,80,2.28,92.7,178.0,87.9,13.5,259.0,6.7,1.45
137838,0.0,29,2.21,148.0,167.0,90.0,14.7,241.0,9.9,104.21
137839,0.0,38,5.0,92.7,178.0,87.9,13.5,259.0,6.7,1.45
137840,0.0,40,1.85,119.5,237.0,83.4,13.5,200.0,7.8,6.86
137841,1.0,80,2.03,111.7,139.0,92.7,13.5,529.0,14.2,4.05
137842,0.0,5,0.67,92.7,178.0,87.9,13.5,259.0,6.7,1.45
137843,0.0,21,4.22,85.5,161.0,89.5,12.9,212.0,6.9,0.54
137844,1.0,79,2.5,112.3,157.0,91.3,13.6,239.0,6.9,3.9
137845,0.0,49,5.0,111.4,181.0,85.6,14.9,274.0,9.1,1.43
137846,0.0,47,2.27,123.3,169.0,92.8,13.2,263.0,9.0,3.86
137847,0.0,13,5.0,68.2,178.0,87.9,13.4,228.0,4.5,1.45
137848,0.0,18,5.0,70.9,147.0,82.9,13.1,206.0,5.5,0.33
137849,0.0,24,1.23,79.8,171.0,87.4,12.9,224.0,4.9,0.41
137850,0.0,66,5.0,91.1,219.0,94.1,13.2,244.0,3.8,2.31
137851,0.0,33,2.17,85.2,193.0,92.3,12.7,168.0,7.0,0.7
137852,0.0,75,2.5,99.1,209.0,84.5,13.5,283.0,6.5,3.48
137853,0.0,57,2.5,86.7,199.0,85.9,14.0,206.0,7.1,2.61
137854,0.0,4,2.5,51.0,178.0,87.9,13.5,259.0,6.7,1.45
137855,0.0,8,3.55,66.5,178.0,87.9,13.5,259.0,6.7,1.45
137856,0.0,18,1.1,65.6,152.0,83.7,14.7,268.0,2.9,0.37
137857,0.0,7,2.0,92.7,178.0,87.9,13.5,259.0,6.7,1.45
137858,0.0,54,5.0,116.0,202.0,87.4,14.0,250.0,5.9,4.57
137859,0.0,38,1.01,92.7,178.0,87.9,13.5,259.0,6.7,1.45
137860,0.0,67,5.0,83.0,208.0,90.8,13.3,250.0,5.8,0.69
137861,0.0,12,1.25,66.9,185.0,86.8,13.1,324.0,5.9,0.7
137862,0.0,36,5.0,101.6,120.0,84.4,14.3,222.0,8.1,0.75
137863,0.0,75,1.01,110.5,210.0,88.3,14.1,197.0,5.5,3.5
137864,0.0,3,0.43,92.7,178.0,87.9,13.5,259.0,6.7,1.45
137865,0.0,32,1.86,91.4,166.0,87.4,13.1,261.0,5.3,1.99
137866,0.0,37,0.05,92.7,178.0,87.9,13.5,259.0,6.7,1.45
137867,0.0,15,3.36,70.2,158.0,78.6,13.3,475.0,6.7,0.11
137868,0.0,6,0.52,53.8,171.0,84.2,13.4,264.0,9.6,3.46
137869,0.0,18,2.5,80.8,143.0,83.0,13.4,296.0,8.7,2.38
137870,0.0,46,2.5,88.5,226.0,89.4,13.8,198.0,4.4,1.04
137871,0.0,20,0.48,90.7,177.0,74.1,16.9,273.0,7.2,0.72
137872,0.0,78,5.0,112.0,178.0,87.1,16.8,304.0,11.6,1.45
137873,0.0,73,0.91,90.5,167.0,85.3,12.6,228.0,5.3,0.57
137874,0.0,14,5.0,82.7,152.0,79.6,15.3,216.0,8.0,0.76
137875,1.0,80,5.0,92.7,131.0,94.3,14.6,190.0,7.9,0.39
137876,0.0,80,5.0,107.7,140.0,87.2,13.8,176.0,8.8,1.49
137877,0.0,30,5.0,72.8,178.0,93.5,12.7,249.0,8.1,0.89
137878,0.0,69,2.5,108.8,178.0,77.6,15.2,267.0,5.1,1.45
137879,0.0,54,5.0,102.1,192.0,94.9,13.5,232.0,5.9,0.42
137881,0.0,63,1.64,118.9,228.0,92.4,13.3,299.0,5.2,3.02
137882,0.0,62,4.12,113.0,133.0,95.0,13.2,223.0,4.6,0.7
137883,0.0,74,2.07,120.2,215.0,88.9,14.6,204.0,6.3,2.84
137884,0.0,60,4.92,92.7,153.0,89.8,12.7,264.0,3.8,0.58
137885,0.0,74,0.63,86.0,190.0,90.1,14.3,217.0,7.2,1.29
137886,0.0,67,5.0,73.2,208.0,93.9,14.0,145.0,4.1,0.27
137887,0.0,8,2.5,58.7,146.0,74.6,14.6,314.0,9.1,0.41
137888,0.0,45,2.5,117.3,264.0,89.0,14.0,269.0,7.8,3.57
137889,0.0,34,0.77,133.8,167.0,86.0,14.1,348.0,5.8,8.44
137890,0.0,44,5.0,84.7,227.0,94.7,12.9,207.0,4.6,1.87
137891,0.0,29,1.23,98.8,234.0,88.8,13.3,257.0,5.1,4.1
137892,0.0,51,3.87,94.3,207.0,92.8,14.0,226.0,8.3,3.2
137893,0.0,60,2.21,117.3,234.0,92.0,13.1,205.0,8.3,6.87
137894,0.0,72,5.0,111.1,143.0,92.7,13.5,267.0,6.5,1.04
137895,0.0,35,5.0,85.3,128.0,83.2,13.4,238.0,3.1,0.61
137896,0.0,1,1.05,92.7,178.0,87.9,13.5,259.0,6.7,1.45
137897,0.0,8,4.4,55.5,178.0,87.9,13.5,259.0,6.7,1.45
137898,0.0,13,0.75,73.3,178.0,86.3,13.6,403.0,8.2,1.45
137899,0.0,4,2.77,70.0,178.0,78.4,13.1,382.0,9.5,1.45
137900,0.0,40,1.18,94.8,155.0,82.4,14.9,228.0,5.3,1.02
137901,0.0,34,0.0,91.3,261.0,95.2,13.1,242.0,4.8,0.94
137902,0.0,15,2.69,92.7,178.0,87.9,13.5,259.0,6.7,1.45
137903,0.0,18,2.88,86.8,137.0,90.0,12.6,179.0,4.9,0.31
137904,0.0,4,4.5,92.7,178.0,87.9,13.5,259.0,6.7,1.45
137905,0.0,35,4.31,75.9,188.0,87.6,14.4,248.0,6.6,2.1
137906,0.0,80,3.29,87.8,160.0,94.0,13.5,293.0,6.7,2.43
137907,0.0,13,4.68,92.7,178.0,87.9,13.5,259.0,6.7,1.45
137908,0.0,80,0.79,92.7,178.0,87.9,13.5,259.0,6.7,1.45
137909,0.0,40,3.28,135.7,175.0,67.6,15.8,389.0,10.1,4.64
137910,0.0,73,5.0,143.6,161.0,85.3,13.7,244.0,11.1,5.03
137911,1.0,80,2.5,92.7,187.0,93.2,13.0,154.0,6.6,0.68
137912,0.0,7,2.5,92.7,178.0,87.9,13.5,259.0,6.7,1.45
137913,0.0,9,2.5,112.0,139.0,78.1,13.7,417.0,9.7,3.3
137914,0.0,67,2.37,109.3,230.0,91.4,13.8,153.0,8.0,5.27
137915,0.0,15,2.5,87.0,178.0,85.7,14.9,290.0,9.6,1.45
137916,0.0,12,3.58,92.7,178.0,87.9,13.5,259.0,6.7,1.45
137917,0.0,2,2.02,46.2,178.0,87.9,13.5,259.0,6.7,1.45
137918,0.0,3,0.65,92.7,178.0,87.9,13.5,259.0,6.7,1.45
137919,0.0,1,1.69,92.7,178.0,87.9,13.5,259.0,6.7,1.45
137920,0.0,14,5.0,92.7,178.0,87.9,13.5,259.0,6.7,1.45
137921,0.0,28,3.55,92.7,178.0,87.9,13.5,259.0,6.7,1.45
137922,0.0,1,1.85,92.7,178.0,87.9,13.5,259.0,6.7,1.45
137923,0.0,7,5.0,57.0,153.0,81.3,13.3,324.0,8.5,0.36
137924,0.0,5,4.0,58.6,178.0,84.1,12.8,244.0,7.1,0.23
137925,0.0,6,3.27,52.6,178.0,87.9,13.5,259.0,6.7,1.45
137926,0.0,63,5.0,79.3,192.0,91.7,13.0,230.0,4.5,0.67
137927,0.0,6,2.77,49.5,144.0,79.9,13.3,417.0,6.3,0.51
137928,0.0,34,0.77,136.4,176.0,84.8,14.6,382.0,11.3,6.67
137929,0.0,58,0.62,92.7,178.0,87.9,13.5,259.0,6.7,1.45
137930,0.0,15,0.65,79.6,178.0,87.9,13.5,259.0,6.7,1.45
137931,0.0,13,2.5,68.9,178.0,87.9,13.5,259.0,6.7,1.45
137932,0.0,59,2.48,91.3,250.0,95.9,12.9,258.0,8.0,1.4
137933,0.0,13,5.0,80.0,177.0,83.3,13.8,314.0,10.8,0.87
137934,0.0,67,5.0,112.3,171.0,85.8,14.2,243.0,8.0,1.65
137935,0.0,2,3.02,45.7,178.0,87.9,13.5,259.0,6.7,1.45
137936,0.0,72,4.92,74.7,289.0,101.0,13.4,249.0,2.6,0.5
137937,0.0,37,1.33,71.6,132.0,96.7,13.0,224.0,7.9,0.76
137938,0.0,6,0.79,56.1,178.0,87.9,13.5,259.0,6.7,1.45
137939,0.0,34,0.03,66.0,149.0,80.4,15.5,257.0,5.5,0.72
137940,0.0,63,0.38,92.7,178.0,87.9,13.5,259.0,6.7,1.45
137941,0.0,6,1.75,60.0,178.0,87.9,13.5,259.0,6.7,1.45
137942,0.0,71,3.88,110.9,197.0,88.8,13.6,259.0,6.1,3.85
137943,0.0,32,5.0,86.6,273.0,89.8,13.4,251.0,4.2,0.89
137944,0.0,9,1.39,53.2,178.0,87.9,13.5,259.0,6.7,1.45
137945,0.0,46,1.71,135.3,178.0,78.7,13.2,223.0,7.5,1.45
137946,0.0,2,2.5,92.7,178.0,87.9,13.5,259.0,6.7,1.45
137947,0.0,64,5.0,99.0,163.0,88.9,13.8,222.0,5.2,1.27
137948,1.0,53,2.5,100.8,214.0,100.9,14.3,218.0,4.9,4.93
137949,0.0,63,1.22,94.5,190.0,91.7,13.2,242.0,5.4,0.56
137950,0.0,50,2.5,89.3,328.0,100.5,14.3,263.0,6.4,0.84
137951,0.0,4,0.84,52.4,178.0,87.9,13.5,259.0,6.7,1.45
137952,1.0,73,1.55,107.2,178.0,87.9,13.5,259.0,6.7,1.45
137953,0.0,65,3.92,90.0,182.0,91.1,13.1,265.0,8.4,9.44
137954,0.0,12,5.0,75.0,151.0,85.7,13.5,309.0,7.5,0.42
137955,0.0,41,1.54,92.7,206.0,89.9,12.6,306.0,10.6,0.36
137957,0.0,1,3.87,92.7,178.0,87.9,13.5,259.0,6.7,1.45
137958,0.0,70,2.5,89.5,178.0,87.9,13.5,259.0,6.7,1.45
137959,1.0,64,3.04,92.7,178.0,87.9,13.5,259.0,6.7,1.45
137960,0.0,67,2.78,92.7,178.0,87.9,13.5,259.0,6.7,1.45
137961,0.0,6,2.16,56.7,178.0,87.9,13.5,259.0,6.7,1.45
137962,0.0,72,1.97,105.5,187.0,88.2,14.9,307.0,6.9,0.8
137963,1.0,71,2.5,80.1,134.0,92.7,16.1,197.0,13.8,150.92
137964,0.0,12,0.65,66.5,105.0,87.5,13.6,255.0,5.7,0.11
137965,0.0,53,5.0,109.0,226.0,76.7,14.3,305.0,5.8,3.14
137966,0.0,6,1.28,57.5,178.0,87.9,13.5,259.0,6.7,1.45
137967,1.0,71,5.0,87.7,160.0,101.9,14.4,263.0,4.9,5.1
137968,0.0,2,1.0,92.7,178.0,87.9,13.5,259.0,6.7,1.45
137969,0.0,8,2.5,62.3,178.0,87.9,13.5,259.0,6.7,1.45
137970,0.0,37,3.33,90.0,201.0,86.7,12.8,338.0,7.8,6.02
137971,0.0,9,3.76,80.9,223.0,85.4,13.4,371.0,6.2,4.07
137972,0.0,58,0.97,110.8,152.0,93.8,13.5,232.0,5.5,1.33
137973,1.0,80,5.0,92.7,178.0,87.9,13.5,259.0,6.7,1.45
137974,0.0,37,2.5,85.3,156.0,92.3,12.6,287.0,11.7,1.71
137975,0.0,15,2.5,72.8,122.0,82.2,13.2,287.0,6.3,0.27
137976,0.0,67,2.74,96.1,246.0,87.3,14.5,292.0,6.0,3.23
137977,0.0,67,0.96,102.6,205.0,83.6,16.4,317.0,6.8,7.78
137978,0.0,8,2.5,92.7,178.0,87.9,13.5,259.0,6.7,1.45
137979,0.0,44,3.49,112.7,186.0,93.5,14.0,247.0,11.3,2.29
137980,0.0,5,0.33,67.9,178.0,87.9,13.5,259.0,6.7,1.45
137981,0.0,13,3.42,71.8,145.0,83.2,13.1,262.0,5.2,0.21
137982,0.0,62,0.68,122.9,166.0,89.3,14.2,239.0,6.4,1.81
137984,0.0,80,2.5,92.7,178.0,87.9,13.5,259.0,6.7,1.45
137985,1.0,74,1.94,105.6,148.0,89.0,13.8,247.0,6.5,1.27
137986,0.0,16,2.5,92.7,178.0,87.9,13.5,259.0,6.7,1.45
137987,0.0,9,1.8,68.1,178.0,87.9,13.5,259.0,6.7,1.45
137988,0.0,74,2.28,79.7,154.0,89.2,12.8,266.0,8.1,0.77
137989,0.0,43,2.5,93.2,178.0,88.0,14.5,260.0,7.1,1.45
137990,0.0,45,3.85,122.2,173.0,89.4,13.5,293.0,15.0,26.46
137991,0.0,60,1.38,104.2,239.0,90.2,12.9,311.0,9.4,4.42
137992,0.0,67,5.0,95.1,190.0,89.1,13.4,262.0,6.3,1.56
137993,0.0,10,3.97,63.9,133.0,89.1,12.4,283.0,8.1,0.46
137994,0.0,9,0.8,92.7,178.0,87.9,13.5,259.0,6.7,1.45
137995,0.0,70,0.82,92.7,178.0,87.9,13.5,259.0,6.7,1.45
137996,0.0,40,5.0,88.5,162.0,91.0,12.4,185.0,6.8,0.41
137997,0.0,5,5.0,92.7,178.0,87.9,13.5,259.0,6.7,1.45
137999,0.0,52,3.04,103.2,226.0,78.4,13.8,232.0,4.7,3.34
138000,0.0,62,2.4,109.9,257.0,91.9,13.4,268.0,6.2,5.96
138001,0.0,14,1.67,69.5,197.0,83.4,13.7,395.0,8.0,0.32
138002,0.0,6,0.03,52.7,178.0,87.9,13.5,259.0,6.7,1.45
138003,0.0,4,1.97,92.7,178.0,87.9,13.5,259.0,6.7,1.45
138004,0.0,8,0.62,92.7,178.0,87.9,13.5,259.0,6.7,1.45
138005,1.0,70,4.37,104.0,215.0,87.7,12.8,248.0,9.5,2.88
138006,0.0,75,2.5,131.1,126.0,94.6,14.2,213.0,7.6,1.28
138007,0.0,35,2.02,64.2,178.0,87.9,13.5,259.0,6.7,1.45
138008,0.0,2,0.38,92.7,178.0,87.9,13.5,259.0,6.7,1.45
138009,0.0,20,2.5,92.0,152.0,80.8,12.4,373.0,4.7,1.83
138010,0.0,14,4.53,92.7,178.0,87.9,13.5,259.0,6.7,1.45
138011,1.0,68,1.6,119.1,270.0,94.9,13.3,413.0,9.1,4.29
138012,0.0,26,3.58,93.4,166.0,89.0,13.2,188.0,4.9,0.53
138013,0.0,58,2.18,107.9,150.0,91.1,13.3,291.0,7.9,1.86
138014,1.0,38,1.35,130.0,261.0,90.4,14.4,94.0,5.6,2.62
138015,0.0,63,3.17,94.0,162.0,87.9,13.8,248.0,8.4,0.92
138016,0.0,36,5.0,77.3,175.0,86.2,13.2,290.0,5.6,1.7
138017,0.0,32,5.0,110.5,167.0,88.9,13.8,293.0,5.3,2.65
138018,0.0,6,3.38,92.7,178.0,87.9,13.5,259.0,6.7,1.45
138019,0.0,9,3.7,59.5,178.0,87.9,13.5,259.0,6.7,1.45
138020,0.0,71,2.16,93.4,125.0,87.7,13.5,344.0,5.6,0.48
138021,0.0,40,4.42,73.5,135.0,95.9,13.4,327.0,9.7,1.58
138022,0.0,80,5.0,92.7,134.0,86.5,15.5,264.0,9.2,10.0
138023,0.0,10,5.0,57.1,238.0,81.6,12.9,351.0,9.5,0.78
138024,0.0,3,2.5,92.7,178.0,87.9,13.5,259.0,6.7,1.45
138025,0.0,80,4.23,92.7,178.0,87.9,13.5,259.0,6.7,1.45
138026,0.0,13,1.8,92.7,178.0,87.9,13.5,259.0,6.7,1.45
138027,0.0,67,0.02,91.7,177.0,80.4,14.6,264.0,5.8,1.08
138028,1.0,70,4.66,112.7,109.0,86.6,14.8,168.0,3.1,1.99
138029,0.0,14,1.05,88.1,178.0,78.1,15.1,351.0,10.3,1.45
138030,0.0,9,1.67,66.7,143.0,79.5,14.3,336.0,6.3,8.1
138031,0.0,35,1.05,92.7,157.0,86.1,12.9,277.0,10.8,7.72
138032,0.0,21,0.15,85.1,178.0,87.9,13.5,259.0,6.7,1.45
138033,0.0,32,5.0,92.7,178.0,87.9,13.5,259.0,6.7,1.45
138034,0.0,29,2.88,101.5,133.0,85.2,12.8,253.0,6.9,0.36
138035,0.0,13,3.24,80.0,167.0,80.9,13.9,304.0,5.1,0.17
138036,0.0,50,5.0,101.4,97.0,90.5,13.1,336.0,7.2,0.76
138037,0.0,39,5.0,98.6,208.0,90.6,12.2,418.0,8.9,2.05
138038,0.0,72,4.31,108.5,182.0,86.7,13.2,206.0,5.9,7.22
138039,0.0,7,5.0,81.0,187.0,87.1,12.4,321.0,5.8,0.76
138040,0.0,21,2.49,85.6,187.0,83.6,13.5,319.0,6.8,1.72
138041,0.0,70,3.91,92.7,178.0,87.9,13.5,259.0,6.7,1.45
138043,0.0,11,2.69,64.0,178.0,87.9,13.5,259.0,6.7,1.45
138044,0.0,44,4.25,91.1,238.0,95.2,13.0,318.0,4.9,0.3
138045,0.0,15,1.67,70.0,122.0,86.7,13.4,247.0,6.2,0.53
138046,0.0,58,1.85,75.5,188.0,84.4,13.8,264.0,7.0,2.04
138047,0.0,51,3.08,92.7,178.0,87.9,13.5,259.0,6.7,1.45
138048,0.0,55,5.0,95.6,171.0,94.2,13.0,235.0,4.9,0.7
138049,0.0,40,5.0,97.3,133.0,82.8,15.3,403.0,7.5,1.83
138050,1.0,75,0.09,129.5,227.0,97.8,15.8,226.0,7.6,3.28
138051,0.0,21,2.5,93.6,189.0,82.7,13.2,290.0,11.6,7.6
138052,0.0,7,1.67,58.5,178.0,87.9,13.5,259.0,6.7,1.45
138053,0.0,65,2.5,91.4,281.0,88.6,14.1,251.0,7.4,2.31
138054,0.0,57,5.0,132.0,137.0,85.9,14.1,184.0,5.3,1.85
138055,0.0,77,2.5,94.5,154.0,62.5,15.4,164.0,4.7,1.32
138056,1.0,69,1.71,119.6,156.0,89.4,13.9,359.0,7.9,3.28
138057,0.0,56,2.87,123.7,158.0,86.3,14.3,247.0,7.4,11.62
138058,0.0,7,5.0,49.4,178.0,86.0,13.8,357.0,5.6,0.32
138059,1.0,80,2.5,84.4,230.0,88.7,13.9,295.0,7.7,13.25
138060,0.0,49,2.5,92.7,178.0,87.9,13.5,259.0,6.7,1.45
138061,0.0,67,4.37,99.7,157.0,95.3,12.9,263.0,5.0,1.03
138062,1.0,71,2.5,143.5,168.0,94.4,13.8,208.0,9.4,8.66
138063,0.0,24,0.63,121.1,224.0,85.8,13.7,312.0,12.3,4.52
138064,0.0,77,2.06,87.5,207.0,97.8,14.4,359.0,8.4,12.14
138065,1.0,76,1.63,92.7,178.0,87.9,13.5,259.0,6.7,1.45
138066,0.0,5,2.5,55.1,178.0,87.9,13.5,259.0,6.7,1.45
138067,0.0,34,0.93,92.7,178.0,87.9,13.5,259.0,6.7,1.45
138068,0.0,60,1.14,81.0,168.0,94.1,14.0,228.0,5.8,0.42
138069,0.0,26,5.0,92.7,178.0,87.9,13.5,259.0,6.7,1.45
138070,1.0,70,5.0,95.6,129.0,90.7,13.7,206.0,9.8,5.27
138071,0.0,10,5.0,59.8,155.0,82.1,13.4,217.0,3.6,0.22
138072,1.0,67,1.03,101.7,101.0,91.9,13.4,226.0,5.6,5.8
138073,0.0,65,0.84,100.9,215.0,87.5,14.8,162.0,5.4,0.71
138074,0.0,9,0.79,94.6,184.0,84.7,12.8,336.0,7.2,2.07
138075,0.0,12,3.23,65.0,131.0,85.8,13.7,240.0,4.4,0.11
138076,0.0,67,3.3,96.5,123.0,88.3,13.3,157.0,5.8,0.11
138077,0.0,50,2.33,92.7,178.0,87.9,13.5,259.0,6.7,1.45
138078,1.0,73,0.66,95.7,117.0,88.8,14.0,197.0,5.5,0.84
138079,0.0,3,0.82,92.7,178.0,87.9,13.5,259.0,6.7,1.45
138080,0.0,37,2.45,122.6,199.0,87.9,13.5,259.0,6.7,3.03
138081,0.0,57,5.0,106.9,242.0,93.3,13.3,180.0,4.7,4.32
138082,1.0,59,2.5,107.2,169.0,87.7,14.6,270.0,6.6,1.32
138083,0.0,66,2.7,109.2,166.0,85.9,14.3,239.0,5.9,2.25
138084,1.0,59,2.39,91.9,185.0,77.5,13.1,257.0,5.2,0.73
138085,0.0,5,2.28,92.7,178.0,87.9,13.5,259.0,6.7,1.45
138086,0.0,63,5.0,79.3,170.0,95.1,13.5,249.0,5.6,0.34
138087,0.0,73,5.0,95.2,156.0,96.0,13.7,173.0,5.2,0.77
138088,0.0,30,4.45,92.7,178.0,87.9,13.5,259.0,6.7,1.45
138089,0.0,34,4.43,93.0,190.0,90.1,13.7,305.0,5.3,1.14
138090,0.0,37,0.65,94.2,219.0,85.6,16.2,285.0,6.7,1.99
138091,0.0,48,5.0,92.7,178.0,87.9,13.5,259.0,6.7,1.45
138092,0.0,72,4.82,104.6,210.0,85.4,14.6,291.0,9.0,11.63
138093,0.0,55,2.5,92.7,178.0,87.9,13.5,259.0,6.7,1.45
138094,0.0,34,3.94,83.9,185.0,84.3,15.4,293.0,9.0,1.0
138095,0.0,28,5.0,92.7,178.0,87.9,13.5,259.0,6.7,1.45
138096,0.0,3,2.31,58.7,178.0,87.9,13.5,259.0,6.7,1.45
138097,0.0,78,2.5,133.0,121.0,94.8,25.5,151.0,6.1,0.31
138098,0.0,80,2.5,92.7,178.0,87.9,13.5,259.0,6.7,1.45
138099,0.0,10,2.5,79.7,147.0,79.7,15.4,402.0,12.4,0.28
138100,0.0,70,1.68,91.2,192.0,90.3,14.5,385.0,6.0,1.85
138101,1.0,74,2.87,115.4,119.0,81.9,16.5,161.0,4.2,2.89
138102,0.0,30,2.5,85.5,208.0,91.6,13.7,243.0,5.1,2.77
138103,0.0,60,4.1,114.6,162.0,90.8,13.0,259.0,7.7,0.81
138104,0.0,34,5.0,88.0,179.0,87.1,13.3,209.0,5.6,0.46
138105,0.0,16,1.08,83.4,127.0,86.7,13.0,128.0,7.5,0.26
138106,0.0,37,4.27,98.0,186.0,95.1,12.3,214.0,5.2,0.58
138107,0.0,35,5.0,92.7,178.0,87.9,13.5,259.0,6.7,1.45
138108,0.0,34,2.28,91.2,186.0,85.7,13.2,271.0,7.0,0.76
138109,0.0,46,1.42,90.2,189.0,93.8,13.3,309.0,8.0,1.24
138110,0.0,69,5.0,108.5,232.0,89.5,13.7,263.0,7.9,1.97
138111,0.0,48,3.5,74.0,289.0,83.5,14.5,342.0,6.4,0.56
138112,0.0,66,5.0,92.7,178.0,87.9,13.5,259.0,6.7,1.45
138113,0.0,16,3.29,105.3,147.0,88.4,12.9,234.0,7.5,1.18
138114,0.0,62,4.23,86.3,223.0,92.3,13.1,302.0,5.7,0.5
138115,0.0,14,0.06,113.5,134.0,86.9,13.6,228.0,11.5,2.78
138116,0.0,70,3.82,95.9,267.0,90.1,14.1,275.0,6.6,1.97
138117,0.0,65,5.0,117.7,162.0,92.3,13.3,277.0,7.9,3.82
138118,0.0,21,2.5,68.3,178.0,87.9,13.5,259.0,6.7,1.45
138119,0.0,80,4.37,92.8,160.0,90.5,13.7,214.0,7.2,0.32
138120,0.0,56,4.55,97.2,178.0,89.2,14.0,220.0,4.8,1.45
138121,0.0,12,2.5,89.8,178.0,77.4,17.2,291.0,7.9,1.35
138122,0.0,65,5.0,122.4,191.0,96.0,13.4,237.0,6.4,2.39
138123,0.0,21,2.5,92.7,178.0,87.9,13.5,259.0,6.7,1.45
138124,0.0,41,5.0,84.7,218.0,90.5,12.9,280.0,6.5,2.01
138125,0.0,13,2.5,92.7,178.0,87.9,13.5,259.0,6.7,1.45
138126,1.0,65,3.16,115.8,167.0,88.7,14.8,148.0,5.8,3.34
138127,0.0,3,3.13,51.7,178.0,87.9,13.5,259.0,6.7,1.45
138128,0.0,64,1.51,82.4,196.0,82.8,13.0,201.0,6.6,0.91
138129,0.0,9,2.16,92.7,178.0,87.9,13.5,259.0,6.7,1.45
138130,0.0,11,3.15,92.7,178.0,87.9,13.5,259.0,6.7,1.45
138131,0.0,26,2.32,88.7,154.0,88.4,13.8,197.0,6.4,4.62
138132,0.0,68,4.37,115.3,251.0,92.6,14.6,311.0,7.8,0.74
138133,0.0,6,2.5,92.7,140.0,83.3,13.5,376.0,5.1,1.29
138134,0.0,31,2.03,92.7,178.0,87.9,13.5,259.0,6.7,1.45
138135,0.0,62,1.64,88.1,219.0,89.8,13.3,246.0,7.6,1.62
138136,0.0,56,1.2,88.6,145.0,97.9,14.2,234.0,4.8,1.06
138137,0.0,35,5.0,97.5,154.0,86.2,13.3,175.0,5.7,1.12
138138,0.0,37,1.28,82.8,220.0,79.6,14.5,301.0,9.3,1.38
138139,0.0,55,1.32,92.7,178.0,87.9,13.5,259.0,6.7,1.45
138140,0.0,53,2.5,86.6,226.0,86.9,13.0,285.0,6.8,0.94
138141,0.0,67,2.5,109.6,178.0,81.6,14.8,262.0,9.6,1.45
138142,0.0,15,1.05,80.2,162.0,85.6,12.5,372.0,9.1,7.51
138143,0.0,6,0.88,68.1,178.0,77.5,13.8,327.0,6.1,0.11
138144,0.0,71,4.29,131.4,147.0,92.6,13.3,352.0,7.8,1.22
138145,0.0,9,3.08,92.7,178.0,87.9,13.5,259.0,6.7,1.45
138146,0.0,71,5.0,92.7,223.0,93.2,13.6,165.0,5.4,0.95
138147,0.0,30,3.41,78.9,165.0,81.5,13.1,286.0,5.6,0.49
138148,0.0,46,0.58,81.2,170.0,89.3,14.6,338.0,4.4,2.9
138149,0.0,45,2.5,92.7,178.0,87.9,13.5,259.0,6.7,1.45
138150,0.0,30,0.87,92.7,161.0,92.2,12.9,284.0,18.0,106.78
138151,0.0,59,1.12,92.7,178.0,87.9,13.5,259.0,6.7,1.45
138152,0.0,34,2.26,107.9,233.0,92.3,13.1,288.0,5.9,0.69
138153,0.0,66,5.0,75.2,261.0,86.9,13.1,279.0,6.1,0.68
138154,0.0,65,0.37,91.4,175.0,65.6,19.7,434.0,6.7,1.06
138155,0.0,12,1.05,95.2,144.0,76.6,13.8,369.0,11.1,4.91
138156,0.0,47,2.5,81.4,233.0,96.1,12.6,243.0,6.4,1.28
138157,1.0,80,1.41,92.7,178.0,87.9,13.5,259.0,6.7,1.45
138158,0.0,60,2.26,87.4,246.0,93.1,13.6,283.0,5.3,3.24
138159,0.0,43,1.32,106.0,151.0,91.0,12.0,283.0,6.6,6.19
138160,0.0,52,5.0,73.4,194.0,84.3,14.6,230.0,5.3,3.25
138161,0.0,80,2.73,92.7,178.0,87.9,13.5,259.0,6.7,1.45
138162,0.0,63,5.0,123.5,202.0,90.8,13.4,216.0,6.1,2.0
138163,1.0,31,1.29,60.0,216.0,85.5,14.0,174.0,4.3,0.4
138164,1.0,51,0.18,130.8,178.0,79.4,19.3,225.0,9.1,1.45
138165,0.0,14,2.61,92.7,178.0,87.9,13.5,259.0,6.7,1.45
138166,0.0,62,2.83,117.4,194.0,93.3,16.0,240.0,6.2,1.2
138167,0.0,57,0.68,101.7,181.0,93.8,13.3,327.0,4.9,3.48
138168,0.0,14,2.0,99.0,129.0,82.0,13.4,229.0,3.9,1.52
138169,0.0,28,2.67,92.7,178.0,87.9,13.5,259.0,6.7,1.45
138170,0.0,2,0.79,49.9,178.0,77.2,15.3,270.0,7.2,1.45
138171,1.0,71,2.48,103.9,148.0,88.0,13.9,207.0,5.6,7.73
138172,0.0,13,1.69,77.1,156.0,84.0,14.6,350.0,3.9,0.33
138173,0.0,62,2.67,92.7,178.0,87.9,13.5,259.0,6.7,1.45
138174,0.0,7,5.0,50.5,154.0,82.8,13.5,272.0,4.9,0.17
138175,0.0,40,3.6,95.3,187.0,94.8,12.2,240.0,6.4,0.78
138176,0.0,14,2.5,92.7,178.0,87.9,13.5,259.0,6.7,1.45
138177,0.0,80,5.0,105.9,187.0,96.4,12.8,174.0,3.7,1.53
138178,0.0,36,5.0,98.3,249.0,88.3,13.4,268.0,8.7,4.89
138180,0.0,18,4.34,98.0,178.0,84.9,14.1,267.0,10.5,1.84
138181,0.0,67,5.0,92.5,261.0,82.0,13.4,326.0,5.8,5.08
138182,1.0,80,2.5,92.7,178.0,87.9,13.5,259.0,6.7,1.45
138183,0.0,12,1.95,69.2,150.0,83.0,12.6,352.0,8.5,0.38
138184,0.0,76,5.0,108.8,188.0,96.0,14.8,226.0,5.9,1.68
138185,0.0,59,5.0,104.4,172.0,92.4,13.2,181.0,5.7,1.04
138186,0.0,16,2.77,73.5,102.0,86.8,13.7,156.0,5.0,0.11
138187,0.0,7,3.13,92.7,178.0,87.9,13.5,259.0,6.7,1.45
138188,0.0,73,5.0,129.9,208.0,87.2,14.1,469.0,7.8,5.77
138189,0.0,7,3.34,84.0,178.0,80.3,13.5,317.0,6.5,1.45
138190,1.0,80,1.7,92.7,129.0,92.8,14.9,182.0,9.1,8.27
138191,0.0,55,5.0,92.7,231.0,91.8,12.9,170.0,4.7,0.25
138192,0.0,19,0.45,78.9,146.0,86.5,14.5,213.0,5.0,1.93
138193,0.0,80,0.05,105.6,162.0,90.4,15.2,225.0,4.3,11.11
138194,0.0,21,2.5,72.5,137.0,89.6,12.5,314.0,5.1,0.59
138195,0.0,60,1.71,101.9,219.0,84.2,14.0,319.0,7.5,7.69
138196,0.0,61,3.09,86.0,145.0,92.3,13.0,275.0,5.3,0.88
138197,0.0,18,5.0,78.4,143.0,90.3,13.2,280.0,4.0,0.6
138198,0.0,79,3.28,95.2,178.0,85.7,14.4,301.0,5.8,2.35
138199,0.0,65,5.0,92.7,178.0,87.9,13.5,259.0,6.7,1.45
138200,0.0,63,2.5,117.3,178.0,87.9,13.5,259.0,6.7,1.45
138201,0.0,3,1.85,92.7,178.0,87.9,13.5,259.0,6.7,1.45
138202,0.0,42,5.0,92.7,178.0,87.9,13.5,259.0,6.7,1.45
138203,0.0,72,0.83,92.7,178.0,87.9,13.5,259.0,6.7,1.45
138204,0.0,33,2.46,87.1,201.0,86.1,14.8,302.0,5.9,2.46
138205,0.0,58,3.06,90.9,207.0,91.7,13.4,255.0,9.1,1.58
138206,0.0,4,1.85,53.1,178.0,77.6,13.0,384.0,10.2,0.18
138207,0.0,65,1.31,92.7,174.0,86.8,14.1,197.0,6.6,0.92
138208,0.0,80,5.0,92.7,178.0,87.9,13.5,259.0,6.7,1.45
138209,0.0,24,5.0,86.7,139.0,92.7,12.6,255.0,4.1,0.11
138210,0.0,1,2.5,92.7,178.0,87.9,13.5,259.0,6.7,1.45
138211,0.0,37,5.0,106.2,249.0,91.4,12.1,260.0,7.0,1.38
138212,0.0,73,1.83,92.7,178.0,87.9,13.5,259.0,6.7,1.45
138213,1.0,67,2.5,125.5,142.0,96.4,14.1,235.0,10.0,18.96
138214,0.0,19,0.75,127.2,125.0,79.5,15.8,343.0,6.4,14.71
138215,0.0,10,1.48,78.0,195.0,83.7,13.7,323.0,7.5,6.28
138216,0.0,11,1.41,92.7,178.0,87.9,13.5,259.0,6.7,1.45
138217,0.0,75,3.0,92.7,178.0,87.9,13.5,259.0,6.7,1.45
138218,0.0,37,5.0,64.4,188.0,91.2,12.6,198.0,8.2,0.29
138219,0.0,63,5.0,96.1,204.0,81.8,13.9,212.0,4.0,1.17
138220,0.0,61,0.79,112.8,191.0,86.8,14.6,212.0,8.7,1.62
138221,1.0,68,1.14,99.4,173.0,80.6,15.8,277.0,8.3,5.58
138222,0.0,5,0.3,52.8,178.0,87.9,13.5,259.0,6.7,1.45
138223,0.0,11,2.16,92.7,178.0,87.9,13.5,259.0,6.7,1.45
138224,0.0,12,4.53,92.7,178.0,87.9,13.5,259.0,6.7,1.45
138225,0.0,67,2.5,92.7,178.0,87.9,13.5,259.0,6.7,1.45
138226,0.0,3,1.98,60.3,178.0,77.5,13.3,410.0,9.9,0.96
138227,0.0,61,2.48,92.7,178.0,87.9,13.5,259.0,6.7,1.45
138228,0.0,72,1.83,160.1,199.0,88.0,16.0,257.0,8.9,8.82
138229,0.0,53,5.0,92.7,178.0,87.9,13.5,259.0,6.7,1.45
138230,0.0,38,0.48,92.7,178.0,87.9,13.5,259.0,6.7,1.45
138231,0.0,13,1.62,63.2,178.0,87.9,13.5,259.0,6.7,1.45
138232,0.0,70,2.74,91.0,201.0,90.4,14.0,242.0,5.6,0.9
138233,0.0,3,1.97,47.0,178.0,81.1,12.8,312.0,6.8,0.11
138234,0.0,30,0.92,91.5,188.0,87.5,12.9,228.0,7.0,0.79
138235,1.0,76,2.5,92.7,178.0,87.9,13.5,259.0,6.7,1.45
138236,0.0,39,1.49,71.4,166.0,94.6,13.7,148.0,3.1,0.53
138237,0.0,28,2.5,92.7,178.0,87.9,13.5,259.0,6.7,1.45
138238,0.0,62,1.09,104.0,178.0,87.9,13.5,259.0,6.7,1.45
138239,0.0,14,3.41,74.0,142.0,81.1,13.9,228.0,7.8,0.45
138240,1.0,78,5.0,122.5,178.0,92.2,13.2,237.0,7.0,2.67
138241,0.0,52,3.08,88.8,178.0,83.0,13.5,280.0,7.0,1.45
138242,0.0,9,5.0,56.4,178.0,87.9,13.5,259.0,6.7,1.45
138243,0.0,3,2.5,92.7,178.0,87.9,13.5,259.0,6.7,1.45
138244,0.0,80,3.43,112.6,167.0,94.6,13.2,228.0,10.3,4.93
138245,0.0,9,2.17,51.5,178.0,87.9,13.5,259.0,6.7,1.45
138247,0.0,32,0.87,101.5,142.0,88.4,13.3,248.0,6.6,3.22
138248,0.0,36,1.0,92.7,178.0,87.9,13.5,259.0,6.7,1.45
138249,0.0,41,2.19,114.1,196.0,59.8,22.1,379.0,7.8,2.79
138250,0.0,34,5.0,100.0,177.0,92.8,12.8,252.0,7.8,2.86
138251,0.0,5,2.54,55.0,178.0,73.7,13.9,322.0,5.2,0.58
138252,0.0,50,4.18,92.7,178.0,87.9,13.5,259.0,6.7,1.45
138253,0.0,33,0.89,83.1,220.0,85.1,12.8,215.0,4.0,0.46
138254,0.0,79,5.0,111.7,122.0,93.0,14.3,246.0,9.1,0.87
138255,0.0,65,0.63,107.2,144.0,85.2,15.3,172.0,4.4,1.37
138256,0.0,12,4.03,92.7,178.0,87.9,13.5,259.0,6.7,1.45
138257,0.0,72,0.74,84.0,154.0,94.5,15.5,240.0,7.8,0.83
138258,0.0,62,2.92,100.9,319.0,95.1,13.9,292.0,5.9,2.49
138259,0.0,8,0.93,55.3,143.0,64.8,16.9,250.0,5.1,0.41
138260,0.0,7,5.0,58.4,178.0,87.9,13.5,259.0,6.7,1.45
138261,0.0,58,1.16,74.2,146.0,79.6,14.7,242.0,6.5,3.8
138262,0.0,19,2.2,86.1,157.0,91.7,13.2,251.0,5.8,0.58
138263,0.0,31,0.43,94.8,204.0,87.5,13.7,243.0,7.6,2.77
138264,0.0,11,2.92,92.7,178.0,87.9,13.5,259.0,6.7,1.45
138265,0.0,8,0.24,55.0,136.0,84.3,12.5,353.0,9.0,0.27
138266,0.0,18,2.5,105.4,178.0,87.9,13.5,259.0,6.7,1.45
138267,0.0,70,2.03,133.6,179.0,89.1,13.6,277.0,7.3,0.34
138268,1.0,67,3.31,95.7,131.0,87.4,13.7,250.0,6.6,0.77
138269,0.0,68,2.58,92.7,178.0,87.9,13.5,259.0,6.7,1.45
138270,0.0,13,5.0,66.6,156.0,81.1,13.6,296.0,5.0,0.64
138271,0.0,20,0.46,74.6,167.0,85.6,13.0,214.0,4.4,0.47
138272,0.0,63,2.48,92.7,203.0,94.3,12.6,198.0,5.9,2.9
138273,0.0,1,5.0,92.7,178.0,87.9,13.5,259.0,6.7,1.45
138274,1.0,69,0.73,127.4,183.0,84.9,14.3,320.0,9.1,7.4
138275,0.0,24,3.49,92.7,178.0,87.9,13.5,259.0,6.7,1.45
138276,0.0,13,5.0,65.1,144.0,86.2,13.5,267.0,6.0,0.45
138277,0.0,3,5.0,49.3,178.0,78.3,13.7,357.0,10.3,0.57
138278,0.0,19,0.37,72.2,178.0,87.9,13.5,259.0,6.7,1.45
138279,0.0,1,1.0,92.7,178.0,87.9,13.5,259.0,6.7,1.45
138280,1.0,65,5.0,135.3,255.0,87.1,13.6,337.0,10.1,16.74
138281,0.0,8,5.0,59.7,140.0,86.8,12.3,313.0,8.5,0.22
138282,0.0,3,2.52,92.7,178.0,87.9,13.5,259.0,6.7,1.45
138283,1.0,80,0.05,80.2,152.0,87.4,13.9,213.0,3.8,1.94
138284,0.0,14,5.0,96.3,133.0,81.3,13.5,461.0,15.6,3.15
138285,0.0,28,1.37,94.4,178.0,77.7,16.3,232.0,5.0,1.45
138286,0.0,19,1.98,118.0,90.0,74.4,15.1,374.0,4.9,4.66
138287,0.0,15,3.45,92.7,178.0,87.9,13.5,259.0,6.7,1.45
138288,0.0,61,3.11,107.5,198.0,90.3,14.3,171.0,7.1,1.7
138289,0.0,6,4.68,58.7,184.0,85.6,12.7,290.0,8.0,0.49
138290,0.0,23,5.0,81.5,182.0,86.3,13.1,281.0,4.9,0.83
138291,0.0,58,5.0,100.6,189.0,91.9,12.9,221.0,5.3,1.03
138292,0.0,48,5.0,81.0,182.0,86.6,14.7,204.0,4.3,0.81
138293,0.0,13,3.76,115.0,180.0,80.3,13.8,252.0,7.7,11.38
138294,0.0,63,0.67,103.0,178.0,89.6,13.7,341.0,4.8,1.45
138295,0.0,10,0.02,116.6,112.0,84.4,14.3,348.0,11.4,5.64
138296,0.0,63,2.5,121.4,107.0,87.3,14.2,208.0,7.8,0.59
138297,0.0,40,2.5,84.2,199.0,78.5,14.0,211.0,7.4,1.46
138298,0.0,8,3.41,92.7,178.0,87.9,13.5,259.0,6.7,1.45
138299,1.0,69,2.5,92.7,178.0,87.9,13.5,259.0,6.7,1.45
138300,0.0,73,1.05,86.4,208.0,87.8,13.5,185.0,4.6,2.02
138301,0.0,21,2.5,85.4,157.0,88.3,12.8,191.0,5.1,2.19
138302,0.0,39,3.3,84.5,207.0,90.7,14.9,235.0,5.3,0.3
138303,0.0,7,5.0,48.4,178.0,87.9,13.5,259.0,6.7,1.45
138304,0.0,8,1.33,67.4,116.0,78.5,13.6,231.0,6.4,12.35
138305,0.0,80,1.12,110.2,228.0,80.7,14.9,268.0,6.9,3.14
138306,0.0,16,2.42,92.7,178.0,87.9,13.5,259.0,6.7,1.45
138307,0.0,4,0.87,51.3,178.0,80.9,13.8,286.0,8.9,0.16
138308,0.0,41,2.31,106.3,230.0,83.0,13.5,296.0,7.5,4.96
138309,0.0,1,1.67,92.7,178.0,87.9,13.5,259.0,6.7,1.45
138310,0.0,7,2.75,55.6,178.0,87.9,13.5,259.0,6.7,1.45
138311,0.0,31,0.89,92.7,187.0,83.4,12.7,308.0,7.8,4.83
138312,0.0,11,5.0,92.7,178.0,87.9,13.5,259.0,6.7,1.45
138313,0.0,27,5.0,92.7,178.0,87.9,13.5,259.0,6.7,1.45
138314,0.0,5,0.95,92.7,178.0,87.9,13.5,259.0,6.7,1.45
138315,0.0,26,5.0,88.2,176.0,89.2,13.2,228.0,6.3,0.26
138316,1.0,59,5.0,111.7,188.0,84.2,15.0,169.0,7.8,2.25
138317,0.0,57,0.7,114.3,263.0,86.2,14.1,244.0,9.2,2.31
138318,0.0,75,2.5,97.2,192.0,82.4,13.6,203.0,3.8,1.95
138319,0.0,57,1.77,93.0,144.0,88.6,13.5,197.0,4.3,8.51
138320,1.0,68,2.16,145.9,156.0,78.8,14.8,227.0,8.6,5.68
138321,0.0,80,2.5,92.7,178.0,87.9,13.5,259.0,6.7,1.45
138322,0.0,26,3.37,92.7,178.0,87.9,13.5,259.0,6.7,1.45
138323,0.0,31,1.53,97.2,178.0,83.6,12.3,245.0,6.2,2.17
138324,0.0,71,0.96,77.8,178.0,93.9,13.5,325.0,5.7,1.45
138325,0.0,2,2.81,45.7,178.0,87.9,13.5,259.0,6.7,1.45
138326,0.0,6,2.5,92.7,138.0,82.6,13.2,283.0,6.5,0.11
138327,0.0,44,2.06,99.0,144.0,115.8,14.7,425.0,14.9,62.81
138328,0.0,57,0.43,95.4,160.0,87.6,12.7,233.0,5.4,7.61
138329,0.0,56,2.34,113.9,148.0,91.5,14.0,249.0,4.7,2.5
138330,0.0,64,4.89,93.0,230.0,80.9,14.4,315.0,8.1,1.67
138331,0.0,36,5.0,87.6,184.0,85.7,13.4,315.0,7.3,0.66
138332,0.0,45,0.97,92.7,178.0,87.9,13.5,259.0,6.7,1.45
138333,0.0,10,5.0,65.3,139.0,81.1,14.3,399.0,8.6,0.28
138334,0.0,66,4.64,92.7,178.0,87.9,13.5,259.0,6.7,1.45
138335,0.0,2,2.41,92.7,178.0,87.9,13.5,259.0,6.7,1.45
138336,0.0,80,3.43,102.2,236.0,88.9,13.2,201.0,5.3,0.73
138337,0.0,19,2.39,67.0,137.0,81.0,13.8,228.0,5.6,0.92
138338,0.0,13,1.23,82.3,179.0,85.6,14.1,336.0,5.3,0.11
138339,0.0,40,3.28,113.9,197.0,81.7,13.9,344.0,9.3,10.62
138340,0.0,12,5.0,79.7,88.0,88.2,13.0,269.0,7.0,0.33
138341,0.0,58,5.0,105.8,195.0,91.2,14.2,291.0,6.9,1.6
138342,0.0,22,5.0,92.7,158.0,92.4,14.3,235.0,6.1,0.95
138343,0.0,13,1.02,78.1,167.0,84.2,12.9,285.0,7.5,0.42
138344,0.0,11,4.68,92.7,178.0,87.9,13.5,259.0,6.7,1.45
138345,1.0,69,3.06,143.6,170.0,94.5,14.4,148.0,6.7,3.12
138346,0.0,9,0.0,98.7,142.0,80.8,14.5,276.0,8.3,1.05
138347,1.0,80,1.28,81.8,114.0,109.2,13.7,275.0,7.2,2.66
138348,0.0,17,1.02,92.7,178.0,87.9,13.5,259.0,6.7,1.45
138349,0.0,15,1.2,92.7,178.0,87.9,13.5,259.0,6.7,1.45
138350,0.0,27,5.0,70.9,132.0,89.9,13.3,239.0,5.5,0.41
138351,0.0,17,1.09,67.0,102.0,85.2,12.9,186.0,5.2,0.2
138352,0.0,39,0.66,99.9,159.0,87.9,13.2,259.0,15.9,4.59
138353,1.0,80,1.81,85.0,125.0,89.2,15.0,271.0,6.1,1.48
138354,0.0,36,1.72,92.7,178.0,87.9,13.5,259.0,6.7,1.45
138355,0.0,61,3.58,92.7,178.0,87.9,13.5,259.0,6.7,1.45
138356,0.0,49,3.82,114.8,191.0,96.1,14.7,181.0,6.2,2.07
138357,0.0,40,1.84,92.7,174.0,85.4,15.0,289.0,5.6,1.24
138358,0.0,61,2.5,101.5,132.0,79.4,14.5,280.0,8.2,1.62
138359,0.0,20,1.89,108.5,174.0,87.1,13.4,345.0,11.8,3.87
138360,0.0,33,1.16,127.7,178.0,87.9,13.5,259.0,6.7,1.45
138361,0.0,13,2.15,108.4,178.0,87.9,13.5,259.0,6.7,1.45
138362,0.0,14,4.3,92.7,178.0,87.9,13.5,259.0,6.7,1.45
138363,0.0,5,1.83,49.0,178.0,83.1,12.9,401.0,9.9,0.18
138364,0.0,26,0.0,68.3,180.0,95.7,12.7,292.0,6.2,0.29
138365,0.0,9,2.48,67.2,137.0,76.7,14.1,344.0,6.2,0.8
138366,0.0,4,2.22,92.7,178.0,87.9,13.5,259.0,6.7,1.45
138367,0.0,54,5.0,79.3,190.0,94.0,13.6,204.0,4.9,0.76
138368,0.0,79,0.74,85.2,140.0,94.4,13.6,193.0,5.8,1.4
138369,0.0,73,1.38,87.4,175.0,91.9,13.6,225.0,6.4,2.2
138370,0.0,15,0.33,118.3,167.0,76.4,13.9,215.0,5.4,4.82
138371,0.0,10,5.0,64.2,178.0,87.9,13.5,259.0,6.7,1.45
138372,0.0,18,0.16,92.7,105.0,89.2,13.6,233.0,4.8,0.15
138373,0.0,16,5.0,79.5,178.0,87.9,13.5,259.0,6.7,1.45
138374,0.0,50,3.84,93.0,121.0,96.8,13.1,243.0,7.7,4.7
138375,0.0,43,2.5,108.2,185.0,85.6,13.4,207.0,3.5,2.16
138376,0.0,59,2.64,112.7,162.0,95.2,14.1,337.0,9.4,7.11
138377,0.0,33,5.0,76.1,197.0,88.4,13.4,255.0,10.0,0.27
138378,0.0,42,0.36,126.3,205.0,84.8,14.6,222.0,7.8,10.02
138379,0.0,27,3.55,77.0,232.0,88.2,12.8,249.0,5.8,0.36
138380,0.0,60,2.5,106.0,178.0,87.9,13.5,259.0,6.7,1.45
138381,0.0,30,5.0,92.7,178.0,87.9,13.5,259.0,6.7,1.45
138383,1.0,38,0.92,108.9,216.0,76.2,14.0,168.0,8.3,2.29
138384,0.0,66,0.8,89.0,169.0,87.9,14.4,329.0,9.0,3.06
138385,0.0,17,2.5,64.0,209.0,90.4,12.0,328.0,5.0,0.48
138386,0.0,62,4.06,107.4,166.0,87.9,14.1,238.0,8.1,0.86
138387,0.0,51,0.8,107.6,147.0,91.1,12.9,237.0,8.5,3.33
138388,0.0,11,0.8,92.7,178.0,87.9,13.5,259.0,6.7,1.45
138389,0.0,13,3.3,90.0,143.0,84.1,13.5,319.0,6.2,0.34
138390,0.0,60,5.0,120.6,208.0,73.3,15.4,292.0,5.8,1.03
138391,0.0,72,2.5,92.7,178.0,87.9,13.5,259.0,6.7,1.45
138392,0.0,70,2.73,95.8,135.0,93.9,13.7,187.0,5.5,1.5
138393,0.0,10,3.47,92.7,178.0,87.9,13.5,259.0,6.7,1.45
138394,0.0,11,5.0,71.8,172.0,95.1,13.3,287.0,4.8,0.16
138395,0.0,39,5.0,93.0,215.0,92.6,12.5,463.0,6.3,2.53
138396,0.0,5,2.31,92.7,178.0,87.9,13.5,259.0,6.7,1.45
138397,0.0,19,5.0,115.8,149.0,79.9,15.0,215.0,4.6,2.46
138398,0.0,40,5.0,89.1,149.0,90.8,13.0,305.0,8.8,0.8
138399,0.0,67,3.28,116.0,134.0,92.0,14.8,193.0,4.8,1.75
138400,0.0,29,3.49,81.0,140.0,84.2,15.9,224.0,6.3,2.87
138401,0.0,52,2.61,116.0,215.0,87.0,14.3,240.0,5.6,0.61
138402,0.0,31,5.0,86.2,175.0,89.5,13.2,180.0,4.6,0.29
138403,0.0,4,1.24,52.5,178.0,80.7,13.3,243.0,7.5,1.45
138404,0.0,5,5.0,66.2,178.0,79.2,13.9,325.0,8.6,0.34
138405,0.0,72,2.5,76.5,218.0,91.7,13.7,297.0,6.4,2.23
138406,0.0,80,2.0,92.7,178.0,87.9,13.5,259.0,6.7,1.45
138407,0.0,7,1.8,71.1,151.0,82.5,13.1,318.0,6.4,0.45
138408,0.0,57,2.5,113.6,258.0,96.4,13.2,292.0,7.6,1.13
138409,0.0,37,2.18,93.3,193.0,84.6,13.5,259.0,4.5,0.41
138410,0.0,3,5.0,53.6,178.0,79.3,14.0,320.0,9.1,0.87
138411,1.0,80,2.5,92.7,178.0,87.9,13.5,259.0,6.7,1.45
138412,0.0,11,2.85,78.9,147.0,85.0,14.0,264.0,8.7,0.42
138413,0.0,60,5.0,100.0,128.0,90.8,14.3,106.0,5.4,1.03
138414,0.0,30,4.12,83.4,178.0,85.9,13.1,206.0,4.2,2.56
138415,0.0,40,2.93,105.4,197.0,81.8,13.3,171.0,5.4,1.02
138416,0.0,21,0.99,112.9,151.0,90.1,13.4,290.0,8.8,6.38
138417,0.0,4,1.04,50.5,178.0,87.9,13.5,259.0,6.7,1.45
138418,0.0,35,5.0,92.2,224.0,87.2,12.6,270.0,6.8,1.39
138419,0.0,64,1.56,113.6,178.0,87.9,13.5,259.0,6.7,1.45
138420,0.0,76,4.31,92.7,178.0,87.9,13.5,259.0,6.7,1.45
138421,0.0,44,1.48,109.2,274.0,89.1,12.9,282.0,4.6,3.22
138422,1.0,78,5.0,142.2,163.0,94.8,13.1,210.0,4.8,0.36
138423,0.0,80,2.28,92.9,148.0,92.8,13.2,194.0,10.3,1.43
138424,0.0,65,4.05,89.8,132.0,91.0,14.0,175.0,4.5,2.92
138425,0.0,66,3.04,110.5,199.0,84.5,12.8,232.0,7.4,2.94
138426,0.0,37,3.27,107.6,193.0,87.7,12.9,304.0,8.0,7.09
138427,0.0,5,1.21,92.7,178.0,87.9,13.5,259.0,6.7,1.45
138428,0.0,36,0.63,93.7,198.0,90.3,13.8,184.0,7.1,0.53
138429,0.0,5,5.0,52.7,178.0,87.9,13.5,259.0,6.7,1.45
138430,0.0,1,3.42,92.7,178.0,75.8,13.8,248.0,5.4,1.45
138431,0.0,27,2.16,92.7,178.0,87.9,13.5,259.0,6.7,1.45
138432,0.0,56,5.0,92.7,178.0,87.9,13.5,259.0,6.7,1.45
138433,1.0,80,3.76,92.7,178.0,87.9,13.5,259.0,6.7,1.45
138434,0.0,65,2.5,92.7,178.0,87.9,13.5,259.0,6.7,1.45
138435,0.0,40,0.27,92.7,126.0,68.3,23.0,520.0,7.1,0.95
138436,0.0,16,2.21,129.0,119.0,87.7,13.7,81.0,9.1,12.97
138437,0.0,72,2.5,92.7,178.0,87.9,13.5,259.0,6.7,1.45
138438,0.0,59,2.5,92.7,178.0,87.9,13.5,259.0,6.7,1.45
138439,0.0,69,0.88,95.4,188.0,94.9,14.6,207.0,5.1,1.3
138440,0.0,18,1.21,69.3,108.0,85.2,12.2,169.0,3.3,0.19
138441,0.0,57,2.5,92.7,178.0,87.9,13.5,259.0,6.7,1.45
138442,0.0,3,2.5,92.7,178.0,87.9,13.5,259.0,6.7,1.45
138443,0.0,45,1.13,133.5,189.0,89.3,19.4,359.0,7.1,3.5
138444,0.0,64,1.03,107.1,121.0,89.9,13.0,162.0,4.9,1.58
138445,0.0,13,1.05,108.8,132.0,81.5,15.1,210.0,6.7,1.66
138446,0.0,2,1.02,69.9,178.0,87.9,13.5,259.0,6.7,1.45
138447,0.0,59,2.39,123.9,241.0,97.1,14.2,281.0,9.8,4.71
138448,0.0,12,2.5,80.5,178.0,87.9,13.5,259.0,6.7,1.45
138449,0.0,48,3.0,108.4,198.0,82.3,14.3,264.0,7.1,13.12
138450,0.0,64,2.5,104.9,192.0,94.1,13.4,218.0,5.0,3.19
138451,0.0,32,5.0,117.7,197.0,88.2,13.0,174.0,5.6,0.63
138452,1.0,62,0.55,128.5,178.0,87.9,13.5,259.0,6.7,1.45
138453,0.0,13,1.08,72.0,149.0,86.0,13.6,276.0,5.3,1.05
138454,1.0,75,1.31,117.1,254.0,97.7,15.2,158.0,5.7,1.48
138455,0.0,31,2.87,92.7,178.0,87.9,13.5,259.0,6.7,1.45
138456,0.0,53,2.5,92.7,134.0,91.4,15.3,253.0,4.8,1.69
138457,0.0,11,1.55,92.0,178.0,87.9,13.5,259.0,6.7,1.45
138458,0.0,38,1.09,92.7,137.0,90.5,13.3,365.0,7.0,0.45
138459,0.0,10,3.22,69.9,155.0,81.4,13.5,261.0,12.1,0.19
138460,0.0,17,3.28,80.1,174.0,89.5,12.8,295.0,6.2,0.33
138461,0.0,10,5.0,69.3,134.0,79.2,13.0,322.0,6.4,0.16
138462,0.0,16,1.8,67.4,133.0,85.2,13.9,252.0,8.0,0.38
138463,0.0,58,0.82,113.5,170.0,78.2,15.3,304.0,7.6,3.75
138464,0.0,59,3.04,92.7,178.0,87.9,13.5,259.0,6.7,1.45
138465,0.0,76,2.5,107.0,197.0,93.8,15.2,190.0,4.6,2.95
138466,0.0,22,2.69,102.0,157.0,86.8,13.2,159.0,7.3,0.82
138467,0.0,59,1.71,105.5,208.0,94.5,13.4,277.0,8.8,0.7
138468,0.0,41,5.0,80.2,199.0,92.9,13.3,224.0,5.1,1.23
138469,0.0,65,5.0,92.1,228.0,93.2,12.8,235.0,5.6,1.73
138470,0.0,17,0.77,73.5,104.0,87.9,13.5,259.0,6.7,2.1
138471,0.0,5,5.0,50.0,178.0,85.0,13.9,352.0,8.7,8.86
138472,0.0,5,5.0,54.5,178.0,80.5,13.0,453.0,6.2,0.27
138473,0.0,17,2.88,74.2,125.0,90.7,12.3,401.0,8.4,0.72
138474,0.0,62,2.92,96.3,234.0,98.9,12.9,257.0,4.5,0.81
138475,0.0,5,2.5,92.7,178.0,87.9,13.5,259.0,6.7,1.45
138476,0.0,22,2.48,98.4,171.0,82.9,12.9,366.0,8.4,3.05
138477,0.0,14,1.62,66.9,178.0,91.1,13.0,235.0,6.6,1.45
138478,0.0,67,2.5,108.0,191.0,89.9,14.4,237.0,6.8,2.12
138479,0.0,11,2.5,92.7,178.0,87.9,13.5,259.0,6.7,1.45
138480,0.0,80,5.0,123.6,167.0,90.7,13.4,180.0,5.5,1.47
138481,0.0,76,3.58,92.7,210.0,93.3,14.4,282.0,6.9,0.59
138482,0.0,7,5.0,52.2,178.0,87.9,13.5,259.0,6.7,1.45
138483,0.0,41,5.0,94.0,220.0,90.2,13.0,299.0,6.6,39.06
138484,0.0,1,3.17,92.7,178.0,87.9,13.5,259.0,6.7,1.45
138485,0.0,53,5.0,111.4,206.0,85.2,13.5,199.0,5.3,4.85
138486,0.0,77,2.5,98.0,222.0,90.3,12.6,185.0,3.8,0.64
138487,0.0,4,2.5,92.7,178.0,87.9,13.5,259.0,6.7,1.45
138488,0.0,4,1.15,92.7,178.0,87.9,13.5,259.0,6.7,1.45
138489,0.0,41,3.82,123.7,220.0,81.9,14.1,392.0,9.8,4.12
138490,0.0,46,4.41,74.3,206.0,71.8,16.4,321.0,8.1,0.11
138491,0.0,75,2.5,92.7,178.0,87.9,13.5,259.0,6.7,1.45
138492,0.0,17,1.02,76.7,172.0,86.2,12.8,309.0,6.3,0.27
138493,0.0,50,5.0,92.7,178.0,87.9,13.5,259.0,6.7,1.45
138494,0.0,43,3.22,92.7,178.0,87.9,13.5,259.0,6.7,1.45
138495,0.0,45,2.5,92.7,178.0,87.9,13.5,259.0,6.7,1.45
138496,0.0,64,2.5,92.7,178.0,87.9,13.5,259.0,6.7,1.45
138497,0.0,22,1.42,92.7,132.0,85.8,13.8,244.0,9.1,0.55
138498,0.0,26,5.0,81.5,142.0,87.9,12.7,205.0,4.2,2.1
138499,0.0,39,3.13,92.7,178.0,87.9,13.5,259.0,6.7,1.45
138500,0.0,7,0.97,55.0,187.0,83.3,13.3,397.0,7.8,0.73
138501,0.0,28,2.82,86.4,89.0,92.8,20.3,232.0,8.2,0.23
138502,0.0,58,5.0,71.7,298.0,91.5,13.2,281.0,8.6,0.21
138503,0.0,9,0.81,57.7,178.0,87.9,13.5,259.0,6.7,1.45
138504,0.0,11,2.4,69.2,129.0,82.9,12.9,253.0,6.7,0.22
138505,0.0,61,2.36,92.7,165.0,84.7,14.5,191.0,4.0,0.77
138506,0.0,12,1.91,92.7,178.0,87.9,13.5,259.0,6.7,1.45
138507,0.0,2,3.26,45.9,178.0,80.0,14.4,458.0,14.3,1.45
138508,0.0,46,5.0,92.7,178.0,87.9,13.5,259.0,6.7,1.45
138509,0.0,17,3.26,97.7,159.0,88.7,13.0,312.0,10.0,1.54
138510,0.0,18,0.27,88.8,160.0,89.3,13.5,169.0,6.9,5.19
138511,0.0,3,2.16,92.7,178.0,87.9,13.5,259.0,6.7,1.45
138512,0.0,48,5.0,92.7,178.0,87.9,13.5,259.0,6.7,1.45
138513,0.0,71,5.0,80.6,171.0,99.0,13.4,256.0,6.0,1.19
138514,0.0,35,0.92,92.7,178.0,87.9,13.5,259.0,6.7,1.45
138515,1.0,68,4.56,108.4,161.0,88.1,12.6,212.0,5.9,4.31
138516,0.0,13,4.0,111.5,178.0,85.0,15.8,383.0,7.9,0.26
138517,0.0,30,0.79,87.4,181.0,84.2,13.7,214.0,4.5,0.9
138518,0.0,4,0.84,46.1,178.0,75.4,13.6,404.0,6.9,0.17
138519,0.0,3,1.71,51.2,178.0,87.9,13.5,259.0,6.7,1.45
138520,0.0,54,5.0,84.7,191.0,90.4,13.3,266.0,6.5,0.65
138521,0.0,78,1.69,95.3,174.0,90.2,13.7,256.0,5.2,0.77
138522,0.0,11,1.82,65.2,178.0,87.9,13.5,259.0,6.7,1.45
138523,1.0,69,2.66,94.1,162.0,86.8,14.4,246.0,7.7,0.41
138524,0.0,70,2.5,110.1,178.0,97.0,13.8,270.0,6.6,4.32
138525,0.0,44,2.72,92.7,162.0,90.1,13.4,319.0,6.4,0.24
138526,0.0,15,3.39,92.7,178.0,87.9,13.5,259.0,6.7,1.45
138527,0.0,29,3.58,77.5,203.0,89.6,12.7,204.0,4.4,0.45
138528,0.0,19,3.26,92.7,178.0,87.9,13.5,259.0,6.7,1.45
138529,0.0,5,2.5,92.7,178.0,87.9,13.5,259.0,6.7,1.45
138530,0.0,15,4.14,75.5,164.0,84.6,12.8,239.0,6.1,0.19
138531,0.0,14,0.57,92.7,178.0,87.9,13.5,259.0,6.7,1.45
138532,0.0,62,0.14,97.0,210.0,92.3,14.1,239.0,6.4,0.96
138533,0.0,67,5.0,121.3,180.0,90.2,15.0,285.0,4.8,4.5
138534,0.0,46,2.5,92.7,178.0,87.9,13.5,259.0,6.7,1.45
138535,0.0,33,5.0,107.0,214.0,86.7,13.3,231.0,7.5,7.88
138536,0.0,38,5.0,122.5,212.0,87.7,12.5,225.0,8.7,0.97
138537,0.0,5,0.99,52.9,178.0,78.3,14.0,333.0,9.5,0.11
138538,0.0,50,2.89,92.7,178.0,87.9,13.5,259.0,6.7,1.45
138539,0.0,61,4.94,123.0,138.0,84.3,13.8,251.0,7.7,1.83
138540,1.0,80,1.14,94.0,147.0,95.4,13.8,120.0,7.1,3.74
138541,1.0,54,0.85,119.0,159.0,89.0,12.8,373.0,7.0,5.91
138542,0.0,77,5.0,91.4,230.0,93.4,13.6,209.0,4.2,0.57
138543,0.0,65,1.13,88.9,210.0,89.4,13.4,252.0,5.1,1.9
138544,0.0,6,5.0,57.1,178.0,87.9,13.5,259.0,6.7,1.45
138545,0.0,29,2.5,92.7,178.0,87.9,13.5,259.0,6.7,1.45
138546,0.0,6,2.5,92.7,178.0,87.9,13.5,259.0,6.7,1.45
138547,0.0,7,2.5,56.5,152.0,84.5,12.6,413.0,5.2,0.11
138548,0.0,40,5.0,83.8,222.0,90.7,12.7,269.0,6.7,0.65
138549,0.0,3,5.0,53.2,178.0,85.4,13.4,290.0,6.7,1.45
138550,0.0,39,3.74,84.1,176.0,86.7,12.2,237.0,5.8,0.55
138551,0.0,47,2.5,96.0,174.0,86.8,13.0,242.0,7.7,7.56
138552,0.0,1,5.0,92.7,178.0,87.9,13.5,259.0,6.7,1.45
138553,0.0,10,2.5,87.4,142.0,85.6,13.4,264.0,6.8,0.16
138554,0.0,8,5.0,92.7,178.0,87.9,13.5,259.0,6.7,1.45
138555,0.0,33,0.86,82.1,152.0,88.1,14.1,300.0,5.6,0.33
138556,0.0,48,3.0,99.2,190.0,89.7,12.9,228.0,6.6,5.07
138557,0.0,11,1.74,83.4,104.0,79.2,12.5,272.0,7.1,0.35
138558,0.0,8,0.58,59.8,141.0,82.2,12.9,183.0,7.5,0.3
138559,0.0,8,2.86,92.7,178.0,87.9,13.5,259.0,6.7,1.45
138560,0.0,6,1.85,67.4,135.0,83.3,14.0,275.0,7.4,1.16
138561,0.0,6,3.91,92.7,178.0,87.9,13.5,259.0,6.7,1.45
138562,0.0,11,4.12,92.7,178.0,87.9,13.5,259.0,6.7,1.45
138563,1.0,76,5.0,133.5,165.0,86.0,15.5,362.0,6.5,5.32
138564,0.0,14,2.93,92.7,178.0,87.9,13.5,259.0,6.7,1.45
138565,0.0,48,5.0,77.7,236.0,92.2,12.1,328.0,7.7,0.71
138566,0.0,3,2.5,92.7,178.0,87.9,13.5,259.0,6.7,1.45
138567,0.0,33,0.88,86.8,125.0,85.4,14.3,182.0,3.3,2.02
138568,0.0,17,3.19,92.7,178.0,87.9,13.5,259.0,6.7,1.45
138569,0.0,1,4.02,92.7,178.0,87.9,13.5,259.0,6.7,1.45
138570,0.0,10,5.0,92.7,178.0,87.9,13.5,259.0,6.7,1.45
138571,0.0,60,5.0,110.5,228.0,93.0,13.2,276.0,6.9,1.05
138572,0.0,40,3.04,92.7,178.0,87.9,13.5,259.0,6.7,1.45
138573,0.0,60,2.5,106.0,230.0,90.2,13.5,314.0,6.0,1.12
138574,0.0,29,1.49,92.7,178.0,87.9,13.5,259.0,6.7,1.45
138575,0.0,11,5.0,65.6,136.0,85.1,14.6,343.0,6.3,0.22
138576,0.0,20,2.19,88.0,165.0,90.0,13.1,378.0,10.0,5.42
138577,0.0,80,3.3,92.7,178.0,87.9,13.5,259.0,6.7,1.45
138578,0.0,64,2.16,121.1,177.0,89.3,14.1,229.0,8.2,2.02
138579,0.0,17,0.77,92.7,178.0,87.9,13.5,259.0,6.7,1.45
138580,0.0,2,5.0,92.7,178.0,87.9,13.5,259.0,6.7,1.45
138581,0.0,14,2.5,92.7,178.0,87.9,13.5,259.0,6.7,1.45
138582,0.0,6,0.63,92.7,178.0,87.9,13.5,259.0,6.7,1.45
138583,0.0,28,4.94,92.7,178.0,87.9,13.5,259.0,6.7,1.45
138584,0.0,67,1.3,89.6,161.0,84.0,14.2,207.0,5.8,1.04
138585,0.0,3,2.42,46.6,178.0,72.9,14.4,589.0,11.4,0.39
138586,0.0,75,1.62,130.2,178.0,84.7,14.3,176.0,6.2,3.02
138587,0.0,7,4.27,55.7,178.0,87.9,13.5,259.0,6.7,1.45
138588,0.0,72,5.0,98.0,126.0,91.0,13.6,164.0,4.6,1.02
138589,0.0,10,5.0,72.4,178.0,87.9,13.5,259.0,6.7,1.45
138590,0.0,53,5.0,92.7,178.0,87.9,13.5,259.0,6.7,1.45
138591,0.0,13,2.5,69.5,178.0,87.9,13.5,259.0,6.7,1.45
138592,0.0,7,2.98,54.7,155.0,82.7,13.5,231.0,4.4,0.36
138593,0.0,68,2.5,92.7,178.0,87.9,13.5,259.0,6.7,1.45
138594,0.0,5,0.74,67.6,178.0,87.9,13.5,259.0,6.7,1.45
138595,1.0,60,2.5,92.7,178.0,87.9,13.5,259.0,6.7,1.45
138596,0.0,35,3.33,125.7,154.0,85.8,13.2,340.0,8.3,7.98
138597,0.0,68,1.88,92.7,178.0,87.9,13.5,259.0,6.7,1.45
138598,0.0,4,2.5,92.7,178.0,87.9,13.5,259.0,6.7,1.45
138599,0.0,71,5.0,98.4,107.0,99.8,13.7,112.0,3.8,0.49
138600,0.0,34,0.97,117.4,148.0,83.4,13.2,341.0,10.4,9.98
138601,0.0,67,5.0,85.6,198.0,94.7,13.1,212.0,7.1,2.32
138602,0.0,37,2.08,108.0,178.0,84.2,16.5,438.0,7.3,7.34
138603,0.0,17,2.88,63.3,139.0,89.9,13.2,316.0,6.3,0.2
138604,1.0,79,0.89,119.9,104.0,87.6,15.1,171.0,5.7,1.94
138605,0.0,18,2.5,68.0,178.0,87.9,13.5,259.0,6.7,1.45
138606,0.0,49,5.0,104.8,208.0,90.7,12.8,258.0,6.0,1.61
138607,0.0,46,2.5,92.7,178.0,87.9,13.5,259.0,6.7,1.45
138608,0.0,8,0.46,67.6,178.0,87.9,13.5,259.0,6.7,1.45
138609,0.0,60,5.0,102.6,259.0,84.3,14.3,282.0,7.4,5.32
138610,0.0,18,2.31,82.0,115.0,88.4,12.5,196.0,6.7,0.17
138611,0.0,36,1.97,104.5,255.0,82.2,13.4,327.0,7.6,8.82
138612,0.0,10,1.8,88.5,141.0,72.4,15.1,426.0,6.4,2.51
138613,0.0,58,0.86,117.7,265.0,76.7,17.9,280.0,5.0,5.66
138614,0.0,12,2.5,82.1,137.0,89.7,13.3,244.0,5.5,0.94
138615,0.0,2,1.09,55.4,178.0,87.9,13.5,259.0,6.7,1.45
138616,0.0,17,5.0,84.0,178.0,87.9,13.5,259.0,6.7,1.45
138617,0.0,18,1.05,71.8,178.0,90.9,13.5,265.0,8.1,0.8
138618,0.0,57,1.04,80.9,214.0,84.5,12.8,218.0,5.4,0.82
138619,0.0,53,5.0,125.3,259.0,81.6,14.6,199.0,6.2,4.92
138620,0.0,40,2.5,92.7,178.0,87.9,13.5,259.0,6.7,1.45
138621,0.0,69,2.75,94.1,178.0,87.9,13.5,259.0,6.7,1.45
138622,0.0,18,1.53,92.7,178.0,87.9,13.5,259.0,6.7,1.45
138623,0.0,10,4.0,92.7,178.0,87.9,13.5,259.0,6.7,1.45
138624,1.0,72,2.21,115.2,178.0,92.9,12.5,239.0,11.3,1.45
138625,0.0,29,2.5,65.9,178.0,90.5,13.1,239.0,6.0,0.15
138626,0.0,38,0.52,92.7,178.0,84.1,12.5,278.0,10.2,0.85
138627,0.0,21,0.79,93.0,165.0,83.4,13.2,283.0,9.9,0.87
138628,0.0,61,2.5,92.7,178.0,87.9,13.5,259.0,6.7,1.45
138629,0.0,19,0.99,81.8,140.0,81.5,12.8,197.0,4.0,3.81
138630,0.0,15,1.33,71.1,111.0,87.0,12.6,195.0,5.3,0.11
138631,1.0,66,5.0,93.8,156.0,93.0,13.0,220.0,11.1,0.56
138632,0.0,5,3.47,92.7,178.0,87.9,13.5,259.0,6.7,1.45
138633,0.0,18,1.96,97.4,240.0,76.4,15.0,283.0,6.3,2.73
138634,0.0,33,2.5,92.7,178.0,87.9,13.5,259.0,6.7,1.45
138635,0.0,17,2.5,77.8,195.0,77.2,15.4,248.0,4.9,0.98
138636,0.0,32,0.96,103.3,178.0,85.1,14.5,383.0,7.6,1.45
138637,0.0,38,2.5,78.0,219.0,88.2,14.6,371.0,8.5,0.47
138638,0.0,8,0.56,61.7,182.0,81.4,12.9,299.0,6.2,17.92
138639,0.0,51,5.0,111.6,200.0,88.5,13.1,245.0,12.0,4.31
138640,0.0,7,5.0,60.6,141.0,80.4,12.8,292.0,6.9,0.61
138641,0.0,44,5.0,101.5,180.0,86.6,13.1,266.0,6.7,0.97
138642,0.0,2,2.5,92.7,178.0,87.9,13.5,259.0,6.7,1.45
138643,0.0,66,1.42,92.7,178.0,87.9,13.5,259.0,6.7,1.45
138644,0.0,15,0.55,66.0,147.0,87.9,12.9,234.0,3.1,0.49
138645,0.0,8,2.61,92.7,178.0,87.9,13.5,259.0,6.7,1.45
138646,0.0,6,0.74,50.2,178.0,74.2,14.4,307.0,5.7,1.45
138647,0.0,66,3.57,111.3,218.0,92.1,13.6,235.0,5.7,1.2
138648,0.0,3,2.5,92.7,178.0,87.9,13.5,259.0,6.7,1.45
138649,0.0,10,0.95,66.5,178.0,87.9,13.5,259.0,6.7,1.45
138650,0.0,12,5.0,92.7,178.0,87.9,13.5,259.0,6.7,1.45
138651,0.0,58,5.0,97.3,227.0,90.5,12.5,210.0,6.9,0.92
138652,0.0,1,1.39,92.7,178.0,87.9,13.5,259.0,6.7,1.45
138653,0.0,27,2.5,92.7,178.0,87.9,13.5,259.0,6.7,1.45
138654,0.0,71,2.5,92.7,178.0,87.9,13.5,259.0,6.7,1.45
138655,0.0,8,0.02,71.8,178.0,83.5,13.0,240.0,12.4,1.45
138656,0.0,45,5.0,127.8,261.0,91.2,12.7,269.0,7.9,1.5
138657,0.0,9,1.26,57.0,178.0,87.9,13.5,259.0,6.7,1.45
138658,0.0,67,1.95,96.2,249.0,95.5,12.5,246.0,6.9,3.12
138659,0.0,80,3.38,109.4,129.0,85.2,12.8,171.0,5.2,1.9
138660,0.0,44,5.0,110.8,188.0,91.9,12.7,172.0,8.5,3.43
138661,0.0,41,2.5,92.7,178.0,87.9,13.5,259.0,6.7,1.45
138662,0.0,47,2.5,92.7,178.0,87.9,13.5,259.0,6.7,1.45
138663,0.0,2,1.09,92.7,178.0,87.9,13.5,259.0,6.7,1.45
138664,0.0,70,4.56,117.0,242.0,90.6,12.4,210.0,5.0,3.17
138665,0.0,7,2.5,52.8,129.0,78.1,13.7,343.0,7.8,0.18
138666,0.0,44,5.0,117.8,263.0,90.1,13.2,163.0,4.4,4.97
138667,0.0,16,2.5,67.9,178.0,87.9,13.5,259.0,6.7,1.45
138668,1.0,49,2.61,85.7,99.0,91.5,17.4,114.0,4.3,31.2
138669,0.0,39,2.5,92.7,178.0,87.9,13.5,259.0,6.7,1.45
138670,0.0,12,4.31,61.3,178.0,87.9,13.5,259.0,6.7,1.45
138671,0.0,48,5.0,94.5,235.0,92.8,14.8,188.0,6.9,7.86
138672,1.0,80,0.81,92.7,121.0,86.7,13.9,203.0,7.2,4.28
138673,0.0,80,1.16,90.0,183.0,94.8,13.8,238.0,4.5,1.17
138674,0.0,72,1.55,81.8,270.0,87.4,15.3,344.0,6.8,1.19
138675,1.0,76,2.5,105.9,131.0,93.9,14.5,209.0,4.6,0.36
138676,0.0,12,2.69,65.7,178.0,87.9,13.5,259.0,6.7,1.45
138677,0.0,52,5.0,92.7,178.0,87.9,13.5,259.0,6.7,1.45
138678,0.0,41,3.08,128.8,167.0,82.5,17.6,397.0,5.3,5.86
138679,0.0,26,3.15,70.6,146.0,85.4,13.3,201.0,3.1,1.47
138680,0.0,68,1.51,99.5,131.0,89.7,13.2,143.0,7.1,2.27
138681,0.0,70,1.4,101.3,182.0,93.2,14.5,183.0,5.0,1.48
138682,0.0,5,4.17,54.7,178.0,77.4,14.3,311.0,5.6,0.96
138683,0.0,39,5.0,99.4,162.0,74.0,15.7,230.0,4.6,1.12
138684,0.0,9,2.5,63.0,129.0,86.4,13.1,276.0,5.5,0.2
138685,0.0,1,3.58,92.7,178.0,82.9,15.8,409.0,8.6,1.45
138686,1.0,53,5.0,92.7,178.0,87.9,13.5,259.0,6.7,1.45
138687,0.0,12,3.92,76.5,126.0,78.9,14.1,268.0,5.6,0.59
138688,0.0,20,2.5,92.7,178.0,87.9,13.5,259.0,6.7,1.45
138689,0.0,47,5.0,117.8,262.0,86.7,13.5,227.0,8.1,3.93
138690,0.0,61,1.1,97.3,189.0,80.7,14.7,396.0,6.1,1.0
138691,0.0,30,5.0,92.7,178.0,87.9,13.5,259.0,6.7,1.45
138692,0.0,73,1.88,92.7,178.0,87.9,13.5,259.0,6.7,1.45
138693,0.0,18,4.12,92.7,178.0,87.9,13.5,259.0,6.7,1.45
138694,0.0,64,5.0,90.0,143.0,86.7,14.6,237.0,5.7,0.25
138695,0.0,39,0.58,127.4,140.0,87.7,13.8,140.0,6.9,2.38
138696,0.0,5,2.5,51.9,178.0,90.6,13.1,300.0,8.4,2.45
138697,0.0,41,1.49,91.6,285.0,83.7,13.4,250.0,10.1,15.06
138698,0.0,66,1.44,112.5,275.0,93.5,12.9,336.0,9.7,9.14
138700,0.0,39,5.0,92.7,178.0,87.9,13.5,259.0,6.7,1.45
138701,1.0,75,2.73,92.7,183.0,92.3,13.2,225.0,9.3,2.79
138702,0.0,61,5.0,95.7,178.0,87.9,13.5,259.0,6.7,1.45
138703,0.0,53,3.47,92.7,213.0,88.6,13.2,311.0,4.9,1.77
138704,0.0,49,3.42,92.7,178.0,87.9,13.5,259.0,6.7,1.45
138705,0.0,15,2.1,69.4,123.0,88.3,13.3,317.0,6.8,0.45
138706,0.0,61,2.5,92.7,178.0,87.9,13.5,259.0,6.7,1.45
138707,0.0,17,2.5,74.5,178.0,87.9,13.5,259.0,6.7,1.45
138708,0.0,50,5.0,126.7,197.0,83.6,14.7,343.0,9.5,19.1
138709,0.0,11,3.4,68.5,153.0,87.6,14.1,243.0,6.3,0.11
138710,0.0,5,2.5,66.0,178.0,87.9,13.5,259.0,6.7,1.45
138711,0.0,25,1.95,97.4,166.0,89.5,12.9,235.0,10.2,0.59
138712,0.0,69,2.5,91.3,163.0,92.2,14.0,180.0,5.9,0.58
138713,0.0,58,0.7,88.6,162.0,92.0,14.0,195.0,8.5,3.64
138714,0.0,80,2.38,96.6,250.0,98.6,13.2,294.0,6.4,0.63
138715,0.0,13,2.83,79.3,187.0,76.0,17.6,526.0,7.1,0.29
138716,0.0,63,5.0,96.4,178.0,86.8,13.9,225.0,3.5,0.26
138717,1.0,72,4.02,118.0,198.0,88.5,13.7,239.0,4.6,1.64
138718,0.0,51,0.74,109.7,202.0,100.1,12.6,225.0,7.2,1.68
138719,0.0,32,0.0,94.5,268.0,84.3,13.2,226.0,4.2,0.9
138720,0.0,65,5.0,82.7,303.0,95.4,12.5,248.0,7.7,5.9
138721,0.0,64,2.34,92.7,178.0,87.9,13.5,259.0,6.7,1.45
138722,0.0,63,4.46,103.4,145.0,86.5,13.1,187.0,6.1,1.68
138723,0.0,18,2.87,109.1,210.0,85.6,13.2,332.0,9.4,7.05
138724,0.0,80,0.68,121.1,123.0,99.3,15.0,176.0,7.3,0.44
138725,0.0,28,5.0,87.7,215.0,89.7,13.6,245.0,7.4,0.84
138726,0.0,30,2.11,92.7,178.0,87.9,13.5,259.0,6.7,1.45
138727,1.0,73,5.0,86.5,173.0,88.8,13.2,188.0,4.5,0.56
138728,1.0,45,1.47,92.7,200.0,88.7,14.1,340.0,10.1,7.64
138729,0.0,17,3.6,108.4,119.0,88.1,12.9,310.0,9.9,4.83
138730,0.0,24,3.62,71.5,179.0,69.9,14.8,281.0,4.5,0.63
138731,0.0,43,4.42,107.4,181.0,83.3,13.3,318.0,8.5,8.48
138732,1.0,68,2.5,106.2,125.0,91.5,15.7,165.0,4.1,0.43
138733,0.0,16,0.74,90.1,155.0,90.0,12.7,265.0,5.7,3.15
138734,0.0,80,0.19,92.4,189.0,83.7,15.2,256.0,5.0,0.87
138735,0.0,57,1.14,93.5,178.0,87.9,13.5,259.0,6.7,1.45
138736,0.0,61,1.83,81.6,189.0,86.1,14.7,332.0,7.8,1.2
138737,0.0,60,5.0,92.7,178.0,87.9,13.5,259.0,6.7,1.45
138738,0.0,73,5.0,86.4,160.0,94.1,13.2,167.0,4.8,0.71
138739,0.0,68,5.0,106.9,244.0,91.7,13.0,303.0,5.4,0.65
138740,0.0,30,4.64,93.9,207.0,86.9,13.9,292.0,12.2,17.85
138741,0.0,64,5.0,92.7,178.0,87.9,13.5,259.0,6.7,1.45
138742,0.0,3,2.5,58.6,178.0,87.9,13.5,259.0,6.7,1.45
138743,0.0,43,2.5,110.2,172.0,65.7,18.2,252.0,6.4,4.3
138744,0.0,27,5.0,68.3,172.0,90.7,12.5,259.0,6.9,0.32
138745,0.0,35,2.5,88.8,136.0,84.8,13.7,305.0,5.4,0.34
138746,0.0,23,0.88,92.7,178.0,87.9,13.5,259.0,6.7,1.45
138747,0.0,54,2.5,92.7,178.0,87.9,13.5,259.0,6.7,1.45
138748,1.0,80,2.11,97.5,252.0,88.3,14.3,122.0,4.2,1.66
138749,0.0,40,5.0,76.4,142.0,93.5,13.1,211.0,5.4,0.91
138750,0.0,33,2.5,122.1,172.0,90.1,13.2,345.0,4.9,6.12
138751,0.0,62,1.31,101.9,224.0,85.8,13.6,787.0,10.1,0.95
138752,0.0,40,2.5,85.0,149.0,86.4,11.7,291.0,7.3,0.73
138753,0.0,7,1.85,51.1,178.0,87.9,13.5,259.0,6.7,1.45
138754,0.0,8,2.5,92.7,178.0,87.9,13.5,259.0,6.7,1.45
138755,1.0,80,1.29,109.5,147.0,86.0,15.9,129.0,8.1,0.8
138756,0.0,79,4.31,96.2,191.0,89.0,15.3,174.0,7.6,1.16
138757,0.0,40,4.37,83.1,126.0,91.3,12.8,240.0,5.8,0.47
138758,0.0,13,1.26,75.7,178.0,86.0,13.4,298.0,8.2,1.45
138759,0.0,16,2.16,84.6,162.0,85.1,12.8,267.0,8.8,0.41
138760,0.0,37,0.0,80.4,178.0,87.9,13.5,259.0,6.7,1.45
138761,0.0,36,5.0,83.1,174.0,90.4,12.6,248.0,4.9,0.55
138762,0.0,18,3.06,70.5,137.0,81.6,13.4,263.0,6.3,0.11
138763,0.0,21,2.15,89.0,248.0,94.8,13.5,218.0,6.0,1.21
138764,0.0,13,1.08,83.5,170.0,89.1,13.0,430.0,7.6,0.45
138765,0.0,55,1.4,105.1,398.0,92.3,14.5,193.0,6.0,3.13
138766,0.0,30,2.5,92.7,178.0,87.9,13.5,259.0,6.7,1.45
138767,0.0,3,0.92,55.8,178.0,87.9,13.5,259.0,6.7,1.45
138768,0.0,69,3.43,124.8,161.0,89.8,13.2,289.0,5.5,0.81
138769,0.0,15,2.5,93.4,178.0,87.9,13.5,259.0,6.7,1.45
138770,0.0,80,5.0,105.0,159.0,91.7,14.1,245.0,9.7,0.79
138771,0.0,3,2.5,55.2,178.0,73.1,15.5,414.0,13.9,1.75
138772,0.0,3,0.48,92.7,178.0,87.9,13.5,259.0,6.7,1.45
138773,0.0,3,2.7,49.5,178.0,87.9,13.5,259.0,6.7,1.45
138774,1.0,67,0.66,116.8,149.0,91.7,13.4,189.0,5.9,0.84
138775,0.0,55,3.28,96.5,200.0,90.0,12.7,169.0,7.8,5.39
138776,0.0,11,5.0,92.7,178.0,87.9,13.5,259.0,6.7,1.45
138777,0.0,12,1.17,95.9,159.0,85.5,13.1,300.0,8.4,4.87
138778,0.0,44,4.06,72.3,182.0,91.9,12.5,301.0,8.9,1.49
138779,0.0,4,0.8,92.7,178.0,87.9,13.5,259.0,6.7,1.45
138780,0.0,7,3.42,53.0,140.0,86.9,12.6,356.0,10.7,0.15
138781,0.0,19,2.16,86.9,192.0,85.1,13.1,264.0,5.8,2.26
138782,0.0,3,0.43,46.7,178.0,87.9,13.5,259.0,6.7,1.45
138783,0.0,56,2.48,136.5,259.0,85.4,17.1,197.0,8.1,1.16
138784,0.0,30,2.5,92.7,178.0,87.9,13.5,259.0,6.7,1.45
138785,1.0,64,0.97,124.3,182.0,82.8,15.8,258.0,5.7,1.38
138786,0.0,74,4.42,95.8,179.0,90.1,13.2,164.0,8.5,4.3
138787,1.0,76,2.5,92.7,178.0,87.9,13.5,259.0,6.7,1.45
138788,0.0,5,0.86,92.7,178.0,87.9,13.5,259.0,6.7,1.45
138789,0.0,18,0.37,92.7,178.0,87.9,13.5,259.0,6.7,1.45
138790,0.0,3,0.65,92.7,178.0,87.9,13.5,259.0,6.7,1.45
138791,0.0,39,1.46,128.4,155.0,82.6,14.7,459.0,10.8,78.6
138792,0.0,13,1.22,120.1,142.0,76.3,14.9,269.0,7.0,0.8
138793,0.0,49,1.71,106.1,206.0,91.0,13.0,218.0,6.5,2.11
138794,0.0,52,3.11,107.5,247.0,97.1,14.2,308.0,6.5,0.36
138795,1.0,68,5.0,86.4,178.0,87.8,13.6,191.0,6.6,1.45
138796,0.0,5,1.93,50.7,178.0,77.3,13.3,417.0,8.0,0.34
138797,0.0,5,1.89,54.4,178.0,83.4,14.5,390.0,4.0,0.61
138798,0.0,16,2.5,92.7,178.0,87.9,13.5,259.0,6.7,1.45
138799,0.0,7,1.71,53.8,178.0,87.9,13.5,259.0,6.7,1.45
138800,0.0,61,4.27,108.4,234.0,92.6,13.8,166.0,6.3,2.36
138801,0.0,44,2.5,110.6,186.0,79.3,12.9,256.0,4.8,1.99
138802,0.0,46,1.44,134.8,249.0,93.8,14.1,198.0,8.2,2.94
138803,0.0,61,5.0,109.4,314.0,94.1,12.6,317.0,10.0,2.76
138804,1.0,69,1.36,83.1,143.0,80.1,18.9,362.0,6.0,7.01
138805,1.0,77,0.68,90.9,141.0,97.2,14.9,182.0,4.6,59.19
138806,0.0,47,3.47,75.8,226.0,89.3,13.6,345.0,7.8,1.79
138807,0.0,22,3.6,92.7,178.0,87.9,13.5,259.0,6.7,1.45
138808,0.0,41,2.78,122.6,216.0,67.9,18.6,401.0,7.5,2.38
138809,0.0,51,5.0,119.5,167.0,82.6,14.5,213.0,5.0,5.62
138810,0.0,58,1.46,125.9,160.0,88.8,16.0,210.0,5.9,3.29
138811,0.0,21,5.0,100.2,173.0,83.4,12.9,247.0,5.4,1.3
138812,0.0,64,5.0,99.5,230.0,88.4,13.3,191.0,5.8,3.87
138813,0.0,57,1.85,92.7,178.0,87.9,13.5,259.0,6.7,1.45
138814,0.0,68,2.5,96.2,220.0,88.3,13.1,281.0,7.0,1.28
138815,0.0,76,4.97,101.1,195.0,96.8,14.0,240.0,8.0,0.59
138816,0.0,55,0.24,102.5,247.0,93.2,13.4,300.0,5.6,7.53
138817,0.0,47,2.5,92.7,178.0,87.9,13.5,259.0,6.7,1.45
138818,0.0,58,2.5,115.7,178.0,91.4,13.4,219.0,9.5,1.45
138819,0.0,80,2.03,117.6,173.0,87.3,13.2,253.0,5.2,2.4
138820,0.0,4,3.02,50.6,178.0,87.9,13.5,259.0,6.7,1.45
138821,0.0,11,0.12,92.7,178.0,87.9,13.5,259.0,6.7,1.45
138822,0.0,54,3.3,92.7,178.0,87.9,13.5,259.0,6.7,1.45
138823,0.0,32,2.5,92.7,178.0,87.9,13.5,259.0,6.7,1.45
138824,0.0,72,0.82,91.5,127.0,82.0,16.8,191.0,6.1,3.82
138825,0.0,65,3.28,106.9,180.0,84.8,13.8,326.0,9.7,17.91
138826,0.0,13,5.0,65.4,139.0,84.0,12.5,259.0,5.5,0.11
138827,0.0,14,2.5,71.8,142.0,86.4,13.8,265.0,6.8,0.97
138828,0.0,27,2.28,125.6,192.0,79.5,15.2,470.0,17.7,5.97
138829,1.0,80,2.5,111.7,178.0,87.9,13.5,259.0,6.7,1.45
138830,0.0,72,2.39,74.9,284.0,89.1,14.4,267.0,5.3,0.52
138832,0.0,48,2.5,90.3,262.0,89.9,13.5,254.0,6.5,2.91
138833,0.0,21,5.0,112.6,265.0,90.4,13.4,229.0,9.7,4.48
138834,0.0,15,5.0,81.5,136.0,82.6,13.8,239.0,4.7,1.3
138835,0.0,61,3.04,92.7,178.0,87.9,13.5,259.0,6.7,1.45
138836,0.0,70,5.0,92.7,178.0,87.9,13.5,259.0,6.7,1.45
138837,0.0,59,2.5,90.3,156.0,88.6,13.9,301.0,8.6,1.29
138838,0.0,80,2.5,92.7,178.0,87.9,13.5,259.0,6.7,1.45
138839,0.0,80,4.8,76.3,145.0,86.5,15.8,238.0,8.4,0.51
138840,0.0,32,1.31,93.5,178.0,87.9,13.5,259.0,6.7,1.45
138841,0.0,35,4.78,92.7,214.0,84.9,13.7,343.0,8.1,5.73
138842,0.0,40,2.5,92.7,178.0,87.9,13.5,259.0,6.7,1.45
138843,0.0,16,1.24,69.5,126.0,87.1,12.5,235.0,7.2,1.82
138844,0.0,8,2.5,92.7,178.0,87.9,13.5,259.0,6.7,1.45
138845,0.0,34,2.01,112.5,206.0,89.4,13.5,249.0,8.0,1.47
138846,0.0,36,3.36,85.5,202.0,81.5,13.6,227.0,5.2,0.18
138847,1.0,80,1.53,84.5,135.0,93.8,14.2,189.0,6.0,1.62
138848,1.0,76,5.0,92.7,178.0,87.9,13.5,259.0,6.7,1.45
138849,0.0,5,2.16,92.7,178.0,87.9,13.5,259.0,6.7,1.45
138850,0.0,12,1.71,78.5,178.0,87.9,13.5,259.0,6.7,1.45
138851,1.0,66,2.5,92.7,178.0,87.9,13.5,259.0,6.7,1.45
138852,0.0,36,1.95,118.1,178.0,67.7,15.1,220.0,8.7,4.28
138853,0.0,80,2.61,107.2,263.0,75.5,15.4,177.0,6.6,1.18
138854,0.0,38,2.5,89.5,207.0,85.5,14.3,324.0,4.7,1.53
138855,1.0,52,5.0,88.0,128.0,85.2,13.1,271.0,4.0,6.09
138856,0.0,75,2.5,80.1,222.0,92.9,14.4,201.0,7.0,0.36
138857,1.0,67,5.0,100.9,178.0,87.9,13.5,259.0,6.7,1.45
138858,0.0,39,5.0,88.8,244.0,91.2,13.3,201.0,5.2,2.84
138859,0.0,28,0.74,84.0,166.0,71.6,18.0,388.0,6.9,19.45
138860,0.0,35,2.13,92.7,178.0,87.9,14.2,296.0,6.1,1.45
138861,1.0,51,1.54,92.7,178.0,87.9,13.5,259.0,6.7,1.45
138862,0.0,28,1.55,92.7,178.0,87.9,13.5,259.0,6.7,1.45
138863,0.0,18,4.53,76.0,178.0,87.9,13.5,259.0,6.7,1.45
138864,0.0,11,5.0,80.0,183.0,77.8,13.9,377.0,6.1,3.31
138865,0.0,25,0.84,90.3,178.0,87.9,13.5,259.0,6.7,1.45
138866,0.0,78,5.0,92.7,178.0,87.9,13.5,259.0,6.7,1.45
138867,0.0,7,2.5,92.7,178.0,87.9,13.5,259.0,6.7,1.45
138868,0.0,26,5.0,145.6,176.0,80.9,12.5,342.0,7.3,4.21
138869,0.0,31,2.5,92.7,178.0,87.9,13.5,259.0,6.7,1.45
138870,0.0,16,1.17,105.4,149.0,87.2,12.0,274.0,8.2,3.22
138871,1.0,45,2.94,115.5,274.0,83.5,13.7,214.0,7.2,6.08
138872,0.0,60,5.0,99.8,216.0,91.8,13.3,203.0,5.3,1.6
138873,0.0,40,0.59,100.9,405.0,89.0,14.0,377.0,7.1,4.33
138874,1.0,80,2.5,92.7,178.0,87.9,13.5,259.0,6.7,1.45
138875,0.0,30,5.0,100.0,152.0,89.5,12.8,262.0,6.0,3.99
138876,0.0,60,2.5,92.7,178.0,87.9,13.5,259.0,6.7,1.45
138877,0.0,61,2.5,114.7,172.0,91.0,14.4,382.0,8.3,8.41
138878,0.0,23,2.19,73.5,171.0,92.4,12.7,346.0,11.4,0.55
138879,0.0,46,2.5,122.9,165.0,84.8,14.6,274.0,3.9,2.16
138880,0.0,61,5.0,84.0,191.0,95.3,13.3,288.0,3.9,1.11
138881,1.0,74,0.7,92.7,178.0,87.9,13.5,259.0,6.7,1.45
138882,0.0,28,5.0,88.7,164.0,88.2,12.3,299.0,8.4,2.08
138883,0.0,40,4.97,125.4,187.0,80.3,15.6,437.0,7.9,32.45
138884,0.0,64,2.5,92.7,165.0,85.0,14.2,471.0,6.0,4.15
138885,0.0,69,5.0,92.7,178.0,87.9,13.5,259.0,6.7,1.45
138886,1.0,66,5.0,92.7,178.0,87.9,13.5,259.0,6.7,1.45
138887,0.0,61,3.99,92.7,178.0,87.9,13.5,259.0,6.7,1.45
138888,0.0,66,1.64,103.4,182.0,85.7,16.6,430.0,5.8,47.02
138889,0.0,75,5.0,94.2,165.0,90.7,13.9,163.0,5.6,0.18
138890,0.0,64,0.05,86.0,202.0,91.0,13.8,184.0,5.7,0.79
138891,0.0,42,1.52,124.7,178.0,87.9,13.5,259.0,6.7,1.45
138892,0.0,11,2.82,81.3,151.0,84.5,13.3,419.0,7.5,1.53
138893,0.0,39,5.0,100.8,203.0,81.9,13.4,207.0,4.4,0.74
138894,0.0,80,5.0,98.5,142.0,89.4,14.0,172.0,5.3,0.75
138895,0.0,18,2.39,119.9,157.0,85.5,15.7,334.0,10.0,16.87
138896,0.0,67,2.54,90.6,165.0,91.5,15.7,228.0,4.7,0.94
138897,0.0,28,5.0,113.7,182.0,84.3,13.7,355.0,9.7,48.87
138898,0.0,57,0.48,92.7,178.0,87.9,13.5,259.0,6.7,1.45
138899,0.0,14,2.0,114.5,121.0,80.5,13.6,247.0,3.1,4.11
138900,0.0,5,2.85,57.2,178.0,81.9,14.0,310.0,12.0,0.45
138901,1.0,69,0.58,91.0,178.0,82.4,17.6,373.0,4.2,1.45
138902,0.0,67,2.5,108.6,204.0,91.5,13.9,205.0,4.8,1.79
138903,0.0,66,0.7,106.2,178.0,87.9,13.5,259.0,6.7,1.45
138904,0.0,12,1.21,92.7,178.0,87.9,13.5,259.0,6.7,1.45
138905,0.0,71,0.91,87.1,178.0,91.7,14.2,165.0,5.0,1.45
138906,0.0,8,1.32,84.3,178.0,83.9,13.0,429.0,9.9,1.65
138907,0.0,30,5.0,80.6,146.0,91.5,13.2,192.0,6.3,0.18
138908,0.0,80,2.5,92.7,178.0,87.9,13.5,259.0,6.7,1.45
138909,0.0,46,2.05,92.7,178.0,87.9,13.5,259.0,6.7,1.45
138910,0.0,76,3.8,87.2,321.0,96.8,13.1,185.0,6.4,1.64
138911,0.0,10,5.0,55.6,178.0,87.9,13.5,259.0,6.7,1.45
138912,0.0,65,5.0,111.1,178.0,87.4,15.0,170.0,5.9,1.23
138913,0.0,31,2.5,97.5,211.0,95.4,13.7,460.0,9.2,0.22
138914,0.0,16,3.33,100.0,109.0,77.8,16.5,288.0,7.2,1.7
138915,0.0,45,2.5,92.2,229.0,91.4,14.3,315.0,4.0,1.0
138916,0.0,28,4.43,88.8,199.0,90.3,12.0,264.0,6.9,1.12
138917,0.0,29,2.5,92.7,178.0,87.9,13.5,259.0,6.7,1.45
138918,0.0,80,3.29,112.4,273.0,91.5,15.9,272.0,8.3,0.37
138919,0.0,80,2.5,92.7,178.0,87.9,13.5,259.0,6.7,1.45
138920,0.0,15,3.82,73.0,178.0,87.9,13.5,259.0,6.7,1.45
138921,0.0,68,5.0,88.5,164.0,87.3,13.8,294.0,5.4,2.92
138922,0.0,16,3.23,73.5,178.0,88.5,13.9,231.0,5.5,1.45
138923,0.0,17,3.08,82.4,178.0,90.3,12.8,266.0,5.5,0.63
138924,0.0,17,2.5,92.7,178.0,87.9,13.5,259.0,6.7,1.45
138925,0.0,17,1.99,92.7,178.0,87.9,13.5,259.0,6.7,1.45
138926,1.0,64,4.34,96.0,133.0,84.3,14.1,332.0,5.5,1.34
138927,0.0,10,2.28,66.5,176.0,83.3,13.2,309.0,6.0,0.11
138928,0.0,72,2.5,87.5,232.0,93.7,12.4,253.0,5.1,0.57
138929,0.0,80,2.5,81.2,215.0,91.6,13.8,190.0,6.1,0.49
138930,0.0,28,4.27,122.3,233.0,83.6,13.3,331.0,11.8,7.77
138931,0.0,18,2.06,107.7,132.0,92.9,13.4,366.0,9.0,4.05
138932,0.0,35,1.44,92.7,178.0,87.9,13.5,259.0,6.7,1.45
138933,0.0,12,1.41,92.7,178.0,87.9,13.5,259.0,6.7,1.45
138934,0.0,43,4.31,92.7,178.0,87.9,13.5,259.0,6.7,1.45
138935,1.0,54,2.43,111.3,178.0,99.4,14.8,163.0,11.5,1.97
138936,0.0,21,1.89,115.4,178.0,87.9,13.5,259.0,6.7,1.45
138937,0.0,80,1.53,88.8,177.0,92.1,20.9,220.0,8.2,0.3
138938,0.0,75,2.18,92.7,178.0,87.9,13.5,259.0,6.7,1.45
138939,0.0,73,1.03,118.9,126.0,92.0,13.5,199.0,6.6,5.45
138940,0.0,22,2.5,84.0,155.0,80.9,13.5,244.0,5.5,4.12
138941,0.0,71,4.64,94.7,151.0,89.0,13.5,217.0,6.5,2.14
138942,0.0,38,0.06,88.5,142.0,86.2,14.1,227.0,6.1,9.6
138943,1.0,62,0.98,111.7,224.0,94.4,14.0,262.0,7.8,1.56
138944,0.0,11,1.58,69.6,169.0,83.0,13.2,290.0,6.4,0.18
138945,0.0,62,5.0,81.9,244.0,99.4,12.9,265.0,7.0,1.45
138946,0.0,70,4.01,96.4,180.0,88.3,13.1,240.0,6.8,0.66
138947,0.0,38,5.0,105.0,185.0,86.5,12.9,150.0,7.5,2.94
138948,0.0,9,0.35,52.0,178.0,83.5,12.8,420.0,7.4,1.45
138949,0.0,51,5.0,138.1,205.0,87.1,13.9,258.0,6.0,17.79
138950,0.0,51,2.5,128.9,277.0,88.9,14.0,442.0,8.2,1.28
138951,0.0,80,3.92,92.1,178.0,87.9,13.5,259.0,6.7,1.45
138952,0.0,5,1.0,92.7,178.0,87.9,13.5,259.0,6.7,1.45
138953,0.0,67,4.06,88.1,219.0,91.8,14.1,318.0,4.8,1.96
138954,0.0,10,1.61,83.6,140.0,87.4,13.6,341.0,4.9,4.31
138955,0.0,57,1.66,118.9,157.0,92.2,13.2,108.0,5.1,0.35
138956,0.0,39,0.65,82.0,206.0,96.2,12.5,211.0,5.8,1.64
138957,0.0,10,5.0,92.7,178.0,87.9,13.5,259.0,6.7,1.45
138958,0.0,4,2.7,50.1,178.0,87.9,13.5,259.0,6.7,1.45
138959,0.0,37,3.84,100.2,264.0,97.3,12.7,237.0,11.3,3.53
138960,0.0,76,2.46,100.5,176.0,89.8,14.0,200.0,3.8,0.66
138961,0.0,1,4.13,92.7,178.0,87.9,13.5,259.0,6.7,1.45
138962,0.0,80,0.82,87.9,129.0,84.4,13.6,209.0,6.6,0.55
138963,0.0,59,5.0,82.8,236.0,84.0,13.8,301.0,7.9,0.79
138964,0.0,22,3.02,69.2,132.0,88.3,13.3,188.0,6.3,0.68
138965,0.0,54,5.0,88.8,236.0,86.1,14.1,291.0,5.4,5.12
138966,0.0,80,2.5,92.7,178.0,87.9,13.5,259.0,6.7,1.45
138967,0.0,68,3.43,100.3,205.0,89.0,13.9,207.0,6.4,1.84
138968,1.0,79,0.68,108.7,96.0,85.8,15.7,159.0,4.1,3.38
138969,0.0,29,5.0,81.9,230.0,91.6,13.0,311.0,6.7,0.69
138970,0.0,17,0.71,92.7,163.0,76.4,19.0,254.0,8.9,3.51
138971,0.0,37,5.0,99.2,203.0,76.1,14.0,238.0,5.5,5.3
138972,1.0,77,4.92,105.3,189.0,99.7,16.4,391.0,8.2,11.99
138973,0.0,29,1.47,131.0,154.0,91.3,12.1,248.0,7.0,1.63
138974,0.0,9,0.66,59.6,184.0,85.3,13.0,314.0,7.6,3.22
138975,0.0,5,1.91,49.0,178.0,83.0,13.0,300.0,5.1,0.16
138976,0.0,36,2.5,92.7,178.0,87.9,13.5,259.0,6.7,1.45
138977,0.0,3,0.32,48.5,178.0,79.0,13.5,369.0,8.4,0.46
138978,0.0,75,3.88,94.5,153.0,85.6,14.9,286.0,7.2,3.78
138979,0.0,67,3.04,92.7,178.0,87.9,13.5,259.0,6.7,1.45
138980,0.0,11,5.0,63.8,179.0,80.8,14.3,271.0,7.4,0.11
138981,0.0,59,5.0,92.7,178.0,87.9,13.5,259.0,6.7,1.45
138982,0.0,80,5.0,92.7,178.0,87.9,13.5,259.0,6.7,1.45
138983,0.0,25,3.04,76.2,200.0,88.7,13.8,279.0,5.2,0.81
138984,1.0,69,5.0,109.5,178.0,85.0,14.4,292.0,6.1,1.56
138985,0.0,77,1.18,83.1,226.0,89.3,14.5,371.0,5.1,0.74
138986,0.0,41,5.0,92.7,178.0,87.9,13.5,259.0,6.7,1.45
138987,0.0,33,1.37,92.7,178.0,87.9,13.5,259.0,6.7,1.45
138988,0.0,4,5.0,92.7,178.0,87.9,13.5,259.0,6.7,1.45
138989,0.0,79,2.58,120.2,191.0,88.1,14.6,222.0,9.4,3.58
138990,0.0,59,0.0,81.6,174.0,94.1,12.6,126.0,5.1,1.42
138991,0.0,18,0.0,92.7,178.0,87.9,13.5,259.0,6.7,1.45
138992,0.0,4,0.76,92.7,178.0,87.9,13.5,259.0,6.7,1.45
138993,0.0,15,2.5,104.0,134.0,81.0,14.2,432.0,9.6,1.34
138994,0.0,5,1.42,56.9,178.0,79.8,12.8,493.0,16.5,1.4
138995,0.0,8,2.5,92.7,178.0,87.9,13.5,259.0,6.7,1.45
138996,0.0,26,0.88,84.4,178.0,90.5,13.1,265.0,7.8,1.45
138997,0.0,12,2.5,63.2,183.0,88.5,13.1,295.0,4.1,0.51
138998,0.0,71,3.99,109.0,184.0,89.6,15.2,261.0,4.9,6.19
138999,0.0,72,5.0,132.7,156.0,90.0,13.7,239.0,4.8,1.29
139000,0.0,71,3.42,92.7,178.0,87.9,13.5,259.0,6.7,1.45
139001,0.0,64,0.52,67.0,238.0,90.0,13.2,560.0,13.6,1.18
139002,1.0,80,5.0,92.7,178.0,87.9,13.5,259.0,6.7,1.45
139003,0.0,18,3.06,134.4,165.0,82.7,14.8,243.0,8.7,8.51
139004,1.0,59,1.78,73.7,178.0,77.9,14.7,204.0,5.8,0.5
139005,0.0,18,5.0,92.7,178.0,87.9,13.5,259.0,6.7,1.45
139006,0.0,2,2.5,92.7,178.0,77.5,12.7,257.0,6.0,1.45
139007,0.0,1,2.5,92.7,178.0,76.7,14.2,286.0,4.7,1.45
139008,0.0,65,1.71,92.7,115.0,83.8,16.8,168.0,5.6,6.61
139009,1.0,80,5.0,98.3,138.0,95.5,13.8,170.0,7.0,1.09
139010,0.0,53,5.0,112.0,199.0,92.5,13.3,271.0,9.4,4.71
139011,0.0,26,2.5,92.7,63.0,91.5,13.2,241.0,6.6,0.44
139012,0.0,14,2.5,92.7,178.0,87.9,13.5,259.0,6.7,1.45
139013,0.0,22,5.0,100.5,192.0,90.1,12.5,278.0,8.8,4.79
139014,0.0,19,0.03,79.0,120.0,86.2,13.1,234.0,5.9,0.3
139015,0.0,12,0.69,79.2,164.0,86.1,12.8,289.0,10.2,1.48
139016,0.0,51,2.71,98.5,173.0,87.2,13.7,276.0,7.0,1.32
139017,0.0,17,0.35,77.4,152.0,90.2,13.5,225.0,5.9,0.68
139018,0.0,19,1.69,70.4,178.0,76.4,16.3,331.0,6.8,1.45
139019,0.0,47,5.0,94.2,150.0,87.0,14.9,337.0,11.2,1.64
139020,0.0,12,5.0,85.7,118.0,86.7,12.9,242.0,5.9,0.67
139021,0.0,11,1.04,90.3,143.0,88.8,14.0,243.0,8.0,0.39
139022,0.0,14,0.43,92.7,178.0,87.9,13.5,259.0,6.7,1.45
139023,0.0,5,3.82,46.0,178.0,85.2,12.4,269.0,8.5,1.46
139024,0.0,40,2.74,85.2,241.0,87.4,12.6,333.0,8.8,0.69
139025,0.0,57,2.5,92.7,178.0,87.9,13.5,259.0,6.7,1.45
139026,1.0,67,2.87,136.0,188.0,84.6,13.7,262.0,6.7,10.0
139027,0.0,76,4.78,133.2,178.0,96.8,14.8,198.0,7.5,1.45
139028,0.0,48,5.0,92.7,178.0,87.9,13.5,259.0,6.7,1.45
139029,1.0,67,3.26,91.0,139.0,89.7,13.8,306.0,7.0,0.25
139030,0.0,33,4.32,92.7,178.0,87.9,13.5,259.0,6.7,1.45
139031,0.0,14,5.0,92.7,178.0,87.9,13.5,259.0,6.7,1.45
139032,0.0,27,3.8,92.7,178.0,87.9,13.5,259.0,6.7,1.45
139033,0.0,78,4.88,111.7,163.0,91.3,14.7,233.0,4.4,2.32
139034,0.0,5,1.04,51.5,178.0,87.9,13.5,259.0,6.7,1.45
139035,0.0,7,0.0,55.0,190.0,84.5,13.1,327.0,5.1,0.11
139036,0.0,72,2.5,92.7,248.0,91.8,13.2,348.0,8.5,1.27
139037,0.0,76,2.03,79.5,208.0,91.3,13.6,208.0,6.1,1.94
139038,0.0,37,1.8,110.5,184.0,82.6,13.5,253.0,5.9,1.94
139039,0.0,71,3.11,92.7,178.0,87.9,13.5,259.0,6.7,1.45
139040,0.0,17,3.8,104.2,104.0,89.9,13.6,191.0,7.8,0.85
139041,0.0,46,0.69,92.7,178.0,87.9,13.5,259.0,6.7,1.45
139042,0.0,34,1.25,72.1,178.0,99.0,13.4,251.0,4.7,0.11
139043,0.0,32,2.15,92.7,178.0,87.9,13.5,259.0,6.7,1.45
139044,0.0,66,2.53,108.6,260.0,92.8,14.3,299.0,9.9,6.49
139045,0.0,24,2.5,92.7,178.0,87.9,13.5,259.0,6.7,1.45
139046,0.0,73,2.74,80.4,190.0,89.1,12.9,216.0,5.1,0.48
139047,0.0,35,2.29,79.5,193.0,96.9,13.0,258.0,8.7,3.17
139048,0.0,65,1.64,99.8,209.0,104.0,14.6,241.0,5.3,17.76
139049,0.0,19,2.92,81.3,188.0,85.9,14.4,331.0,6.3,2.53
139050,0.0,73,4.66,125.9,190.0,93.9,13.4,199.0,7.9,3.46
139051,0.0,6,4.5,92.7,178.0,87.9,13.5,259.0,6.7,1.45
139052,0.0,26,1.89,92.7,178.0,87.9,13.5,259.0,6.7,1.45
139053,0.0,61,2.21,92.7,178.0,87.9,13.5,259.0,6.7,1.45
139054,0.0,74,1.26,92.7,178.0,87.9,13.5,259.0,6.7,1.45
139055,0.0,5,1.14,52.5,178.0,81.9,13.2,344.0,8.5,1.45
139056,0.0,36,4.56,92.7,178.0,87.9,13.5,259.0,6.7,1.45
139057,0.0,58,5.0,92.7,178.0,87.9,13.5,259.0,6.7,1.45
139058,0.0,21,1.77,92.7,178.0,87.9,13.5,259.0,6.7,1.45
139059,0.0,74,1.37,92.7,178.0,87.9,13.5,259.0,6.7,1.45
139060,0.0,30,0.5,92.7,178.0,87.9,13.5,259.0,6.7,1.45
139061,0.0,57,0.79,86.4,287.0,93.2,12.9,193.0,6.4,0.67
139062,0.0,41,4.93,106.7,151.0,79.5,16.1,364.0,7.3,14.44
139063,0.0,80,2.5,92.7,178.0,87.9,13.5,259.0,6.7,1.45
139064,0.0,8,2.5,58.4,178.0,87.9,13.5,259.0,6.7,1.45
139065,0.0,56,3.3,92.7,178.0,87.9,13.5,259.0,6.7,1.45
139066,1.0,63,2.5,99.5,279.0,91.6,13.8,258.0,8.2,3.42
139067,1.0,80,2.5,76.5,132.0,88.2,14.9,250.0,5.9,0.59
139068,0.0,12,5.0,75.0,181.0,85.6,12.1,290.0,6.8,0.33
139069,0.0,20,2.57,92.7,178.0,87.9,13.5,259.0,6.7,1.45
139070,0.0,7,2.82,92.7,178.0,87.9,13.5,259.0,6.7,1.45
139071,0.0,3,3.89,48.4,178.0,87.9,13.5,259.0,6.7,1.45
139072,0.0,72,5.0,102.1,132.0,100.9,15.4,220.0,4.4,3.22
139073,1.0,66,1.62,92.7,120.0,90.4,14.8,135.0,3.8,4.93
139074,0.0,34,2.05,111.6,177.0,87.7,12.6,272.0,8.5,5.64
139075,0.0,2,1.07,92.7,178.0,87.9,13.5,259.0,6.7,1.45
139076,0.0,18,0.08,83.5,165.0,79.8,13.0,254.0,5.5,14.32
139077,0.0,53,1.52,93.4,150.0,92.2,12.5,168.0,8.3,1.28
139078,0.0,25,2.5,80.4,162.0,87.6,13.5,259.0,8.9,1.73
139079,0.0,43,1.06,90.5,150.0,89.8,13.9,287.0,6.7,1.5
139081,0.0,39,0.16,123.1,165.0,88.4,13.9,339.0,12.3,18.94
139082,0.0,44,2.01,106.0,178.0,95.5,13.2,285.0,15.8,1.45
139083,0.0,4,2.5,92.7,178.0,87.9,13.5,259.0,6.7,1.45
139084,0.0,60,0.19,117.5,178.0,87.9,13.5,259.0,6.7,1.45
139085,0.0,62,5.0,102.3,91.0,93.2,13.2,155.0,5.0,0.64
139086,0.0,27,0.79,92.7,178.0,87.9,13.5,259.0,6.7,1.45
139087,0.0,5,4.32,51.2,178.0,87.9,13.5,259.0,6.7,1.45
139088,0.0,67,2.5,116.1,208.0,90.2,13.7,252.0,9.1,7.49
139089,0.0,52,5.0,111.7,134.0,84.9,13.8,172.0,9.4,1.72
139090,0.0,57,5.0,104.9,297.0,84.3,12.9,206.0,7.5,9.71
139092,0.0,12,5.0,69.0,172.0,91.6,12.8,321.0,7.3,0.11
139093,0.0,61,3.62,116.1,236.0,81.4,15.0,284.0,7.4,10.75
139094,0.0,51,1.05,91.3,303.0,87.2,13.1,201.0,6.6,5.39
139095,0.0,2,2.92,92.7,178.0,87.9,13.5,259.0,6.7,1.45
139096,0.0,45,5.0,93.0,212.0,85.1,13.5,217.0,6.4,0.92
139097,0.0,57,2.4,91.9,218.0,91.2,13.1,296.0,6.7,0.64
139098,0.0,5,5.0,57.5,178.0,59.6,14.7,288.0,6.9,0.11
139099,0.0,1,2.5,92.7,178.0,87.9,13.5,259.0,6.7,1.45
139100,0.0,28,0.91,117.0,171.0,94.4,12.8,419.0,6.5,1.83
139101,0.0,10,1.34,92.7,178.0,87.9,13.5,259.0,6.7,1.45
139102,1.0,72,4.1,128.7,119.0,80.3,15.2,163.0,4.9,0.99
139103,0.0,27,2.74,92.7,178.0,87.9,13.5,259.0,6.7,1.45
139104,0.0,61,3.77,115.5,141.0,90.4,14.5,245.0,8.1,2.52
139105,0.0,1,5.0,92.7,178.0,87.9,13.5,259.0,6.7,1.45
139106,0.0,12,0.57,117.3,139.0,69.5,15.9,434.0,10.5,13.32
139107,0.0,17,2.89,92.7,178.0,87.9,13.5,259.0,6.7,1.45
139108,0.0,33,2.65,92.7,178.0,87.9,13.5,259.0,6.7,1.45
139109,0.0,73,1.32,92.7,178.0,87.9,13.5,259.0,6.7,1.45
139110,0.0,4,1.07,51.1,178.0,87.9,13.5,259.0,6.7,1.45
139111,0.0,23,0.27,79.4,162.0,87.4,13.9,204.0,6.6,2.32
139112,0.0,14,1.49,92.7,178.0,87.9,13.5,259.0,6.7,1.45
139113,0.0,80,2.5,92.7,178.0,87.9,13.5,259.0,6.7,1.45
139114,0.0,14,0.79,108.7,151.0,77.1,14.4,308.0,10.6,6.28
139115,1.0,80,2.5,110.9,178.0,87.3,15.8,145.0,7.7,1.45
139116,0.0,73,2.58,92.7,178.0,87.9,13.5,259.0,6.7,1.45
139117,1.0,72,2.17,118.9,135.0,82.3,15.5,61.0,4.2,5.97
139118,0.0,65,4.34,94.3,203.0,71.1,15.6,270.0,8.1,0.57
139119,0.0,28,2.06,91.9,150.0,93.5,13.2,171.0,5.1,0.41
139120,0.0,34,5.0,99.6,178.0,90.7,12.7,263.0,6.5,1.45
139121,0.0,24,2.7,94.9,116.0,85.8,13.3,212.0,5.6,1.09
139122,0.0,58,3.96,95.9,178.0,93.4,13.8,239.0,4.4,1.45
139123,0.0,41,5.0,101.4,185.0,88.8,12.9,224.0,4.7,1.3
139124,0.0,39,5.0,90.6,140.0,92.0,14.0,207.0,4.5,1.08
139125,0.0,43,2.5,95.9,284.0,90.2,13.8,180.0,6.9,1.18
139126,0.0,60,4.32,89.9,178.0,93.4,13.5,268.0,5.7,1.45
139127,0.0,4,0.32,48.2,178.0,87.9,13.5,259.0,6.7,1.45
139128,0.0,43,1.39,107.6,191.0,81.1,13.1,261.0,7.5,3.72
139129,0.0,68,5.0,101.7,257.0,93.5,12.8,179.0,3.6,1.28
139130,0.0,73,5.0,110.6,149.0,89.1,13.3,198.0,6.2,0.85
139131,0.0,28,2.78,92.7,178.0,87.9,13.5,259.0,6.7,1.45
139132,0.0,19,2.5,80.3,140.0,87.2,13.1,278.0,8.5,0.86
139133,0.0,65,2.5,114.0,165.0,84.1,15.2,269.0,6.1,4.7
139134,0.0,80,2.33,92.7,178.0,87.9,13.5,259.0,6.7,1.45
139135,0.0,7,2.77,92.7,178.0,87.9,13.5,259.0,6.7,1.45
139136,0.0,33,3.68,105.3,216.0,85.8,13.6,277.0,13.8,5.89
139137,0.0,15,0.09,92.7,178.0,87.9,13.5,259.0,6.7,1.45
139138,0.0,70,3.14,96.4,178.0,93.2,13.8,272.0,5.8,0.96
139139,0.0,49,3.6,132.5,195.0,91.4,13.2,262.0,7.2,1.15
139140,1.0,68,0.86,118.1,138.0,86.0,13.2,294.0,7.5,3.31
139141,0.0,75,4.37,116.0,169.0,90.6,13.7,257.0,8.8,2.95
139142,0.0,5,2.43,55.0,178.0,87.9,13.5,259.0,6.7,1.45
139143,0.0,7,1.85,62.7,178.0,87.9,13.5,259.0,6.7,1.45
139144,1.0,60,0.79,102.0,315.0,89.9,12.5,265.0,13.7,2.94
139145,0.0,42,3.04,76.8,187.0,88.9,15.5,211.0,4.6,0.18
139146,0.0,42,3.26,92.7,178.0,87.9,13.5,259.0,6.7,1.45
139147,0.0,14,1.8,109.1,138.0,86.8,13.1,334.0,5.3,0.69
139148,0.0,42,3.33,107.8,184.0,90.3,12.2,270.0,12.0,16.8
139149,0.0,65,2.29,115.5,167.0,93.1,14.0,331.0,6.9,8.13
139150,0.0,75,5.0,96.0,164.0,97.8,13.4,276.0,6.8,0.58
139151,0.0,24,1.07,92.7,178.0,87.9,13.5,259.0,6.7,1.45
139152,0.0,57,0.23,92.7,178.0,87.9,13.5,259.0,6.7,1.45
139153,0.0,24,1.84,144.7,193.0,85.0,13.6,269.0,4.9,7.92
139154,0.0,14,0.97,83.2,131.0,86.9,13.0,328.0,7.4,1.79
139155,0.0,9,5.0,92.7,178.0,87.9,13.5,259.0,6.7,1.45
139156,0.0,33,5.0,79.5,162.0,84.2,12.6,198.0,4.4,0.42
139157,0.0,22,2.3,78.4,163.0,88.0,13.3,315.0,7.8,4.0
139158,0.0,47,2.5,92.6,196.0,85.2,12.8,262.0,3.9,0.24
139159,0.0,70,5.0,113.9,268.0,88.1,13.9,271.0,7.7,11.03
139160,0.0,80,1.71,117.7,231.0,85.5,13.6,193.0,4.7,40.78
139161,0.0,64,2.39,98.1,227.0,88.4,14.2,398.0,9.5,2.79
139162,0.0,80,4.61,90.0,170.0,96.3,13.8,194.0,7.7,1.5
139163,0.0,75,5.0,123.8,178.0,82.4,14.3,216.0,5.5,1.45
139164,1.0,65,3.44,97.7,168.0,90.0,13.9,262.0,6.6,1.52
139165,0.0,40,2.5,92.7,178.0,87.9,13.5,259.0,6.7,1.45
139166,0.0,1,4.67,92.7,178.0,87.9,13.5,259.0,6.7,1.45
139167,0.0,7,2.42,61.4,122.0,82.0,13.4,276.0,4.7,1.73
139168,1.0,80,2.5,92.7,178.0,87.9,13.5,259.0,6.7,1.45
139169,0.0,15,4.12,72.0,153.0,86.7,13.3,275.0,7.4,0.21
139170,0.0,8,1.55,92.7,178.0,87.9,13.5,259.0,6.7,1.45
139171,1.0,60,2.06,132.3,310.0,85.7,16.6,404.0,9.1,6.05
139172,0.0,49,1.32,95.8,169.0,76.7,15.1,242.0,7.4,2.31
139173,0.0,65,1.58,106.4,178.0,88.3,13.9,291.0,7.9,5.57
139174,0.0,27,2.06,97.9,194.0,92.0,13.5,404.0,7.2,0.57
139175,0.0,2,2.5,92.7,178.0,87.9,13.5,259.0,6.7,1.45
139176,0.0,10,1.93,90.6,212.0,90.5,13.0,403.0,7.1,0.36
139177,0.0,63,2.5,92.7,178.0,87.9,13.5,259.0,6.7,1.45
139178,0.0,15,2.96,92.7,178.0,87.9,13.5,259.0,6.7,1.45
139179,0.0,18,0.72,103.4,186.0,85.9,12.8,267.0,7.5,2.59
139180,0.0,68,2.5,86.4,221.0,94.7,13.4,246.0,6.3,0.46
139181,0.0,27,2.39,79.6,160.0,89.7,12.6,190.0,6.2,0.41
139182,0.0,51,2.61,105.5,207.0,89.7,13.1,246.0,7.9,2.65
139183,0.0,12,0.7,71.8,154.0,60.3,19.4,278.0,4.9,0.35
139184,0.0,68,2.5,112.1,192.0,93.1,14.3,236.0,4.8,3.41
139185,0.0,4,5.0,52.2,178.0,73.7,13.4,360.0,8.3,0.42
139186,0.0,66,1.16,117.1,122.0,72.7,15.3,232.0,5.3,17.7
139187,0.0,16,2.88,71.2,178.0,90.3,12.6,398.0,11.0,1.31
139188,0.0,57,5.0,100.3,176.0,90.3,13.1,190.0,4.8,0.22
139189,0.0,8,1.75,75.7,178.0,87.9,13.5,259.0,6.7,1.45
139190,0.0,6,2.5,92.7,178.0,87.9,13.5,259.0,6.7,1.45
139191,0.0,8,4.5,92.7,178.0,87.9,13.5,259.0,6.7,1.45
139192,0.0,5,1.16,60.4,178.0,78.5,14.0,213.0,8.0,6.89
139193,1.0,72,0.77,92.7,120.0,89.6,13.7,167.0,8.2,9.18
139194,0.0,41,0.0,87.8,182.0,85.0,14.0,178.0,9.5,2.37
139195,0.0,63,3.75,105.4,176.0,89.0,13.9,211.0,4.8,3.2
139196,0.0,15,0.66,114.9,172.0,79.5,14.7,548.0,7.3,3.26
139197,0.0,74,5.0,111.3,177.0,97.3,13.1,215.0,6.3,1.17
139198,0.0,62,1.26,130.6,184.0,88.5,16.3,396.0,8.1,12.09
139199,0.0,71,1.69,92.7,178.0,87.9,13.5,259.0,6.7,1.45
139200,0.0,76,1.65,89.8,181.0,87.6,17.6,302.0,9.9,10.21
139201,0.0,48,2.5,135.0,157.0,81.3,14.6,486.0,12.4,32.56
139202,0.0,66,1.71,106.4,178.0,97.1,13.4,241.0,6.7,1.45
139203,1.0,70,2.76,115.7,150.0,84.7,22.9,224.0,5.9,4.02
139204,1.0,80,2.65,92.7,178.0,87.9,13.5,259.0,6.7,1.45
139205,0.0,70,5.0,82.2,178.0,87.9,13.5,259.0,6.7,1.45
139206,0.0,58,5.0,92.7,178.0,87.9,13.5,259.0,6.7,1.45
139207,0.0,21,1.47,92.7,178.0,87.9,13.5,259.0,6.7,1.45
139208,0.0,57,2.82,90.6,217.0,86.0,13.6,255.0,4.7,0.83
139209,0.0,41,2.74,98.0,213.0,90.2,12.9,270.0,9.9,2.11
139210,0.0,5,2.5,92.7,178.0,87.9,13.5,259.0,6.7,1.45
139211,0.0,33,4.56,74.0,143.0,86.4,12.6,201.0,3.4,0.35
139212,1.0,67,2.55,93.6,154.0,88.6,13.1,338.0,7.7,1.06
139213,0.0,40,3.9,105.0,227.0,87.4,13.7,191.0,4.5,13.19
139214,0.0,20,2.5,92.7,178.0,87.9,13.5,259.0,6.7,1.45
139215,0.0,13,0.96,71.8,121.0,86.1,12.7,282.0,8.2,0.94
139216,0.0,23,2.5,134.0,178.0,87.9,13.5,259.0,6.7,1.45
139217,0.0,27,0.85,92.7,178.0,87.9,13.5,259.0,6.7,1.45
139218,0.0,66,2.5,92.7,178.0,87.9,13.5,259.0,6.7,1.45
139219,0.0,9,1.34,63.2,175.0,81.2,13.4,387.0,8.6,0.72
139220,0.0,11,0.37,107.6,178.0,87.9,13.5,259.0,6.7,1.45
139221,0.0,68,1.46,83.9,213.0,86.8,14.2,211.0,4.1,8.41
139222,0.0,4,0.01,92.7,178.0,87.9,13.5,259.0,6.7,1.45
139223,0.0,54,5.0,151.1,192.0,87.4,13.6,290.0,9.6,9.5
139224,0.0,42,1.57,87.2,186.0,91.9,12.8,306.0,7.7,0.83
139225,0.0,64,5.0,90.0,279.0,87.1,13.2,194.0,5.6,1.18
139226,0.0,13,2.74,92.7,178.0,87.9,13.5,259.0,6.7,1.45
139227,0.0,43,0.77,112.0,188.0,86.1,14.2,206.0,7.3,6.93
139228,0.0,69,3.73,97.8,210.0,93.3,13.5,281.0,9.4,4.1
139229,0.0,48,5.0,68.0,242.0,96.0,13.0,199.0,2.4,0.2
139230,0.0,4,4.21,55.9,178.0,87.9,13.5,259.0,6.7,1.45
139231,0.0,30,2.5,120.9,178.0,87.9,13.5,259.0,6.7,1.45
139232,0.0,40,0.04,91.8,223.0,88.5,12.5,321.0,6.3,0.59
139233,0.0,14,0.52,73.5,133.0,80.2,15.7,344.0,8.5,1.0
139234,0.0,72,3.36,124.9,185.0,87.9,13.5,259.0,6.7,9.18
139235,0.0,27,5.0,117.1,182.0,89.9,12.3,315.0,11.4,1.8
139236,0.0,51,2.5,150.3,119.0,86.2,13.9,274.0,7.0,6.98
139237,0.0,51,2.94,101.7,223.0,88.1,14.0,322.0,3.5,2.07
139238,0.0,12,1.15,74.0,131.0,85.8,15.1,395.0,6.7,0.16
139239,0.0,29,2.5,107.9,161.0,90.3,13.2,206.0,6.2,0.6
139240,0.0,7,2.26,92.7,178.0,87.9,13.5,259.0,6.7,1.45
139241,0.0,10,0.55,66.3,143.0,57.6,15.4,374.0,6.4,1.43
139242,0.0,5,0.58,51.4,178.0,79.1,13.4,337.0,10.9,3.51
139243,0.0,7,2.83,53.3,183.0,88.5,12.5,389.0,6.1,0.26
139244,0.0,61,4.12,97.3,250.0,89.1,14.3,281.0,5.7,2.2
139245,0.0,18,1.92,92.7,178.0,87.9,13.5,259.0,6.7,1.45
139246,1.0,73,3.68,92.7,176.0,97.6,13.5,199.0,7.2,1.58
139247,0.0,9,2.5,66.3,169.0,78.7,13.4,304.0,4.8,0.42
139248,0.0,16,5.0,78.3,146.0,89.3,14.5,228.0,5.0,0.15
139249,0.0,74,5.0,89.3,135.0,88.5,12.2,298.0,7.0,0.41
139250,0.0,11,0.8,95.5,136.0,84.0,13.4,398.0,9.9,5.33
139251,0.0,12,0.33,91.5,192.0,75.3,14.6,263.0,8.1,2.13
139252,0.0,61,5.0,76.0,247.0,95.9,13.4,197.0,3.3,0.21
139253,0.0,49,1.62,78.8,244.0,73.3,14.2,254.0,6.4,0.2
139254,0.0,9,2.67,60.5,209.0,79.5,13.2,327.0,5.4,0.21
139255,0.0,79,2.5,92.7,178.0,87.9,13.5,259.0,6.7,1.45
139256,0.0,25,3.69,114.5,174.0,88.7,14.9,279.0,8.0,11.28
139257,0.0,16,1.85,79.8,134.0,88.1,12.8,296.0,10.2,0.43
139258,0.0,53,0.69,92.7,242.0,80.1,15.8,340.0,7.8,8.27
139259,1.0,73,3.08,105.0,172.0,94.4,13.2,287.0,5.2,0.85
139260,0.0,49,1.46,90.8,244.0,92.1,13.4,313.0,5.2,0.58
139261,0.0,76,1.51,102.5,178.0,93.6,13.1,226.0,5.4,1.19
139262,0.0,7,4.0,92.7,178.0,87.9,13.5,259.0,6.7,1.45
139263,0.0,5,2.05,50.6,178.0,76.4,13.7,696.0,6.9,0.66
139264,0.0,34,0.0,77.1,178.0,85.1,15.1,227.0,4.4,1.6
139265,0.0,44,2.08,114.4,163.0,80.9,14.1,343.0,6.8,8.59
139266,0.0,60,5.0,84.9,213.0,90.4,13.5,228.0,5.8,1.92
139267,0.0,20,3.06,92.7,178.0,87.9,13.5,259.0,6.7,1.45
139268,0.0,68,3.35,109.5,192.0,96.9,13.0,326.0,6.2,6.94
139269,0.0,61,3.46,92.6,203.0,86.5,14.5,156.0,4.5,0.35
139270,0.0,50,3.92,81.1,256.0,88.4,14.5,269.0,6.4,0.82
139271,0.0,51,5.0,92.7,178.0,87.9,13.5,259.0,6.7,1.45
139272,0.0,12,0.16,68.6,178.0,87.9,13.5,259.0,6.7,1.45
139273,0.0,30,2.5,92.7,178.0,87.9,13.5,259.0,6.7,1.45
139274,0.0,57,3.02,76.8,271.0,84.6,13.6,255.0,6.0,5.85
139275,0.0,45,2.5,92.7,178.0,87.9,13.5,259.0,6.7,1.45
139276,0.0,39,1.51,92.7,178.0,87.9,13.5,259.0,6.7,1.45
139278,0.0,27,2.5,92.7,178.0,87.9,13.5,259.0,6.7,1.45
139279,0.0,7,5.0,92.7,178.0,87.9,13.5,259.0,6.7,1.45
139280,0.0,40,2.96,92.7,178.0,87.9,13.5,259.0,6.7,1.45
139281,0.0,35,2.5,92.7,178.0,87.9,13.5,259.0,6.7,1.45
139282,0.0,12,1.07,92.7,178.0,87.9,13.5,259.0,6.7,1.45
139283,0.0,8,5.0,57.8,178.0,87.9,13.5,259.0,6.7,1.45
139284,0.0,15,5.0,92.7,178.0,87.9,13.5,259.0,6.7,1.45
139285,0.0,79,5.0,111.3,208.0,99.3,13.1,295.0,5.8,5.74
139286,0.0,4,0.5,47.7,178.0,87.9,13.5,259.0,6.7,1.45
139287,0.0,29,2.3,77.6,173.0,92.7,12.9,260.0,5.8,0.53
139288,0.0,44,2.13,124.0,195.0,80.9,14.3,184.0,7.6,18.36
139290,0.0,55,4.42,120.7,150.0,79.9,16.0,227.0,7.8,1.36
139291,0.0,11,2.5,61.2,178.0,87.9,13.5,259.0,6.7,1.45
139292,0.0,29,2.5,106.3,209.0,86.7,12.8,262.0,8.2,5.65
139293,0.0,1,5.0,92.7,178.0,87.9,13.5,259.0,6.7,1.45
139294,0.0,49,3.08,149.0,116.0,82.8,15.4,168.0,7.0,35.14
139295,0.0,1,2.88,92.7,178.0,87.9,13.5,259.0,6.7,1.45
139296,0.0,3,1.85,92.7,178.0,87.9,13.5,259.0,6.7,1.45
139297,0.0,79,3.28,95.7,276.0,94.8,12.9,354.0,6.6,1.09
139298,0.0,7,2.39,56.4,131.0,82.4,13.0,411.0,9.9,0.21
139299,0.0,25,3.46,92.7,178.0,87.9,13.5,259.0,6.7,1.45
139300,0.0,62,4.44,83.6,159.0,89.3,13.8,222.0,4.3,0.91
139301,0.0,80,5.0,92.4,203.0,94.4,13.2,304.0,6.4,1.21
139302,0.0,55,1.01,106.9,154.0,80.3,14.8,139.0,8.4,5.51
139303,0.0,35,2.5,94.5,211.0,83.6,14.4,335.0,7.5,7.38
139304,0.0,68,5.0,101.6,222.0,84.0,13.8,191.0,4.6,1.77
139305,0.0,59,0.66,100.7,138.0,86.9,15.2,178.0,10.3,2.03
139306,0.0,2,0.73,46.1,178.0,82.3,13.0,357.0,9.4,1.45
139307,0.0,14,0.99,92.7,178.0,87.9,13.5,259.0,6.7,1.45
139308,0.0,43,1.37,73.7,173.0,84.5,13.1,200.0,4.4,0.41
139309,0.0,70,0.96,110.1,192.0,93.5,13.0,277.0,7.5,2.07
139310,0.0,72,1.64,107.8,280.0,97.4,13.5,275.0,7.6,3.42
139311,0.0,17,3.69,68.6,159.0,86.7,13.1,213.0,4.8,0.11
139312,0.0,62,2.33,99.6,197.0,95.5,13.8,322.0,5.6,0.63
139314,0.0,53,1.25,91.3,143.0,86.6,13.5,202.0,5.4,0.73
139315,0.0,73,5.0,93.2,231.0,90.9,13.6,169.0,5.6,0.92
139316,0.0,2,2.16,92.7,178.0,87.9,13.5,259.0,6.7,1.45
139317,0.0,24,5.0,80.9,240.0,88.2,12.4,273.0,8.9,0.52
139318,0.0,6,0.3,50.7,178.0,87.9,13.5,259.0,6.7,1.45
139319,0.0,18,0.0,68.5,129.0,86.5,13.5,293.0,5.4,1.03
139320,0.0,11,1.41,62.5,135.0,82.6,15.2,246.0,2.9,0.11
139321,0.0,27,3.77,79.6,171.0,90.0,12.9,202.0,4.5,0.61
139322,0.0,46,5.0,123.7,193.0,92.2,13.4,265.0,6.9,3.81
139323,0.0,22,0.14,85.7,191.0,90.0,13.5,268.0,6.3,2.34
139324,0.0,4,1.85,92.7,178.0,87.9,13.5,259.0,6.7,1.45
139325,0.0,75,3.08,98.8,178.0,89.9,14.3,213.0,6.1,1.45
139326,0.0,24,1.77,105.4,155.0,90.2,13.1,268.0,9.5,2.02
139327,0.0,4,1.28,55.0,178.0,81.6,12.1,373.0,5.7,0.15
139328,0.0,31,0.0,92.7,178.0,87.9,13.5,259.0,6.7,1.45
139329,0.0,64,1.91,112.5,178.0,84.4,13.9,225.0,7.1,8.04
139330,0.0,8,0.69,60.6,178.0,87.9,13.5,259.0,6.7,1.45
139331,0.0,32,5.0,80.3,181.0,86.4,13.5,176.0,5.1,0.79
139332,0.0,30,2.5,71.8,123.0,72.8,15.1,174.0,6.1,0.7
139333,0.0,47,0.52,118.5,216.0,90.0,13.6,257.0,10.2,6.45
139334,0.0,4,5.0,92.7,178.0,87.9,13.5,259.0,6.7,1.45
139335,0.0,31,0.18,129.7,178.0,87.9,13.5,259.0,6.7,1.45
139336,1.0,80,2.5,115.2,121.0,96.8,13.1,188.0,8.7,0.28
139337,0.0,65,5.0,106.5,222.0,94.6,14.7,431.0,7.1,0.93
139338,0.0,27,0.28,90.8,160.0,87.6,12.3,219.0,7.3,0.46
139339,0.0,28,3.45,137.0,178.0,87.5,14.0,300.0,10.1,1.45
139340,0.0,3,2.5,92.7,178.0,87.9,13.5,259.0,6.7,1.45
139341,0.0,72,5.0,92.7,178.0,87.9,13.5,259.0,6.7,1.45
139342,0.0,75,4.48,128.6,107.0,89.8,13.8,241.0,8.1,1.29
139343,0.0,59,2.5,82.5,181.0,86.8,15.4,474.0,10.1,58.81
139344,0.0,49,2.5,84.9,178.0,87.9,13.5,259.0,6.7,1.45
139345,0.0,51,1.86,92.7,178.0,87.9,13.5,259.0,6.7,1.45
139346,0.0,75,2.5,88.4,153.0,91.2,13.1,152.0,7.9,3.32
139347,0.0,67,5.0,88.9,178.0,87.9,13.5,259.0,6.7,1.45
139348,0.0,35,3.55,92.7,178.0,87.9,13.5,259.0,6.7,1.45
139349,0.0,6,2.5,92.7,178.0,87.9,13.5,259.0,6.7,1.45
139350,0.0,3,3.06,92.7,178.0,87.9,13.5,259.0,6.7,1.45
139351,0.0,49,4.17,101.3,234.0,92.4,13.0,445.0,9.8,13.23
139352,0.0,21,1.69,81.8,134.0,84.3,13.4,178.0,6.2,0.44
139353,0.0,47,1.8,138.6,149.0,79.3,15.5,311.0,7.7,6.57
139354,0.0,3,0.69,53.5,178.0,87.9,13.5,259.0,6.7,1.45
139356,0.0,46,4.32,89.0,214.0,88.5,12.8,249.0,5.5,0.41
139357,0.0,7,3.08,56.9,178.0,87.9,13.5,259.0,6.7,1.45
139358,0.0,6,0.81,47.9,178.0,82.1,12.4,357.0,6.3,1.45
139359,0.0,17,5.0,77.2,132.0,88.1,12.5,299.0,7.8,0.91
139360,0.0,57,2.5,118.2,131.0,76.8,15.8,306.0,9.2,2.42
139361,0.0,80,1.09,112.7,167.0,80.9,14.0,193.0,7.8,1.12
139362,1.0,70,2.24,99.8,168.0,95.7,12.7,247.0,6.3,0.22
139363,0.0,5,1.17,92.7,178.0,87.9,13.5,259.0,6.7,1.45
139364,0.0,80,2.5,92.7,178.0,87.9,13.5,259.0,6.7,1.45
139365,0.0,15,3.04,92.7,178.0,87.9,13.5,259.0,6.7,1.45
139366,0.0,46,2.83,99.6,284.0,90.8,13.1,268.0,6.3,1.95
139367,0.0,34,0.01,92.7,178.0,87.9,13.5,259.0,6.7,1.45
139368,0.0,63,2.5,91.1,131.0,85.8,13.0,263.0,6.3,1.14
139369,0.0,58,0.93,92.7,178.0,87.9,13.5,259.0,6.7,1.45
139370,0.0,64,1.8,70.5,198.0,91.6,13.2,215.0,6.9,1.68
139371,0.0,66,2.5,92.7,178.0,87.9,13.5,259.0,6.7,1.45
139372,0.0,16,0.62,92.7,178.0,87.9,13.5,259.0,6.7,1.45
139373,1.0,65,1.05,117.0,121.0,91.4,15.0,196.0,7.5,13.08
139374,1.0,46,0.76,134.5,202.0,99.3,14.3,261.0,9.2,2.11
139375,0.0,3,0.45,55.9,178.0,84.9,13.5,347.0,5.4,11.13
139376,0.0,41,1.91,91.4,98.0,90.3,14.4,232.0,8.4,2.66
139377,0.0,6,5.0,53.7,178.0,87.9,13.5,259.0,6.7,1.45
139378,0.0,18,0.02,138.2,178.0,87.9,13.5,259.0,6.7,1.45
139379,0.0,4,3.13,48.5,178.0,77.5,13.9,269.0,14.2,0.87
139380,0.0,11,1.05,65.2,152.0,89.7,14.0,293.0,4.2,0.11
139381,0.0,55,2.5,111.8,207.0,90.8,12.7,211.0,7.0,2.95
139382,0.0,68,5.0,92.7,178.0,87.9,13.5,259.0,6.7,1.45
139383,0.0,61,2.5,87.0,173.0,87.4,15.0,223.0,4.2,1.3
139384,0.0,9,0.06,92.7,178.0,87.9,13.5,259.0,6.7,1.45
139385,0.0,53,0.79,107.1,178.0,84.1,13.5,275.0,4.8,11.41
139386,0.0,9,5.0,84.6,183.0,75.9,14.3,437.0,7.1,2.64
139387,0.0,19,2.88,102.1,158.0,78.5,14.4,278.0,8.7,8.07
139388,0.0,42,2.94,85.2,165.0,95.7,12.1,393.0,8.3,1.01
139389,0.0,63,5.0,104.6,159.0,83.6,13.3,360.0,9.0,3.3
139390,0.0,8,0.43,81.4,132.0,81.6,13.4,273.0,10.5,1.44
139391,0.0,15,2.06,76.0,179.0,88.7,13.6,249.0,6.6,0.61
139392,0.0,69,5.0,121.5,168.0,85.2,13.8,258.0,8.0,3.57
139393,0.0,80,5.0,92.7,178.0,87.9,13.5,259.0,6.7,1.45
139394,0.0,1,2.5,92.7,178.0,87.9,13.5,259.0,6.7,1.45
139395,0.0,14,2.82,81.0,126.0,74.7,15.2,401.0,8.3,0.71
139396,0.0,15,2.1,69.6,107.0,83.3,12.8,197.0,9.0,5.88
139397,0.0,71,2.5,92.7,178.0,87.9,13.5,259.0,6.7,1.45
139398,0.0,62,0.61,101.1,185.0,94.1,14.0,289.0,7.0,4.95
139399,0.0,10,2.5,92.7,178.0,87.9,13.5,259.0,6.7,1.45
139400,0.0,13,1.69,62.6,146.0,88.8,12.4,270.0,6.5,0.2
139401,0.0,68,5.0,97.9,213.0,89.8,13.3,356.0,9.3,1.82
139402,0.0,65,1.31,111.9,140.0,85.8,14.8,199.0,6.8,1.02
139403,0.0,19,0.8,92.7,178.0,87.9,13.5,259.0,6.7,1.45
139404,0.0,66,4.64,77.1,238.0,91.4,14.5,288.0,8.3,0.85
139405,0.0,3,2.5,46.9,178.0,82.7,12.3,328.0,7.6,0.11
139406,0.0,7,0.95,92.7,178.0,87.9,13.5,259.0,6.7,1.45
139407,0.0,68,2.5,111.9,188.0,86.3,13.6,273.0,7.4,2.04
139408,0.0,17,2.5,92.7,178.0,87.9,13.5,259.0,6.7,1.45
139409,0.0,14,2.86,66.9,109.0,82.7,13.2,355.0,5.2,3.34
139410,0.0,29,1.52,92.7,178.0,87.9,13.5,259.0,6.7,1.45
139411,0.0,14,2.34,92.7,178.0,87.9,13.5,259.0,6.7,1.45
139412,0.0,80,0.66,92.7,178.0,87.9,13.5,259.0,6.7,1.45
139413,1.0,74,4.42,123.2,123.0,90.1,16.0,159.0,6.6,3.37
139414,0.0,49,2.77,146.4,178.0,88.1,13.0,199.0,7.0,1.45
139415,0.0,27,1.7,92.7,178.0,87.9,13.5,259.0,6.7,1.45
139416,0.0,60,4.22,97.5,190.0,89.9,13.4,259.0,8.4,9.27
139417,0.0,63,3.17,104.3,162.0,85.2,13.2,236.0,8.5,1.34
139418,0.0,39,3.82,94.3,225.0,87.5,12.8,251.0,7.4,0.54
139419,0.0,9,2.93,57.9,132.0,82.8,13.7,202.0,6.2,0.11
139420,0.0,28,2.5,85.7,268.0,91.7,12.4,204.0,5.3,0.79
139421,0.0,70,2.5,104.7,178.0,94.7,12.7,287.0,5.3,1.45
139422,0.0,10,5.0,59.8,154.0,83.2,12.8,297.0,4.7,0.56
139423,0.0,62,3.43,107.4,151.0,92.8,13.5,155.0,4.5,0.51
139424,0.0,32,1.15,108.9,169.0,85.7,13.0,232.0,8.6,0.89
139425,0.0,52,3.49,148.2,242.0,84.0,14.9,265.0,9.2,2.79
139426,0.0,71,3.28,107.6,153.0,67.1,15.9,221.0,6.9,4.23
139427,0.0,13,4.55,92.7,178.0,87.9,13.5,259.0,6.7,1.45
139428,0.0,63,0.99,92.7,114.0,93.3,13.9,266.0,5.4,7.43
139429,0.0,12,2.5,92.7,178.0,87.9,13.5,259.0,6.7,1.45
139430,0.0,4,5.0,92.7,178.0,87.9,13.5,259.0,6.7,1.45
139431,0.0,58,0.77,92.7,178.0,87.9,13.5,259.0,6.7,1.45
139433,0.0,42,3.99,92.7,178.0,87.9,13.5,259.0,6.7,1.45
139434,0.0,6,2.5,92.7,178.0,87.9,13.5,259.0,6.7,1.45
139435,0.0,49,1.99,109.2,182.0,87.2,14.1,274.0,10.3,2.95
139436,0.0,42,1.2,92.7,178.0,87.9,13.5,259.0,6.7,1.45
139437,1.0,41,5.0,116.9,110.0,95.9,13.1,183.0,6.0,3.56
139438,0.0,56,3.23,99.8,203.0,94.3,13.0,244.0,5.2,5.23
139439,0.0,10,0.33,63.7,178.0,87.9,13.5,259.0,6.7,1.45
139440,1.0,72,1.7,92.7,178.0,96.5,13.0,221.0,6.3,1.45
139441,0.0,62,1.47,92.7,168.0,91.4,12.7,190.0,5.8,0.52
139442,0.0,11,1.13,64.0,156.0,81.7,13.4,367.0,9.6,0.53
139443,0.0,70,2.5,95.2,271.0,88.8,14.5,293.0,8.1,1.08
139444,0.0,6,0.91,45.5,178.0,87.9,13.5,259.0,6.7,1.45
139445,0.0,61,2.5,92.7,178.0,87.9,13.5,259.0,6.7,1.45
139446,1.0,80,5.0,80.5,138.0,97.3,14.2,163.0,7.0,3.23
139447,0.0,58,5.0,84.0,194.0,87.9,14.4,248.0,4.1,0.44
139448,0.0,63,2.87,94.0,195.0,95.0,13.5,232.0,6.3,1.89
139449,0.0,18,2.06,92.7,178.0,87.9,13.5,259.0,6.7,1.45
139450,0.0,33,4.53,87.4,178.0,87.0,13.0,330.0,9.5,12.05
139451,0.0,14,2.78,69.5,202.0,87.5,13.1,212.0,4.9,0.39
139452,0.0,6,1.41,58.0,178.0,84.1,12.4,282.0,6.8,1.45
139453,0.0,3,0.45,53.2,178.0,84.6,12.7,160.0,9.6,0.41
139454,0.0,25,1.0,92.7,178.0,87.9,13.5,259.0,6.7,1.45
139455,0.0,8,3.78,58.0,190.0,78.9,12.9,222.0,4.9,0.11
139456,0.0,11,4.3,92.7,178.0,87.9,13.5,259.0,6.7,1.45
139457,0.0,31,2.5,92.7,178.0,87.9,13.5,259.0,6.7,1.45
139458,0.0,20,2.5,89.5,108.0,87.2,12.8,214.0,7.4,0.82
139459,0.0,71,3.13,121.8,215.0,91.9,13.3,299.0,8.6,3.08
139461,0.0,62,5.0,112.0,111.0,83.8,14.9,208.0,9.1,1.91
139462,1.0,80,4.82,114.8,143.0,101.6,13.6,175.0,6.9,5.79
139463,0.0,16,2.57,67.5,178.0,75.2,13.0,227.0,6.8,0.17
139464,0.0,37,2.5,80.2,163.0,90.6,13.9,241.0,6.8,0.99
139465,0.0,34,0.4,132.0,214.0,81.3,14.1,270.0,11.8,9.22
139466,0.0,78,0.96,94.7,224.0,99.4,15.8,174.0,4.3,1.3
139467,0.0,33,3.64,123.8,186.0,89.6,12.8,338.0,11.9,1.42
139468,0.0,14,2.5,92.7,178.0,87.9,13.5,259.0,6.7,1.45
139469,0.0,3,5.0,49.3,178.0,87.9,13.5,259.0,6.7,1.45
139470,0.0,66,1.72,90.3,233.0,90.8,13.1,246.0,6.0,2.07
139472,0.0,9,3.69,92.7,178.0,87.9,13.5,259.0,6.7,1.45
139473,0.0,61,5.0,83.3,206.0,91.8,13.4,283.0,6.8,2.73
139474,0.0,4,4.17,56.6,178.0,80.0,12.9,228.0,4.7,0.27
139475,1.0,80,1.64,108.5,178.0,95.5,13.4,276.0,8.9,1.45
139476,0.0,6,2.61,92.7,178.0,87.9,13.5,259.0,6.7,1.45
139477,0.0,3,2.5,92.7,178.0,87.9,13.5,259.0,6.7,1.45
139478,0.0,80,2.5,92.7,178.0,87.9,13.5,259.0,6.7,1.45
139479,0.0,50,4.78,106.0,216.0,91.2,13.4,218.0,4.3,1.26
139480,0.0,2,5.0,92.7,178.0,87.9,13.5,259.0,6.7,1.45
139481,0.0,11,4.86,74.4,178.0,76.5,13.7,219.0,6.0,1.45
139482,0.0,7,4.17,53.0,196.0,88.6,12.8,285.0,5.9,0.38
139483,0.0,33,2.56,133.4,197.0,82.7,13.9,343.0,7.5,5.08
139484,0.0,3,4.32,50.3,178.0,77.0,13.5,502.0,8.5,0.44
139485,0.0,51,1.32,80.5,209.0,85.4,16.3,197.0,5.0,8.57
139486,0.0,17,5.0,77.0,159.0,87.9,13.2,211.0,5.3,0.2
139487,0.0,8,1.33,61.5,133.0,81.1,12.7,226.0,5.5,0.11
139488,0.0,25,2.66,102.3,166.0,87.9,13.4,329.0,5.9,0.66
139489,0.0,55,4.53,79.9,208.0,93.5,12.4,223.0,6.7,1.0
139490,0.0,71,1.15,92.7,178.0,87.9,13.5,259.0,6.7,1.45
139491,0.0,40,5.0,90.7,146.0,84.9,12.7,238.0,9.8,14.77
139492,1.0,37,3.14,92.7,178.0,87.9,13.5,259.0,6.7,1.45
139493,0.0,75,2.13,87.1,193.0,91.7,14.2,349.0,10.3,3.79
139494,0.0,64,3.49,90.3,273.0,91.7,13.7,273.0,4.8,4.72
139495,0.0,50,2.5,84.1,320.0,92.3,13.6,336.0,4.7,0.5
139496,0.0,56,1.9,111.8,178.0,87.9,13.5,259.0,6.7,1.45
139497,0.0,73,3.09,94.6,185.0,98.3,13.2,206.0,7.1,9.15
139498,0.0,62,0.74,125.3,290.0,86.6,13.4,316.0,9.4,1.67
139500,1.0,73,3.88,83.1,151.0,87.8,14.9,365.0,9.0,5.33
139501,0.0,5,2.61,92.7,178.0,87.9,13.5,259.0,6.7,1.45
139502,0.0,31,4.12,102.4,204.0,91.9,13.8,345.0,10.1,1.8
139503,0.0,4,4.0,51.8,178.0,87.9,13.5,259.0,6.7,1.45
139504,0.0,63,0.05,83.1,252.0,87.9,13.5,389.0,8.6,1.41
139505,0.0,6,5.0,53.6,178.0,83.1,12.9,260.0,7.1,1.45
139506,0.0,5,2.86,51.1,178.0,87.9,13.5,259.0,6.7,1.45
139507,0.0,15,2.5,92.7,178.0,87.9,13.5,259.0,6.7,1.45
139508,0.0,68,3.9,100.5,181.0,82.2,14.8,238.0,8.3,2.56
139509,0.0,20,2.88,95.5,139.0,89.5,12.7,264.0,5.9,1.29
139510,0.0,33,5.0,155.8,183.0,90.2,13.8,290.0,7.8,29.85
139511,0.0,36,0.05,92.7,178.0,87.9,13.5,259.0,6.7,1.45
139512,0.0,10,1.74,92.7,178.0,87.9,13.5,259.0,6.7,1.45
139513,0.0,78,2.73,92.7,178.0,87.9,13.5,259.0,6.7,1.45
139514,1.0,80,5.0,79.2,219.0,84.8,14.6,432.0,7.3,31.11
139515,0.0,62,4.59,87.4,264.0,109.3,13.5,247.0,8.1,1.66
139516,0.0,67,2.0,92.7,178.0,87.9,13.5,259.0,6.7,1.45
139517,0.0,12,3.42,90.4,178.0,87.9,13.5,259.0,6.7,1.45
139518,0.0,40,0.74,92.7,178.0,87.9,13.5,259.0,6.7,1.45
139519,0.0,52,5.0,92.7,178.0,87.9,13.5,259.0,6.7,1.45
139520,0.0,64,2.13,117.6,119.0,80.7,16.1,383.0,7.9,104.08
139521,0.0,80,2.5,92.7,98.0,98.0,14.4,146.0,5.9,0.5
139522,1.0,72,2.09,90.3,200.0,88.5,14.0,177.0,6.1,1.28
139523,0.0,61,1.16,100.4,147.0,87.9,13.2,109.0,4.4,6.0
139524,0.0,60,0.98,92.7,178.0,97.9,14.5,285.0,6.4,0.5
139525,0.0,47,2.61,98.6,177.0,80.8,19.0,212.0,7.7,0.44
139526,0.0,19,2.92,67.8,167.0,64.8,15.7,253.0,7.6,0.3
139527,0.0,68,2.5,92.7,260.0,87.6,13.4,222.0,5.8,0.87
139528,0.0,32,2.5,92.7,178.0,87.9,13.5,259.0,6.7,1.45
139529,0.0,36,2.41,99.7,219.0,84.7,15.2,329.0,11.3,7.78
139530,1.0,42,0.02,90.1,116.0,75.7,14.4,230.0,4.5,5.13
139531,0.0,67,1.99,92.7,178.0,87.9,13.5,259.0,6.7,1.45
139532,0.0,61,5.0,92.8,150.0,88.5,13.3,221.0,5.4,5.28
139533,0.0,40,2.5,151.2,141.0,82.9,14.7,327.0,10.2,27.78
139534,0.0,15,2.29,66.7,131.0,85.1,13.4,192.0,4.6,0.26
139535,0.0,59,2.5,92.7,178.0,87.9,13.5,259.0,6.7,1.45
139536,0.0,19,3.1,92.5,178.0,87.9,13.5,259.0,6.7,1.45
139537,0.0,39,5.0,84.4,202.0,95.7,12.7,280.0,6.2,0.53
139538,0.0,14,0.79,73.0,155.0,79.5,14.1,295.0,5.6,0.71
139539,0.0,67,4.17,100.0,280.0,83.8,14.6,285.0,3.7,3.55
139540,0.0,17,1.13,76.9,152.0,84.6,14.0,312.0,7.4,0.71
139541,0.0,12,1.44,92.7,145.0,77.8,14.0,433.0,5.0,0.44
139542,0.0,8,5.0,55.7,186.0,85.1,13.2,297.0,6.0,0.19
139543,0.0,41,3.46,101.5,153.0,89.7,12.9,236.0,7.7,3.05
139544,0.0,53,2.5,92.7,178.0,87.9,13.5,259.0,6.7,1.45
139545,1.0,80,2.5,92.7,178.0,87.9,13.5,259.0,6.7,1.45
139546,0.0,19,1.91,81.7,160.0,86.9,13.9,165.0,6.2,0.53
139547,0.0,14,2.5,92.7,178.0,87.9,13.5,259.0,6.7,1.45
139548,0.0,77,1.82,97.0,135.0,94.1,13.9,209.0,5.2,0.18
139549,0.0,1,3.29,92.7,178.0,70.3,16.0,406.0,8.1,1.45
139550,0.0,6,2.42,50.8,171.0,74.4,15.0,300.0,9.1,0.17
139551,0.0,73,5.0,121.8,188.0,96.3,12.5,159.0,4.7,1.58
139552,0.0,15,2.03,61.0,142.0,66.2,16.7,319.0,7.9,6.52
139553,0.0,46,1.52,84.0,200.0,95.6,13.2,175.0,10.1,1.49
139554,0.0,19,2.5,92.7,178.0,87.9,13.5,259.0,6.7,1.45
139555,0.0,80,2.5,92.7,178.0,87.9,13.5,259.0,6.7,1.45
139556,0.0,11,1.91,79.5,178.0,85.1,13.4,350.0,7.7,1.84
139557,0.0,26,5.0,92.7,178.0,87.9,13.5,259.0,6.7,1.45
139558,0.0,15,2.5,92.7,178.0,87.9,13.5,259.0,6.7,1.45
139559,0.0,40,1.85,142.0,216.0,90.6,14.4,225.0,11.2,12.59
139560,0.0,25,0.32,79.3,178.0,87.9,13.5,259.0,6.7,1.45
139561,0.0,28,3.09,87.2,186.0,83.6,12.8,229.0,5.4,5.95
139562,0.0,62,3.04,135.7,174.0,92.0,14.1,141.0,6.0,2.55
139563,0.0,25,2.5,92.7,178.0,87.9,13.5,259.0,6.7,1.45
139564,1.0,65,4.34,92.7,178.0,87.9,13.5,259.0,6.7,1.45
139565,0.0,80,2.5,92.2,254.0,90.8,14.0,255.0,7.9,2.15
139566,1.0,70,3.42,92.7,178.0,87.9,13.5,259.0,6.7,1.45
139567,0.0,6,5.0,92.7,178.0,87.9,13.5,259.0,6.7,1.45
139568,0.0,30,3.6,83.0,192.0,86.1,12.1,334.0,4.7,0.54
139569,0.0,39,2.54,156.0,205.0,88.7,14.6,324.0,8.5,18.14
139570,0.0,27,2.5,119.2,144.0,90.7,13.6,259.0,7.8,5.05
139571,0.0,31,2.31,123.1,153.0,81.1,16.5,409.0,7.8,7.55
139572,0.0,70,1.31,92.7,178.0,87.9,13.5,259.0,6.7,1.45
139573,0.0,13,2.5,78.3,140.0,89.0,13.1,207.0,7.5,0.53
139574,1.0,46,0.1,86.9,163.0,89.8,14.0,189.0,8.7,0.87
139575,0.0,12,0.32,76.8,124.0,73.8,16.7,249.0,5.0,0.51
139576,0.0,79,1.69,92.7,178.0,87.9,13.5,259.0,6.7,1.45
139577,0.0,2,0.99,47.4,178.0,87.9,13.5,259.0,6.7,1.45
139578,0.0,15,0.66,92.7,178.0,87.9,13.5,259.0,6.7,1.45
139579,0.0,73,5.0,85.2,139.0,100.7,13.0,163.0,8.6,0.62
139580,0.0,53,4.56,92.7,178.0,80.8,14.4,210.0,6.8,1.45
139581,0.0,6,5.0,53.1,135.0,77.2,15.1,404.0,8.7,64.52
139582,1.0,80,2.5,92.7,178.0,87.9,13.5,259.0,6.7,1.45
139583,0.0,9,2.5,54.3,178.0,87.9,13.5,259.0,6.7,1.45
139584,0.0,68,3.24,105.2,126.0,95.4,13.4,423.0,15.7,7.04
139585,0.0,40,4.99,93.3,196.0,91.8,12.5,253.0,7.4,1.06
139586,0.0,18,0.88,112.6,218.0,81.8,13.9,235.0,6.0,2.56
139587,0.0,19,0.41,75.5,201.0,86.9,13.4,204.0,4.8,0.63
139588,1.0,76,3.64,112.5,130.0,86.4,14.6,368.0,9.4,5.09
139589,1.0,67,0.87,117.2,174.0,95.1,13.8,226.0,5.7,12.66
139590,0.0,7,3.22,92.7,178.0,87.9,13.5,259.0,6.7,1.45
139591,0.0,16,0.48,92.7,178.0,87.9,13.5,259.0,6.7,1.45
139592,0.0,40,2.5,92.7,178.0,87.9,13.5,259.0,6.7,1.45
139593,0.0,66,5.0,82.8,258.0,91.2,13.0,265.0,4.6,2.16
139594,0.0,14,2.5,83.2,115.0,82.5,14.4,396.0,8.7,0.23
139595,0.0,64,5.0,94.4,152.0,88.9,12.8,301.0,8.1,0.92
139596,0.0,75,2.49,104.7,183.0,96.5,13.9,185.0,7.2,4.26
139597,1.0,66,1.44,88.7,169.0,93.3,13.5,273.0,5.6,0.58
139600,0.0,64,1.05,72.0,178.0,87.9,13.5,259.0,6.7,1.45
139601,0.0,22,0.0,74.4,177.0,84.2,13.2,228.0,8.3,0.65
139602,0.0,60,0.1,110.7,224.0,88.6,14.0,322.0,8.6,2.82
139603,0.0,64,5.0,100.6,242.0,88.7,14.0,257.0,6.7,1.81
139604,0.0,47,0.94,123.1,198.0,82.3,14.6,312.0,10.0,4.15
139605,0.0,76,1.17,89.0,152.0,91.5,13.3,285.0,7.1,0.63
139606,0.0,9,2.5,66.5,124.0,82.2,13.3,244.0,4.9,0.82
139607,0.0,63,4.06,119.5,160.0,87.4,14.1,322.0,7.7,5.21
139608,0.0,53,3.42,92.6,305.0,83.0,14.6,385.0,6.0,0.71
139609,0.0,38,0.57,83.2,182.0,67.9,18.8,472.0,7.7,0.9
139610,0.0,60,1.01,106.1,222.0,92.7,12.7,173.0,6.4,3.67
139611,1.0,80,2.5,92.7,178.0,87.9,13.5,259.0,6.7,1.45
139612,0.0,8,2.5,63.7,172.0,87.6,12.5,499.0,6.8,0.29
139613,0.0,62,2.5,103.5,235.0,90.1,13.9,264.0,5.8,0.71
139614,0.0,52,2.5,107.6,166.0,90.1,12.8,206.0,6.1,3.17
139615,0.0,2,0.49,92.7,178.0,87.9,13.5,259.0,6.7,1.45
139616,0.0,67,2.74,113.5,222.0,90.7,14.3,193.0,4.6,4.11
139617,0.0,14,0.7,73.1,141.0,90.9,12.6,298.0,8.5,4.13
139618,0.0,1,2.5,92.7,178.0,87.9,13.5,259.0,6.7,1.45
139619,0.0,26,3.22,92.7,154.0,91.1,12.7,289.0,6.0,0.46
139620,0.0,10,3.22,92.7,178.0,87.9,13.5,259.0,6.7,1.45
139621,0.0,38,3.09,74.8,187.0,91.9,14.6,358.0,4.7,0.24
139622,0.0,5,0.52,58.5,178.0,87.9,13.5,259.0,6.7,1.45
139623,1.0,51,0.96,113.9,218.0,92.8,14.8,259.0,7.5,2.8
139624,0.0,5,4.17,46.6,178.0,83.8,13.0,341.0,6.5,11.52
139625,0.0,9,3.58,51.2,178.0,81.5,12.2,302.0,6.1,0.11
139626,0.0,68,2.04,113.0,248.0,92.4,12.8,186.0,14.0,4.79
139627,0.0,15,0.16,81.0,121.0,86.9,13.3,279.0,2.9,0.25
139628,0.0,44,2.0,120.1,193.0,89.5,13.9,169.0,4.6,1.41
139629,0.0,17,1.85,110.5,115.0,88.8,14.0,245.0,5.5,0.84
139630,0.0,69,2.5,112.5,219.0,88.8,13.3,219.0,8.1,2.35
139631,0.0,3,4.68,63.0,178.0,87.9,13.5,259.0,6.7,1.45
139633,0.0,13,1.54,65.1,161.0,85.6,12.9,265.0,9.1,0.28
139634,0.0,30,3.96,92.7,178.0,87.9,13.5,259.0,6.7,1.45
139635,0.0,12,2.5,66.5,178.0,88.0,12.3,324.0,5.2,4.4
139636,0.0,38,2.5,107.7,207.0,87.8,13.6,335.0,8.8,6.43
139638,0.0,71,5.0,75.2,197.0,91.8,13.6,281.0,7.5,0.64
139639,0.0,6,2.5,57.3,85.0,84.5,12.8,386.0,8.7,0.84
139640,0.0,58,5.0,122.8,163.0,91.4,13.2,263.0,8.3,0.53
139641,0.0,19,3.82,63.2,178.0,87.9,13.5,259.0,6.7,1.45
139642,0.0,10,2.34,92.7,178.0,87.9,13.5,259.0,6.7,1.45
139643,0.0,11,5.0,98.4,191.0,84.0,12.7,366.0,8.3,2.06
139644,0.0,1,2.5,92.7,178.0,87.9,13.5,259.0,6.7,1.45
139645,0.0,18,2.73,136.8,163.0,78.7,14.2,518.0,12.1,11.11
139646,0.0,9,1.74,64.4,178.0,82.8,12.0,362.0,7.5,0.46
139647,0.0,36,2.5,92.7,178.0,87.9,13.5,259.0,6.7,1.45
139648,0.0,19,5.0,73.4,178.0,88.8,12.8,188.0,6.4,0.4
139649,0.0,5,0.06,51.2,178.0,78.0,13.1,295.0,11.1,0.26
139650,0.0,37,1.55,88.7,142.0,85.5,12.7,243.0,5.6,0.51
139651,0.0,59,1.84,92.7,163.0,90.4,14.2,190.0,10.9,3.89
139652,0.0,39,2.5,92.7,178.0,87.9,13.5,259.0,6.7,1.45
139653,0.0,12,0.57,105.2,149.0,63.0,18.7,352.0,5.2,0.98
139654,0.0,11,2.5,60.8,194.0,82.6,13.0,322.0,7.2,0.38
139655,0.0,34,2.88,97.0,155.0,83.8,14.0,222.0,5.4,0.58
139656,0.0,18,2.5,74.4,178.0,87.9,13.5,259.0,6.7,1.45
139657,0.0,35,0.35,133.1,179.0,95.6,13.5,329.0,6.9,2.31
139658,0.0,39,1.12,135.8,194.0,87.3,13.3,252.0,8.3,6.6
139659,0.0,80,2.5,92.7,178.0,87.9,13.5,259.0,6.7,1.45
139660,0.0,36,1.8,88.7,152.0,87.9,13.5,259.0,6.7,4.6
139661,0.0,67,2.62,92.7,178.0,87.9,13.5,259.0,6.7,1.45
139662,0.0,44,2.5,92.7,178.0,87.9,13.5,259.0,6.7,1.45
139663,0.0,71,5.0,100.1,181.0,94.2,13.8,185.0,8.5,1.15
139664,0.0,9,2.5,86.0,178.0,87.9,13.5,259.0,6.7,1.45
139665,0.0,62,1.01,87.8,205.0,85.3,13.1,226.0,6.6,0.48
139666,0.0,11,0.03,75.2,131.0,83.3,12.9,343.0,7.6,1.44
139667,0.0,37,4.93,75.9,189.0,88.7,12.2,298.0,5.0,0.75
139668,0.0,35,0.1,92.7,178.0,87.9,13.5,259.0,6.7,1.45
139669,0.0,13,1.68,85.5,178.0,87.9,13.5,259.0,6.7,1.45
139670,0.0,2,0.21,92.7,178.0,87.9,13.5,259.0,6.7,1.45
139671,0.0,6,0.0,74.3,174.0,87.0,13.0,314.0,4.9,0.29
139672,0.0,2,0.03,48.0,178.0,78.6,17.2,350.0,6.2,1.45
139673,0.0,17,2.5,83.0,133.0,85.7,13.6,327.0,6.3,0.9
139674,0.0,68,5.0,102.8,187.0,85.4,14.1,349.0,6.1,0.55
139675,0.0,5,5.0,54.3,178.0,64.4,17.1,273.0,8.5,0.45
139676,1.0,71,1.91,104.0,148.0,92.2,13.0,261.0,8.3,0.9
139677,0.0,52,5.0,84.3,215.0,81.8,12.8,187.0,6.9,0.52
139678,0.0,73,2.16,123.3,253.0,92.3,14.8,222.0,8.6,2.96
139679,0.0,75,5.0,72.9,196.0,85.2,14.4,256.0,9.2,3.52
139680,0.0,45,0.25,72.0,178.0,101.7,12.9,143.0,5.3,1.45
139681,0.0,45,2.5,82.6,178.0,87.9,13.5,259.0,6.7,1.45
139682,0.0,35,0.67,83.0,136.0,66.7,19.0,193.0,3.3,0.15
139683,0.0,16,5.0,73.5,130.0,92.9,12.9,277.0,6.8,0.41
139684,0.0,40,0.63,92.7,178.0,87.9,13.5,259.0,6.7,1.45
139685,0.0,73,3.47,125.7,184.0,91.7,14.0,180.0,6.6,2.79
139686,0.0,32,2.52,90.0,132.0,89.9,13.1,208.0,4.5,2.13
139687,0.0,65,2.5,90.2,169.0,95.1,12.8,255.0,8.7,0.98
139688,0.0,18,1.05,92.7,178.0,87.9,13.5,259.0,6.7,1.45
139689,0.0,70,0.0,107.9,122.0,92.2,13.3,274.0,6.6,1.0
139690,0.0,80,2.5,92.7,144.0,86.4,14.7,189.0,5.5,4.68
139691,0.0,18,0.52,70.5,135.0,86.3,13.1,326.0,11.9,1.73
139692,0.0,57,5.0,99.5,197.0,90.8,14.1,168.0,4.8,0.71
139693,0.0,22,1.8,87.1,152.0,78.3,15.7,249.0,4.6,2.86
139694,0.0,15,0.0,93.0,138.0,81.7,13.0,260.0,7.2,0.7
139695,1.0,68,2.13,117.8,155.0,82.0,17.3,348.0,13.0,53.37
139696,0.0,11,1.22,85.8,181.0,81.2,13.1,293.0,7.9,1.03
139697,0.0,19,2.33,85.8,178.0,87.9,13.5,259.0,6.7,1.45
139698,0.0,29,0.24,92.1,181.0,93.7,12.6,284.0,7.9,5.73
139699,0.0,45,0.74,125.0,142.0,83.4,13.6,239.0,6.0,4.24
139700,0.0,57,5.0,115.0,191.0,92.0,13.8,220.0,7.3,4.97
139701,0.0,71,0.82,92.7,178.0,87.9,13.5,259.0,6.7,1.45
139702,0.0,40,1.31,95.0,170.0,91.0,13.2,320.0,4.7,0.57
139704,0.0,12,2.5,92.7,178.0,87.9,13.5,259.0,6.7,1.45
139705,0.0,42,1.39,99.4,213.0,90.9,12.9,338.0,8.4,1.5
139706,0.0,68,1.16,104.7,210.0,93.1,14.9,345.0,7.8,8.86
139707,0.0,28,5.0,79.2,236.0,89.7,13.8,316.0,5.9,3.06
139708,0.0,1,3.06,92.7,178.0,87.9,13.5,259.0,6.7,1.45
139709,0.0,16,0.79,71.5,178.0,86.4,12.7,178.0,5.9,1.45
139710,0.0,2,0.32,46.2,178.0,82.0,13.5,372.0,8.9,0.25
139711,0.0,51,1.03,92.7,178.0,87.9,13.5,259.0,6.7,1.45
139712,0.0,5,2.5,92.7,178.0,87.9,13.5,259.0,6.7,1.45
139713,0.0,5,5.0,92.7,178.0,87.9,13.5,259.0,6.7,1.45
139714,0.0,12,2.5,92.7,178.0,87.9,13.5,259.0,6.7,1.45
139715,0.0,14,0.62,92.7,178.0,87.9,13.5,259.0,6.7,1.45
139716,0.0,6,1.05,92.7,178.0,87.9,13.5,259.0,6.7,1.45
139717,0.0,27,2.74,69.6,179.0,89.4,14.1,306.0,8.0,3.98
139718,0.0,12,1.03,77.0,132.0,83.7,13.9,217.0,5.7,0.46
139719,0.0,40,0.77,87.0,211.0,87.8,13.2,213.0,8.8,1.3
139720,1.0,76,3.04,92.7,204.0,96.0,14.3,295.0,5.1,3.31
139721,0.0,10,3.26,63.7,150.0,86.0,13.2,361.0,7.0,0.17
139722,0.0,46,3.69,92.7,178.0,87.9,13.5,259.0,6.7,1.45
139723,0.0,39,2.96,92.6,209.0,83.6,13.9,160.0,4.1,1.32
139724,0.0,1,5.0,92.7,178.0,77.4,14.5,411.0,7.5,1.45
139725,0.0,61,3.77,76.8,203.0,102.0,12.9,181.0,4.5,0.34
139726,0.0,10,0.61,76.9,178.0,87.9,13.5,259.0,6.7,1.45
139727,0.0,60,2.5,117.0,255.0,80.1,14.1,276.0,6.7,10.95
139728,0.0,31,1.44,108.1,189.0,85.1,13.2,350.0,7.8,4.1
139729,0.0,23,0.46,65.7,178.0,87.9,13.5,259.0,6.7,1.45
139730,1.0,67,3.11,109.4,161.0,94.2,14.2,185.0,7.6,7.12
139731,0.0,14,4.68,96.1,162.0,72.9,17.1,290.0,5.2,1.05
139732,0.0,11,5.0,92.7,178.0,87.9,13.5,259.0,6.7,1.45
139733,0.0,73,5.0,101.3,175.0,96.7,13.5,198.0,7.0,0.88
139735,0.0,28,4.32,75.5,122.0,90.0,12.6,272.0,5.5,0.68
139736,1.0,80,4.88,92.7,178.0,87.9,13.5,259.0,6.7,1.45
139737,0.0,64,2.62,103.3,254.0,90.3,13.8,260.0,8.9,8.44
139738,0.0,31,3.53,103.2,97.0,85.2,13.2,165.0,8.6,3.36
139739,0.0,10,2.5,78.7,178.0,87.9,13.5,259.0,6.7,1.45
139740,0.0,71,2.5,109.9,153.0,88.5,13.1,251.0,10.4,0.96
139741,0.0,19,2.5,92.7,178.0,87.9,13.5,259.0,6.7,1.45
139742,0.0,10,5.0,92.7,178.0,87.9,13.5,259.0,6.7,1.45
139743,0.0,49,2.5,95.0,170.0,89.5,13.4,165.0,7.7,3.02
139744,0.0,42,5.0,92.7,178.0,87.9,13.5,259.0,6.7,1.45
139745,0.0,50,1.62,101.9,271.0,91.7,13.6,315.0,10.7,9.1
139746,0.0,15,1.01,92.7,178.0,87.9,13.5,259.0,6.7,1.45
139747,0.0,56,5.0,102.3,230.0,90.6,13.1,295.0,9.8,3.02
139748,0.0,8,2.16,78.1,178.0,87.9,13.5,259.0,6.7,1.45
139749,0.0,16,2.5,92.7,178.0,87.9,13.5,259.0,6.7,1.45
139750,0.0,11,2.86,55.5,104.0,85.3,12.8,359.0,5.2,2.76
139751,1.0,76,0.5,78.7,199.0,94.4,13.8,154.0,6.7,0.5
139752,0.0,60,5.0,112.8,152.0,88.6,13.5,257.0,7.4,4.13
139753,0.0,25,1.95,80.0,166.0,90.6,12.8,249.0,7.3,0.76
139754,0.0,53,3.76,142.3,158.0,87.1,14.6,146.0,9.6,4.26
139755,0.0,16,2.5,92.7,178.0,87.9,13.5,259.0,6.7,1.45
139756,0.0,5,2.5,92.7,178.0,87.9,13.5,259.0,6.7,1.45
139757,0.0,80,2.5,92.7,178.0,87.9,13.5,259.0,6.7,1.45
139758,0.0,56,0.75,80.4,194.0,90.4,14.7,176.0,5.1,0.71
139759,0.0,7,0.46,52.3,159.0,80.0,14.1,270.0,8.5,0.99
139760,0.0,19,1.44,73.5,218.0,92.4,12.5,289.0,6.4,0.87
139761,0.0,39,2.77,92.7,178.0,87.9,13.5,259.0,6.7,1.45
139762,0.0,7,2.5,56.0,178.0,87.9,13.5,259.0,6.7,1.45
139763,0.0,9,2.5,68.3,178.0,87.9,13.5,259.0,6.7,1.45
139764,0.0,62,3.38,112.6,243.0,84.5,14.0,324.0,8.2,6.17
139765,0.0,5,2.98,55.6,178.0,80.9,13.3,206.0,6.3,1.41
139766,0.0,14,2.87,92.7,178.0,87.9,13.5,259.0,6.7,1.45
139767,0.0,47,0.04,72.1,178.0,87.9,13.5,259.0,6.7,1.45
139768,0.0,5,1.8,92.7,178.0,87.9,13.5,259.0,6.7,1.45
139769,0.0,16,2.77,120.2,219.0,83.7,13.8,258.0,5.2,13.51
139770,0.0,46,1.32,94.0,205.0,92.9,13.8,357.0,5.8,9.03
139771,0.0,30,2.5,92.7,178.0,87.9,13.5,259.0,6.7,1.45
139772,0.0,71,2.5,92.7,178.0,87.9,13.5,259.0,6.7,1.45
139774,0.0,61,5.0,108.4,252.0,94.5,13.4,222.0,7.2,4.74
139775,0.0,32,3.03,97.1,169.0,95.1,12.6,274.0,8.1,0.3
139776,0.0,51,5.0,80.3,212.0,83.4,13.2,277.0,5.1,0.73
139777,0.0,40,5.0,98.8,233.0,86.1,13.5,235.0,5.4,0.46
139778,0.0,9,1.08,92.7,178.0,87.9,13.5,259.0,6.7,1.45
139780,1.0,72,3.55,109.0,132.0,82.6,13.4,232.0,7.1,2.57
139781,0.0,74,4.06,121.8,150.0,89.6,14.3,204.0,8.9,3.31
139782,0.0,37,5.0,93.7,174.0,91.2,13.0,225.0,6.9,0.69
139783,0.0,60,2.74,92.7,178.0,87.9,13.5,259.0,6.7,1.45
139784,0.0,11,1.68,90.4,114.0,85.6,13.3,298.0,7.0,1.96
139785,0.0,52,2.5,92.7,178.0,87.9,13.5,259.0,6.7,1.45
139786,0.0,22,2.21,75.7,139.0,87.4,13.0,370.0,6.9,1.25
139787,0.0,76,4.05,137.1,126.0,88.6,13.5,262.0,8.4,1.35
139788,0.0,15,2.4,76.6,145.0,85.7,13.0,225.0,7.2,0.24
139789,0.0,34,1.74,87.1,106.0,94.3,12.8,214.0,7.0,5.93
139790,1.0,80,3.69,92.7,231.0,85.2,15.2,185.0,5.6,5.74
139791,0.0,9,3.49,63.0,98.0,86.0,14.1,184.0,4.5,1.03
139792,0.0,26,3.16,92.7,178.0,87.9,13.5,259.0,6.7,1.45
139793,1.0,79,2.49,122.7,171.0,96.0,14.3,221.0,6.6,5.68
139794,0.0,6,0.98,55.6,172.0,76.1,17.4,265.0,6.6,0.11
139795,0.0,21,0.72,124.0,178.0,85.8,13.8,315.0,8.7,1.45
139796,0.0,43,5.0,95.8,180.0,87.9,13.2,196.0,5.6,3.71
139797,0.0,4,5.0,57.2,178.0,80.2,14.0,354.0,6.4,1.69
139798,0.0,69,2.44,119.5,186.0,85.7,14.6,219.0,7.9,1.54
139799,1.0,61,1.14,109.0,156.0,89.1,14.3,370.0,12.1,12.67
139800,0.0,63,2.5,92.7,178.0,87.9,13.5,259.0,6.7,1.45
139801,1.0,70,1.85,95.6,213.0,85.6,14.7,276.0,5.4,17.17
139802,0.0,20,2.5,106.8,147.0,82.2,13.4,289.0,9.5,3.19
139803,0.0,16,3.42,92.7,178.0,87.9,13.5,259.0,6.7,1.45
139804,0.0,38,3.91,128.6,185.0,84.9,17.7,266.0,11.1,9.87
139805,0.0,7,1.61,92.7,178.0,87.9,13.5,259.0,6.7,1.45
139806,0.0,7,5.0,92.7,178.0,87.9,13.5,259.0,6.7,1.45
139807,0.0,70,2.5,92.7,178.0,87.9,13.5,259.0,6.7,1.45
139808,0.0,70,1.24,119.3,130.0,82.2,20.1,238.0,7.2,0.85
139809,0.0,46,0.87,94.3,210.0,72.8,16.7,389.0,6.4,11.13
139810,0.0,14,0.19,81.7,178.0,85.6,14.8,214.0,4.7,0.42
139811,0.0,4,2.0,53.0,178.0,81.4,13.3,435.0,7.2,0.23
139812,0.0,15,1.49,110.8,146.0,85.2,13.1,309.0,9.2,5.95
139813,0.0,6,1.3,54.2,164.0,88.6,12.8,257.0,7.5,0.11
139814,0.0,47,2.88,88.2,169.0,82.0,14.0,161.0,5.2,5.49
139815,0.0,51,2.1,107.7,204.0,90.1,12.7,217.0,6.6,1.27
139816,0.0,29,5.0,119.5,185.0,86.5,12.7,339.0,9.9,7.32
139817,0.0,66,2.5,110.5,182.0,88.0,15.1,344.0,7.5,4.6
139818,0.0,15,5.0,80.0,147.0,83.6,13.1,372.0,4.5,2.04
139819,1.0,62,5.0,89.2,182.0,93.3,12.7,435.0,18.4,0.53
139820,0.0,45,5.0,109.7,177.0,90.1,14.0,261.0,7.2,2.53
139821,0.0,68,5.0,92.7,178.0,87.9,13.5,259.0,6.7,1.45
139822,0.0,28,2.16,92.7,178.0,87.9,13.5,259.0,6.7,1.45
139823,0.0,80,0.85,92.7,178.0,87.9,13.5,259.0,6.7,1.45
139824,0.0,13,1.41,92.7,178.0,87.9,13.5,259.0,6.7,1.45
139825,0.0,29,2.5,96.4,185.0,85.2,13.0,231.0,8.8,2.09
139826,0.0,45,2.5,92.7,178.0,87.9,13.5,259.0,6.7,1.45
139827,1.0,80,5.0,102.5,140.0,95.0,13.4,166.0,5.7,0.68
139828,0.0,43,2.5,92.7,179.0,84.1,14.1,210.0,5.8,3.47
139829,0.0,68,1.1,119.2,207.0,84.7,12.9,333.0,7.4,5.93
139830,1.0,73,2.65,99.8,201.0,90.6,13.0,253.0,7.1,1.07
139831,0.0,1,5.0,92.7,178.0,87.9,13.5,259.0,6.7,1.45
139832,0.0,10,2.29,92.7,178.0,87.9,13.5,259.0,6.7,1.45
139833,0.0,51,1.95,105.4,207.0,80.7,13.9,264.0,6.2,7.11
139834,0.0,8,5.0,83.1,197.0,81.8,12.6,373.0,7.2,2.29
139835,0.0,16,2.5,92.2,180.0,86.9,13.2,354.0,10.8,0.88
139836,0.0,61,5.0,92.7,178.0,87.9,13.5,259.0,6.7,1.45
139837,0.0,53,2.5,92.7,178.0,87.9,13.5,259.0,6.7,1.45
139838,0.0,14,2.5,92.7,178.0,87.9,13.5,259.0,6.7,1.45
139839,0.0,4,2.5,92.7,178.0,87.9,13.5,259.0,6.7,1.45
139840,0.0,56,5.0,111.6,252.0,93.4,12.6,169.0,5.7,0.72
139841,0.0,4,2.31,89.9,178.0,87.9,13.5,259.0,6.7,1.45
139842,0.0,3,0.67,92.7,178.0,87.9,13.5,259.0,6.7,1.45
139843,0.0,18,2.5,83.5,114.0,81.5,13.2,206.0,5.6,0.76
139844,0.0,57,2.78,83.4,199.0,87.9,13.6,286.0,5.2,3.54
139845,0.0,80,2.5,88.6,117.0,89.2,13.7,202.0,7.2,1.79
139846,0.0,18,0.66,91.2,157.0,87.0,13.7,258.0,7.0,5.18
139847,0.0,63,4.32,74.6,243.0,88.4,12.5,199.0,4.4,0.2
139848,0.0,16,1.1,67.3,178.0,77.5,16.2,222.0,5.5,1.45
139849,0.0,41,2.83,92.7,149.0,87.5,13.7,213.0,4.8,8.45
139850,0.0,6,5.0,92.7,178.0,87.9,13.5,259.0,6.7,1.45
139851,0.0,60,3.69,97.8,146.0,89.8,13.5,210.0,4.3,0.87
139852,0.0,2,2.5,43.2,178.0,87.9,13.5,259.0,6.7,1.45
139853,0.0,44,4.31,95.5,178.0,87.9,13.5,259.0,6.7,1.45
139854,0.0,56,0.99,108.1,242.0,68.0,15.8,243.0,7.1,4.72
139855,0.0,32,0.62,92.7,178.0,87.9,13.5,259.0,6.7,1.45
139856,0.0,35,0.03,100.5,177.0,89.0,14.0,240.0,6.1,6.19
139857,0.0,64,0.36,74.3,194.0,93.0,12.6,254.0,5.5,0.28
139858,0.0,58,3.21,92.7,178.0,87.9,13.5,259.0,6.7,1.45
139859,0.0,25,2.5,85.0,191.0,90.8,12.5,253.0,6.7,0.55
139860,0.0,10,2.98,59.6,272.0,87.6,13.6,265.0,6.8,0.22
139861,0.0,62,2.5,92.7,172.0,87.4,13.1,237.0,5.7,0.83
139862,0.0,80,2.5,92.7,178.0,87.9,13.5,259.0,6.7,1.45
139863,1.0,71,1.72,148.4,178.0,87.9,13.5,259.0,6.7,1.45
139864,0.0,3,3.82,48.2,178.0,83.0,13.1,345.0,6.7,0.11
139865,0.0,21,2.59,118.6,189.0,86.9,12.7,242.0,5.0,0.99
139866,0.0,72,2.5,92.7,178.0,87.9,13.5,259.0,6.7,1.45
139867,0.0,69,1.17,128.2,157.0,94.0,13.2,342.0,10.1,10.05
139868,0.0,21,1.71,79.6,165.0,88.9,12.9,252.0,8.0,0.34
139869,0.0,80,0.84,127.5,135.0,88.5,14.3,251.0,8.2,4.06
139870,0.0,42,3.87,111.2,185.0,86.5,13.0,272.0,7.4,12.71
139871,0.0,35,0.3,79.1,195.0,88.5,13.1,382.0,4.3,0.33
139872,0.0,14,2.5,92.7,178.0,87.9,13.5,259.0,6.7,1.45
139873,0.0,71,2.5,86.9,178.0,90.2,13.7,71.0,6.4,1.45
139874,0.0,42,2.78,154.7,186.0,85.3,14.9,285.0,7.6,4.76
139875,0.0,66,2.5,92.7,178.0,87.9,13.5,259.0,6.7,1.45
139876,0.0,48,4.0,92.7,178.0,87.9,13.5,259.0,6.7,1.45
139877,0.0,26,2.5,92.7,178.0,87.9,13.5,259.0,6.7,1.45
139878,0.0,25,5.0,92.7,178.0,87.9,13.5,259.0,6.7,1.45
139879,0.0,63,2.5,101.3,207.0,83.7,13.8,163.0,5.8,0.82
139880,0.0,12,3.06,92.7,178.0,87.9,13.5,259.0,6.7,1.45
139881,0.0,19,2.5,79.7,166.0,85.7,14.4,307.0,5.9,1.73
139882,0.0,75,2.5,92.7,178.0,87.9,13.5,259.0,6.7,1.45
139883,0.0,4,4.5,92.7,178.0,87.9,13.5,259.0,6.7,1.45
139884,0.0,6,1.67,52.7,178.0,87.9,13.5,259.0,6.7,1.45
139885,0.0,1,2.15,92.7,178.0,87.9,13.5,259.0,6.7,1.45
139886,0.0,76,5.0,98.8,227.0,90.5,12.5,187.0,7.0,2.28
139887,0.0,73,1.72,92.7,178.0,87.9,13.5,259.0,6.7,1.45
139888,1.0,70,5.0,84.0,308.0,92.6,12.8,263.0,6.4,2.52
139889,0.0,30,5.0,90.5,164.0,89.2,13.1,234.0,6.0,1.36
139890,0.0,38,1.75,124.0,151.0,83.2,14.1,266.0,7.6,4.18
139891,0.0,6,2.5,56.4,107.0,81.5,12.3,322.0,8.7,0.11
139892,0.0,13,0.57,92.7,178.0,87.9,13.5,259.0,6.7,1.45
139893,0.0,51,0.62,92.7,178.0,87.9,13.5,259.0,6.7,1.45
139894,0.0,12,4.68,82.0,178.0,86.0,14.2,299.0,9.4,0.51
139895,1.0,73,0.17,110.8,195.0,80.6,26.8,75.0,5.4,14.98
139896,0.0,45,2.5,92.7,178.0,87.9,13.5,259.0,6.7,1.45
139897,0.0,33,4.71,120.2,178.0,88.6,13.9,252.0,6.2,1.45
139898,0.0,48,2.5,80.4,259.0,76.7,17.2,440.0,5.8,0.56
139899,0.0,41,1.58,171.5,178.0,87.9,13.5,259.0,6.7,1.45
139900,0.0,76,2.54,92.5,179.0,88.1,14.6,299.0,7.2,5.44
139901,0.0,56,0.45,106.8,290.0,89.9,13.3,345.0,8.4,4.7
139902,0.0,34,1.91,92.7,178.0,87.9,13.5,259.0,6.7,1.45
139903,0.0,60,4.34,91.5,163.0,84.4,13.7,241.0,6.1,0.97
139904,0.0,31,4.31,92.7,178.0,87.9,13.5,259.0,6.7,1.45
139905,0.0,28,1.82,92.7,178.0,87.9,13.5,259.0,6.7,1.45
139906,0.0,6,2.16,57.5,178.0,87.9,13.5,259.0,6.7,1.45
139907,0.0,53,2.58,81.0,217.0,91.0,13.4,257.0,6.2,4.5
139908,0.0,2,0.76,45.9,178.0,87.9,13.5,259.0,6.7,1.45
139909,0.0,8,5.0,66.1,178.0,87.4,12.9,296.0,8.1,1.45
139910,1.0,67,5.0,95.1,118.0,88.6,13.4,222.0,8.1,1.06
139911,0.0,38,2.5,92.7,178.0,87.9,13.5,259.0,6.7,1.45
139912,0.0,62,5.0,85.3,136.0,88.8,12.8,233.0,7.5,8.31
139913,0.0,7,4.38,94.6,122.0,79.4,13.5,334.0,6.2,1.03
139914,0.0,8,0.7,58.5,178.0,87.9,13.5,259.0,6.7,1.45
139915,0.0,69,0.52,92.7,178.0,88.1,15.0,302.0,8.1,2.09
139916,0.0,42,1.51,120.0,188.0,91.0,13.4,174.0,5.5,2.36
139917,0.0,71,0.84,94.0,210.0,88.2,12.9,170.0,10.8,0.81
139918,0.0,55,5.0,114.6,203.0,89.5,14.0,385.0,8.9,0.47
139919,0.0,68,5.0,116.5,140.0,90.3,12.8,267.0,6.2,0.36
139920,0.0,65,5.0,125.1,227.0,92.6,13.0,189.0,5.3,5.63
139921,0.0,37,5.0,84.3,188.0,82.0,13.3,315.0,5.7,4.65
139922,0.0,30,2.5,72.3,211.0,83.6,13.6,316.0,5.6,0.33
139923,0.0,4,5.0,49.3,178.0,87.9,13.5,259.0,6.7,1.45
139924,0.0,1,2.5,92.7,178.0,87.9,13.5,259.0,6.7,1.45
139925,0.0,60,5.0,92.7,178.0,87.9,13.5,259.0,6.7,1.45
139926,0.0,71,2.28,93.6,200.0,88.0,13.5,251.0,7.0,0.86
139927,0.0,35,0.14,92.7,178.0,87.9,13.5,259.0,6.7,1.45
139928,0.0,8,1.03,92.7,178.0,87.9,13.5,259.0,6.7,1.45
139929,1.0,36,1.0,92.7,178.0,87.9,13.5,259.0,6.7,1.45
139930,0.0,25,2.85,113.6,178.0,87.9,13.5,259.0,6.7,1.45
139931,0.0,39,1.32,93.2,172.0,75.3,14.0,346.0,9.5,0.86
139932,0.0,80,2.05,92.7,178.0,87.9,13.5,259.0,6.7,1.45
139933,1.0,70,1.18,92.7,256.0,91.7,13.9,266.0,9.3,8.56
139934,0.0,46,2.5,121.9,179.0,71.3,16.1,263.0,6.8,3.12
139935,0.0,69,3.55,124.3,183.0,91.2,14.7,221.0,4.6,2.53
139936,0.0,72,5.0,82.3,175.0,96.5,12.5,251.0,6.1,1.97
139937,0.0,39,1.61,90.1,172.0,95.0,12.2,243.0,6.3,0.39
139938,0.0,39,1.54,92.7,178.0,87.9,13.5,259.0,6.7,1.45
139939,0.0,34,4.42,85.4,194.0,95.3,12.2,198.0,5.5,2.47
139941,0.0,43,3.08,75.3,139.0,89.3,12.1,221.0,6.9,0.6
139942,0.0,30,0.02,98.7,132.0,92.5,13.0,248.0,7.4,1.57
139943,0.0,46,5.0,92.7,178.0,87.9,13.5,259.0,6.7,1.45
139944,0.0,54,3.73,98.1,189.0,85.1,13.0,355.0,10.5,2.45
139945,0.0,73,0.77,92.7,178.0,87.9,13.5,259.0,6.7,1.45
139946,0.0,68,1.84,146.0,134.0,92.7,13.8,352.0,8.1,14.22
139947,0.0,80,2.5,92.7,178.0,87.9,13.5,259.0,6.7,1.45
139948,0.0,13,4.27,74.8,120.0,88.1,12.5,216.0,6.9,0.11
139949,0.0,76,2.5,113.1,226.0,87.6,13.5,275.0,4.6,4.97
139950,0.0,76,2.06,93.7,176.0,83.8,13.9,538.0,10.9,1.09
139951,0.0,69,3.28,95.7,232.0,82.1,16.7,143.0,4.0,0.29
139952,0.0,6,2.5,92.7,178.0,87.9,13.5,259.0,6.7,1.45
139953,0.0,56,2.5,92.7,178.0,87.9,13.5,259.0,6.7,1.45
139954,1.0,62,5.0,100.6,178.0,89.1,13.7,192.0,9.2,1.45
139955,0.0,13,0.27,92.7,125.0,86.3,13.3,445.0,4.6,0.82
139956,0.0,51,0.65,92.7,178.0,87.9,13.5,259.0,6.7,1.45
139957,0.0,9,0.4,92.7,178.0,80.8,12.9,319.0,9.4,1.45
139958,0.0,1,0.47,92.7,178.0,83.0,12.6,324.0,11.6,0.18
139959,0.0,70,4.42,113.0,96.0,82.5,14.4,175.0,6.2,1.19
139960,0.0,12,2.39,73.2,161.0,84.7,14.0,405.0,8.8,0.11
139961,0.0,12,0.88,92.7,178.0,87.9,13.5,259.0,6.7,1.45
139962,0.0,1,2.3,92.7,178.0,76.9,14.6,389.0,9.6,1.45
139963,0.0,8,1.77,63.2,167.0,82.7,13.9,215.0,11.1,9.06
139964,0.0,80,1.75,103.6,228.0,94.7,13.5,191.0,7.4,1.7
139965,0.0,69,5.0,87.5,212.0,85.4,13.0,157.0,6.7,0.97
139966,0.0,17,3.47,90.5,236.0,81.4,13.4,256.0,9.4,3.45
139967,0.0,21,1.86,108.2,203.0,91.8,12.9,242.0,6.9,1.62
139968,0.0,31,0.55,80.7,154.0,91.2,13.0,296.0,8.0,0.81
139969,0.0,18,5.0,78.2,188.0,86.1,12.3,218.0,4.8,2.76
139970,0.0,29,2.5,92.7,178.0,87.9,13.5,259.0,6.7,1.45
139971,0.0,5,2.5,66.6,178.0,68.1,13.7,307.0,7.1,0.23
139972,0.0,67,5.0,117.8,256.0,87.2,13.6,233.0,5.7,5.99
139973,0.0,11,0.55,69.9,150.0,84.5,13.5,294.0,7.9,0.61
139974,0.0,70,1.31,100.9,178.0,87.9,13.5,259.0,6.7,1.45
139975,0.0,11,0.07,58.5,115.0,85.3,13.0,238.0,5.7,0.33
139976,0.0,13,2.5,92.7,178.0,87.9,13.5,259.0,6.7,1.45
139977,1.0,69,2.74,110.8,168.0,90.1,12.7,292.0,9.1,5.9
139978,0.0,61,5.0,93.8,138.0,91.7,13.8,253.0,3.9,9.91
139979,0.0,5,0.62,54.6,178.0,82.0,13.3,265.0,7.2,0.37
139980,0.0,31,0.5,98.7,178.0,87.9,13.5,259.0,6.7,1.45
139981,1.0,45,4.12,156.7,184.0,92.3,13.9,237.0,7.1,5.71
139982,0.0,43,4.03,133.3,136.0,88.8,14.1,311.0,9.2,14.39
139983,0.0,60,4.66,108.8,202.0,82.0,14.3,437.0,7.2,8.17
139984,0.0,62,2.92,99.1,207.0,80.5,14.1,322.0,6.0,0.69
139985,1.0,71,1.28,92.7,178.0,87.9,13.5,259.0,6.7,1.45
139986,0.0,2,4.53,49.0,178.0,76.8,14.9,404.0,7.6,1.45
139987,0.0,29,5.0,99.3,188.0,86.6,13.3,218.0,5.2,1.41
139988,1.0,80,2.5,92.7,178.0,87.9,13.5,259.0,6.7,1.45
139989,0.0,12,0.74,68.7,117.0,77.1,15.2,315.0,4.9,0.11
139990,0.0,7,0.99,54.9,163.0,82.0,13.6,331.0,7.9,0.11
139991,0.0,6,1.14,92.7,178.0,87.9,13.5,259.0,6.7,1.45
139993,0.0,14,1.57,68.8,146.0,79.1,14.6,284.0,7.2,0.33
139994,0.0,63,5.0,92.7,178.0,87.9,13.5,259.0,6.7,1.45
139995,0.0,69,0.89,112.9,154.0,89.2,14.2,154.0,6.4,3.04
139996,0.0,66,2.62,103.3,266.0,80.7,16.5,226.0,4.9,8.42
139997,0.0,27,4.04,101.2,153.0,81.7,14.0,240.0,8.4,6.51
139998,0.0,66,4.18,88.1,254.0,84.5,12.7,460.0,12.3,3.56
139999,1.0,65,1.04,92.7,178.0,87.9,13.5,259.0,6.7,1.45
140000,0.0,24,2.29,87.4,326.0,90.0,13.1,231.0,14.5,2.63
140001,0.0,41,3.6,88.2,238.0,92.8,12.9,205.0,7.2,1.32
140002,0.0,2,5.0,92.7,178.0,87.9,13.5,259.0,6.7,1.45
140003,0.0,8,3.3,92.7,178.0,87.9,13.5,259.0,6.7,1.45
140004,0.0,58,0.06,130.8,179.0,85.1,13.5,286.0,6.9,1.29
140006,0.0,31,5.0,93.2,167.0,85.4,12.6,246.0,5.1,2.34
140007,1.0,80,1.75,92.7,178.0,87.9,13.5,259.0,6.7,1.45
140008,0.0,10,1.66,69.4,171.0,84.6,13.8,350.0,6.2,0.25
140009,0.0,16,3.26,79.0,134.0,84.9,13.2,291.0,6.8,0.2
140010,1.0,71,4.15,92.7,178.0,87.9,13.5,259.0,6.7,1.45
140011,0.0,55,5.0,110.8,204.0,91.6,15.6,215.0,4.4,0.91
140012,0.0,80,5.0,92.7,178.0,87.9,13.5,259.0,6.7,1.45
140013,1.0,30,1.71,107.6,178.0,88.6,14.0,285.0,8.8,7.64
140014,0.0,39,1.67,105.2,161.0,82.5,13.5,210.0,4.7,1.58
140015,0.0,33,0.56,92.7,175.0,92.1,14.4,237.0,5.6,0.52
140016,0.0,22,5.0,86.5,210.0,86.8,13.3,284.0,6.1,1.61
140017,0.0,11,5.0,92.7,178.0,87.9,13.5,259.0,6.7,1.45
140018,0.0,13,1.55,93.2,178.0,87.9,13.5,259.0,6.7,1.45
140019,0.0,33,5.0,70.4,162.0,84.2,13.1,236.0,8.9,1.86
140020,0.0,53,5.0,82.6,198.0,93.8,14.0,286.0,6.5,2.93
140021,1.0,72,5.0,129.5,178.0,91.5,14.8,216.0,10.5,1.45
140022,0.0,62,2.84,92.0,211.0,89.6,13.4,226.0,5.4,0.99
140023,0.0,52,5.0,113.3,161.0,78.1,14.6,264.0,7.7,1.94
140024,0.0,80,5.0,90.6,178.0,87.9,13.5,259.0,6.7,1.45
140025,0.0,21,1.09,107.1,157.0,88.2,12.6,219.0,6.0,0.68
140026,0.0,68,3.0,92.7,178.0,87.9,13.5,259.0,6.7,1.45
140027,0.0,22,2.47,92.7,178.0,87.9,13.5,259.0,6.7,1.45
140028,0.0,69,2.24,109.1,242.0,96.1,14.2,288.0,9.9,0.77
140029,0.0,6,1.54,92.7,178.0,87.9,13.5,259.0,6.7,1.45
140030,0.0,4,2.17,54.3,178.0,79.8,13.5,279.0,6.3,0.33
140031,0.0,11,0.0,92.7,178.0,87.9,13.5,259.0,6.7,1.45
140032,0.0,33,2.42,99.6,210.0,77.9,13.3,220.0,5.4,0.98
140033,0.0,10,4.0,67.3,178.0,87.9,13.5,259.0,6.7,1.45
140034,0.0,51,5.0,126.3,160.0,92.2,12.4,327.0,9.0,9.52
140035,0.0,5,2.33,52.0,178.0,85.2,12.3,315.0,9.0,0.74
140036,0.0,25,2.19,92.7,178.0,87.9,13.5,259.0,6.7,1.45
140037,0.0,50,5.0,91.0,149.0,79.9,13.0,287.0,7.0,5.74
140038,0.0,19,1.44,78.8,237.0,91.5,13.4,332.0,7.6,5.24
140039,0.0,72,1.4,119.3,114.0,92.9,15.5,224.0,5.8,6.42
140040,0.0,67,5.0,97.0,182.0,93.4,13.2,260.0,5.5,0.27
140041,1.0,72,2.5,106.4,131.0,96.8,13.1,155.0,6.7,0.47
140042,0.0,51,5.0,83.2,218.0,95.5,12.9,278.0,9.4,12.9
140043,0.0,33,0.63,105.9,175.0,88.8,14.0,365.0,6.2,0.32
140044,1.0,71,2.5,108.2,142.0,81.0,15.8,262.0,7.9,1.43
140045,0.0,27,5.0,84.7,216.0,90.0,12.9,343.0,6.7,0.89
140046,1.0,80,2.5,92.7,178.0,87.9,13.5,259.0,6.7,1.45
140047,0.0,15,2.5,92.7,144.0,76.3,17.0,271.0,4.8,2.02
140048,0.0,60,2.5,92.7,178.0,87.9,13.5,259.0,6.7,1.45
140049,1.0,69,3.97,120.6,128.0,90.5,14.4,295.0,6.8,4.43
140051,0.0,14,2.92,79.1,130.0,86.7,12.9,311.0,4.3,48.82
140052,0.0,15,0.04,80.3,178.0,87.9,13.5,259.0,6.7,1.45
140053,1.0,69,2.5,113.6,162.0,91.3,13.6,253.0,8.9,1.49
140054,0.0,19,0.43,65.5,210.0,88.4,12.6,212.0,5.0,0.11
140055,0.0,30,0.31,87.0,178.0,87.9,13.5,259.0,6.7,1.45
140056,0.0,34,1.26,92.7,178.0,87.9,13.5,259.0,6.7,1.45
140057,0.0,27,3.09,69.9,173.0,87.4,13.3,263.0,11.5,0.16
140058,0.0,56,5.0,103.7,162.0,91.0,13.1,220.0,8.0,1.35
140059,0.0,31,2.28,103.9,183.0,85.1,13.4,374.0,9.1,10.84
140060,0.0,9,0.83,75.0,164.0,86.3,13.8,274.0,9.4,0.62
140062,0.0,16,1.69,68.6,147.0,85.1,12.7,328.0,4.8,0.11
140063,0.0,5,1.14,92.7,178.0,87.9,13.5,259.0,6.7,1.45
140064,0.0,67,5.0,120.1,182.0,91.6,14.1,203.0,8.5,5.87
140065,0.0,51,4.42,92.7,178.0,87.9,13.5,259.0,6.7,1.45
140066,0.0,60,2.5,92.7,178.0,87.9,13.5,259.0,6.7,1.45
140067,1.0,55,0.23,92.7,121.0,81.0,17.7,419.0,14.3,8.35
140068,0.0,63,5.0,104.6,245.0,91.0,13.9,283.0,7.6,5.59
140069,0.0,37,0.19,98.0,234.0,83.5,15.0,175.0,4.9,6.19
140070,0.0,64,5.0,97.5,208.0,97.9,12.0,346.0,4.6,0.48
140071,0.0,33,2.31,102.5,185.0,86.6,12.5,318.0,6.2,4.57
140072,0.0,42,1.56,76.3,196.0,87.9,13.3,196.0,6.9,0.53
140073,1.0,63,0.66,143.3,147.0,83.0,13.4,252.0,7.5,4.13
140074,0.0,79,1.92,114.2,174.0,91.4,13.2,229.0,5.0,0.78
140075,1.0,38,1.98,113.7,220.0,84.5,13.3,289.0,8.5,2.7
140076,0.0,17,4.34,92.7,178.0,87.9,13.5,259.0,6.7,1.45
140077,1.0,72,0.48,92.7,178.0,87.9,13.5,259.0,6.7,1.45
140078,0.0,48,5.0,87.7,184.0,91.3,12.8,242.0,4.0,12.44
140079,0.0,21,2.5,92.7,178.0,87.9,13.5,259.0,6.7,1.45
140080,0.0,10,1.6,85.3,177.0,87.7,14.1,368.0,8.1,0.93
140081,0.0,30,5.0,84.0,198.0,86.5,13.3,209.0,6.9,1.65
140082,0.0,19,5.0,92.1,165.0,78.7,13.7,280.0,4.5,4.83
140083,0.0,5,4.63,51.2,178.0,79.4,14.5,234.0,5.6,0.11
140084,0.0,55,2.5,92.7,178.0,87.9,13.5,259.0,6.7,1.45
140085,0.0,69,2.94,92.7,178.0,87.9,13.5,259.0,6.7,1.45
140086,1.0,73,0.89,127.4,178.0,104.1,14.3,202.0,8.9,4.65
140087,0.0,4,5.0,50.7,178.0,82.3,12.9,358.0,7.4,0.23
140088,0.0,76,4.12,85.0,236.0,95.5,14.3,400.0,7.1,0.73
140089,0.0,14,0.82,111.4,215.0,81.7,14.3,371.0,12.1,9.44
140090,0.0,37,5.0,82.8,157.0,91.1,12.7,291.0,7.8,0.4
140091,0.0,59,3.82,116.0,178.0,86.6,13.8,339.0,5.5,1.45
140092,0.0,57,1.95,94.2,178.0,85.3,13.0,272.0,5.9,1.45
140093,0.0,4,3.6,92.7,178.0,87.9,13.5,259.0,6.7,1.45
140094,0.0,29,5.0,74.4,202.0,88.1,12.6,225.0,5.6,0.27
140095,1.0,59,0.72,115.0,178.0,87.9,13.5,259.0,6.7,1.45
140096,0.0,80,2.4,86.4,182.0,88.6,14.0,229.0,3.9,6.51
140097,0.0,49,4.34,114.2,178.0,92.9,12.3,240.0,6.1,3.65
140098,0.0,8,4.83,94.4,150.0,83.6,13.1,425.0,10.8,1.43
140099,0.0,6,1.39,51.2,178.0,76.8,14.5,277.0,13.7,1.45
140100,0.0,74,5.0,92.7,178.0,87.9,13.5,259.0,6.7,1.45
140101,0.0,24,5.0,83.2,142.0,88.0,13.0,244.0,7.8,1.65
140102,0.0,16,1.64,75.5,190.0,90.9,13.1,206.0,6.4,1.31
140104,0.0,47,2.68,85.0,203.0,76.9,16.6,363.0,6.3,0.98
140105,1.0,78,1.07,104.4,135.0,79.8,15.4,251.0,5.1,0.22
140106,0.0,12,1.26,66.6,180.0,87.4,12.9,358.0,7.8,0.11
140107,0.0,11,0.97,84.3,178.0,87.9,13.5,259.0,6.7,1.45
140108,0.0,5,1.19,80.2,178.0,87.9,13.5,259.0,6.7,1.45
140109,1.0,57,3.3,105.2,178.0,87.9,13.5,259.0,6.7,1.45
140110,0.0,55,3.96,117.6,349.0,93.2,14.8,315.0,5.5,10.0
140111,0.0,25,5.0,93.0,131.0,86.9,13.5,235.0,4.7,0.85
140112,0.0,22,1.4,80.0,150.0,83.5,14.4,246.0,5.7,1.71
140113,0.0,14,2.5,92.7,178.0,87.9,13.5,259.0,6.7,1.45
140114,0.0,10,3.97,64.4,147.0,84.6,13.2,326.0,6.4,0.5
140115,0.0,42,5.0,124.8,240.0,89.8,13.1,215.0,7.5,1.3
140116,0.0,39,1.77,92.7,178.0,87.9,13.5,259.0,6.7,1.45
140117,0.0,26,1.94,110.3,140.0,81.4,13.2,183.0,7.7,10.88
140118,0.0,59,3.3,104.3,146.0,91.9,13.2,215.0,7.4,6.57
140119,0.0,34,2.16,103.2,212.0,88.6,14.4,249.0,6.8,3.82
140120,0.0,5,0.57,50.0,178.0,87.9,13.5,259.0,6.7,1.45
140121,0.0,24,2.73,74.0,174.0,90.7,13.0,196.0,4.3,3.51
140122,0.0,37,4.25,138.4,174.0,85.2,14.2,259.0,9.4,77.79
140123,0.0,19,1.71,92.7,178.0,87.9,13.5,259.0,6.7,1.45
140124,0.0,32,0.38,92.7,178.0,87.9,13.5,259.0,6.7,1.45
140125,0.0,6,0.87,61.2,178.0,87.9,13.5,259.0,6.7,1.45
140126,0.0,1,0.49,92.7,178.0,87.9,13.5,259.0,6.7,1.45
140127,0.0,65,1.97,96.0,179.0,89.7,13.0,272.0,6.1,2.09
140128,0.0,16,2.11,89.0,145.0,87.1,12.7,195.0,6.7,0.23
140129,0.0,42,1.29,85.5,178.0,83.6,13.8,278.0,4.4,1.71
140130,1.0,64,5.0,91.1,182.0,93.3,12.7,202.0,6.8,1.15
140131,0.0,74,1.72,92.7,290.0,91.2,15.7,223.0,9.1,0.31
140132,0.0,29,1.49,76.2,130.0,86.9,13.1,296.0,9.4,4.36
140133,0.0,40,2.5,84.9,186.0,89.6,18.0,341.0,7.7,0.41
140134,0.0,63,4.56,98.1,167.0,90.2,13.0,309.0,7.0,0.37
140135,1.0,80,4.8,119.3,185.0,92.5,14.8,246.0,11.4,5.21
140136,0.0,9,2.5,70.3,178.0,87.9,13.5,259.0,6.7,1.45
140137,0.0,50,2.39,99.7,183.0,71.3,16.1,336.0,8.6,1.27
140138,0.0,13,2.42,79.3,161.0,82.4,13.3,259.0,5.5,10.44
140139,0.0,64,2.1,103.2,192.0,90.0,13.8,253.0,7.7,1.82
140140,0.0,13,2.83,81.0,177.0,85.9,14.3,416.0,7.5,0.33
140141,0.0,8,2.5,57.0,178.0,87.9,13.5,259.0,6.7,1.45
140142,0.0,46,5.0,92.7,178.0,87.9,13.5,259.0,6.7,1.45
140143,0.0,59,2.5,85.4,209.0,85.0,13.5,284.0,8.6,5.96
140144,0.0,68,5.0,102.4,164.0,84.2,13.9,421.0,9.2,3.7
140145,0.0,60,0.96,106.2,178.0,93.8,13.0,203.0,6.9,1.45
140146,0.0,5,1.09,47.2,178.0,87.9,13.5,259.0,6.7,1.45
140147,0.0,33,0.66,92.7,178.0,87.9,13.5,259.0,6.7,1.45
140148,0.0,53,5.0,86.3,257.0,92.2,13.0,353.0,5.9,0.58
140149,0.0,65,5.0,106.7,214.0,83.9,14.5,219.0,6.6,0.81
140150,0.0,8,1.61,95.0,178.0,87.9,13.5,259.0,6.7,1.45
140151,0.0,44,5.0,92.7,178.0,87.9,13.5,259.0,6.7,1.45
140152,1.0,62,2.5,94.2,101.0,96.5,12.7,277.0,8.0,5.01
140153,0.0,38,5.0,102.0,241.0,85.0,13.9,280.0,5.3,17.76
140154,0.0,28,4.06,92.7,178.0,87.9,13.5,259.0,6.7,1.45
140155,0.0,21,2.5,81.6,206.0,81.0,14.3,301.0,7.3,2.18
140156,0.0,68,1.75,100.7,124.0,89.5,13.3,151.0,6.9,0.66
140157,0.0,8,1.19,92.7,236.0,85.9,12.8,245.0,5.9,0.42
140158,0.0,63,3.97,110.1,209.0,91.8,13.9,290.0,8.9,0.64
140159,0.0,7,1.4,67.8,178.0,87.9,13.5,259.0,6.7,1.45
140160,0.0,39,3.42,92.7,178.0,87.9,13.5,259.0,6.7,1.45
140161,0.0,73,3.04,114.8,211.0,92.3,13.2,180.0,6.3,1.86
140162,0.0,12,0.61,72.6,178.0,87.9,13.5,259.0,6.7,1.45
140163,0.0,80,5.0,84.2,224.0,89.1,14.6,260.0,6.1,3.03
140164,1.0,80,1.18,92.7,178.0,87.9,13.5,259.0,6.7,1.45
140165,0.0,71,1.72,97.8,116.0,84.3,14.7,205.0,6.7,2.25
140166,0.0,22,2.39,108.0,207.0,84.5,13.5,221.0,7.2,2.18
140167,0.0,4,2.5,50.0,178.0,87.9,13.5,259.0,6.7,1.45
140168,0.0,15,5.0,74.3,178.0,87.9,13.5,259.0,6.7,1.45
140169,0.0,32,2.5,92.4,125.0,89.8,12.4,239.0,3.4,3.31
140170,0.0,45,2.5,92.7,178.0,87.9,13.5,259.0,6.7,1.45
140171,0.0,49,1.84,92.7,178.0,87.9,13.5,259.0,6.7,1.45
140172,1.0,79,5.0,99.6,138.0,99.4,14.4,346.0,6.1,1.23
140173,0.0,35,1.05,114.8,176.0,88.1,12.9,287.0,7.8,6.9
140174,1.0,61,0.79,92.7,137.0,85.1,13.9,275.0,6.7,4.38
140175,0.0,19,1.67,98.6,132.0,84.3,13.3,322.0,9.7,2.8
140176,0.0,31,4.04,92.7,158.0,90.2,14.0,224.0,8.5,2.22
140177,0.0,1,0.46,92.7,178.0,87.9,13.5,259.0,6.7,1.45
140178,0.0,68,0.26,100.6,234.0,92.8,14.0,379.0,7.4,3.01
140179,0.0,67,1.32,99.0,189.0,89.1,12.7,205.0,6.8,0.53
140180,0.0,34,1.21,101.6,210.0,83.9,13.4,286.0,11.9,6.98
140181,1.0,53,1.66,119.2,144.0,101.0,14.8,183.0,6.6,7.59
140182,0.0,24,5.0,81.8,178.0,87.9,13.5,259.0,6.7,1.45
140183,0.0,16,1.62,92.7,148.0,70.7,19.3,387.0,4.8,0.62
140184,0.0,36,5.0,82.1,141.0,86.1,13.2,209.0,11.3,0.83
140185,0.0,47,5.0,75.7,219.0,86.0,13.1,267.0,3.0,0.76
140186,0.0,10,2.77,57.0,140.0,79.5,13.2,342.0,9.9,9.19
140187,0.0,40,5.0,93.9,198.0,86.9,12.5,313.0,7.6,8.29
140188,0.0,51,5.0,92.7,178.0,87.9,13.5,259.0,6.7,1.45
140189,1.0,80,1.23,91.5,205.0,103.4,14.1,191.0,5.5,0.53
140190,0.0,4,1.13,50.3,178.0,87.9,13.5,259.0,6.7,1.45
140191,0.0,16,3.42,78.1,178.0,91.1,12.8,313.0,7.1,0.79
140192,0.0,77,1.2,92.7,161.0,77.6,18.9,295.0,6.3,1.35
140193,0.0,64,3.13,110.3,224.0,89.1,13.6,226.0,5.5,3.12
140194,0.0,55,2.46,98.2,191.0,85.8,12.8,235.0,6.4,6.28
140195,0.0,33,1.51,92.7,178.0,87.9,13.5,259.0,6.7,1.45
140196,0.0,38,4.68,92.7,178.0,87.9,13.5,259.0,6.7,1.45
140197,0.0,67,4.93,101.5,200.0,88.8,12.8,254.0,7.3,1.14
140198,0.0,15,1.39,92.7,178.0,87.9,13.5,259.0,6.7,1.45
140199,0.0,55,5.0,137.4,165.0,90.4,13.8,234.0,8.1,1.04
140200,0.0,66,2.21,78.0,189.0,89.7,13.8,173.0,4.2,0.24
140201,0.0,48,1.8,92.7,223.0,86.6,12.4,254.0,7.9,6.44
140202,0.0,2,5.0,51.8,178.0,78.4,14.6,453.0,5.5,0.53
140204,0.0,1,2.82,92.7,178.0,87.9,13.5,259.0,6.7,1.45
140205,0.0,14,2.5,63.5,129.0,91.3,12.7,190.0,5.4,0.11
140206,0.0,6,1.15,53.2,178.0,87.9,13.5,259.0,6.7,1.45
140207,0.0,8,5.0,55.5,190.0,80.1,13.1,284.0,5.9,0.15
140208,1.0,65,0.87,130.5,238.0,81.6,15.9,278.0,5.6,7.7
140210,0.0,7,2.5,54.7,178.0,87.9,13.5,259.0,6.7,1.45
140211,0.0,26,1.34,92.7,178.0,87.9,13.5,259.0,6.7,1.45
140212,1.0,68,5.0,124.8,162.0,85.4,13.5,318.0,7.9,0.95
140213,0.0,14,5.0,92.7,178.0,87.9,13.5,259.0,6.7,1.45
140214,0.0,72,1.23,118.8,151.0,78.1,14.7,216.0,8.8,6.03
140215,0.0,29,2.36,92.7,125.0,85.2,12.6,194.0,6.5,3.56
140216,1.0,80,2.5,99.3,134.0,94.7,14.2,140.0,8.4,1.41
140217,1.0,68,2.5,101.0,169.0,94.6,14.9,467.0,6.2,5.45
140218,0.0,52,1.8,84.3,204.0,87.9,13.6,201.0,7.2,0.99
140219,0.0,53,5.0,177.2,146.0,93.8,14.2,199.0,5.9,6.33
140220,0.0,16,5.0,97.7,158.0,87.9,13.5,259.0,6.7,1.84
140221,0.0,63,5.0,111.4,195.0,86.5,14.3,262.0,6.6,8.35
140222,0.0,14,2.08,97.6,160.0,85.0,12.5,338.0,7.2,2.36
140223,0.0,37,1.85,97.7,178.0,87.9,13.5,259.0,6.7,1.45
140224,0.0,64,2.4,107.8,209.0,93.0,13.8,284.0,8.7,3.12
140225,0.0,3,0.28,50.4,178.0,83.3,12.3,277.0,6.8,0.23
140226,0.0,46,3.09,104.2,214.0,87.3,14.1,294.0,5.3,0.84
140227,0.0,1,0.03,92.7,178.0,87.9,13.5,259.0,6.7,1.45
140228,0.0,63,5.0,74.9,160.0,88.7,12.9,216.0,5.0,0.44
140229,0.0,73,2.5,92.7,178.0,87.9,13.5,259.0,6.7,1.45
140230,0.0,69,1.01,107.6,165.0,91.9,17.0,225.0,7.8,5.97
140231,0.0,5,2.5,92.7,178.0,87.9,13.5,259.0,6.7,1.45
140232,0.0,57,3.69,100.8,184.0,67.3,15.8,380.0,8.0,1.69
140234,0.0,8,5.0,56.7,178.0,87.9,13.5,259.0,6.7,1.45
140235,0.0,6,1.05,45.8,158.0,79.5,13.3,268.0,8.2,0.19
140236,0.0,22,2.5,92.7,178.0,87.9,13.5,259.0,6.7,1.45
140237,0.0,31,1.01,99.7,209.0,92.8,13.0,289.0,6.0,3.84
140238,0.0,18,1.32,97.1,149.0,85.0,12.6,243.0,6.7,0.38
140239,0.0,24,1.77,90.0,124.0,88.4,12.5,334.0,6.4,2.5
140240,0.0,5,1.32,54.4,178.0,82.4,12.4,404.0,9.0,1.45
140241,0.0,73,2.5,92.7,178.0,87.9,13.5,259.0,6.7,1.45
140242,0.0,7,2.5,92.7,178.0,87.9,13.5,259.0,6.7,1.45
140243,0.0,27,0.3,97.4,147.0,90.3,15.2,185.0,4.8,1.21
140244,0.0,22,2.5,86.2,181.0,90.0,13.1,240.0,5.8,1.38
140245,0.0,68,5.0,92.8,154.0,92.4,13.7,193.0,5.6,0.65
140246,0.0,70,5.0,89.2,217.0,87.8,14.0,278.0,8.6,2.1
140247,0.0,27,2.5,92.7,178.0,87.9,13.5,259.0,6.7,1.45
140248,0.0,25,3.68,116.7,178.0,90.8,13.3,261.0,8.9,1.45
140249,0.0,35,2.56,79.5,277.0,88.9,13.5,295.0,9.4,0.59
140250,1.0,29,5.0,92.7,178.0,87.9,13.5,259.0,6.7,1.45
140251,0.0,7,0.25,48.6,121.0,86.9,12.8,274.0,7.1,0.11
140252,0.0,53,2.78,111.4,214.0,87.6,14.3,277.0,5.3,5.23
140253,0.0,6,2.5,61.9,178.0,87.9,13.5,259.0,6.7,1.45
140254,0.0,67,3.33,116.2,174.0,94.0,13.3,147.0,4.4,0.6
140255,0.0,9,2.5,92.7,178.0,87.9,13.5,259.0,6.7,1.45
140256,0.0,4,5.0,92.7,178.0,87.9,13.5,259.0,6.7,1.45
140257,0.0,7,0.65,68.7,178.0,87.9,13.5,259.0,6.7,1.45
140258,0.0,1,5.0,92.7,178.0,87.9,13.5,259.0,6.7,1.45
140259,0.0,25,2.61,92.7,178.0,87.9,13.5,259.0,6.7,1.45
140260,0.0,13,0.03,92.7,178.0,87.9,13.5,259.0,6.7,1.45
140261,0.0,14,0.36,92.7,178.0,87.9,13.5,259.0,6.7,1.45
140262,0.0,23,0.04,77.4,134.0,87.4,12.6,461.0,7.1,15.43
140263,0.0,10,1.51,81.6,169.0,82.3,14.6,334.0,9.4,2.47
140264,0.0,64,0.85,92.7,178.0,87.9,13.5,259.0,6.7,1.45
140265,0.0,41,5.0,96.6,231.0,90.6,13.4,349.0,8.8,4.81
140266,0.0,51,0.46,92.7,233.0,82.6,16.3,296.0,5.4,4.33
140267,0.0,4,2.36,62.2,178.0,87.9,13.5,259.0,6.7,1.45
140268,0.0,4,3.22,57.1,178.0,78.8,14.5,264.0,5.2,1.45
140269,1.0,67,5.0,103.2,182.0,99.3,12.9,227.0,5.4,2.22
140270,0.0,4,2.5,92.7,178.0,87.9,13.5,259.0,6.7,1.45
140271,0.0,17,3.28,75.8,181.0,83.6,12.6,279.0,4.9,0.28
140272,0.0,66,0.96,106.2,136.0,98.1,13.5,286.0,4.9,80.6
140273,0.0,66,0.11,92.7,178.0,87.9,13.5,259.0,6.7,1.45
140274,0.0,8,2.48,82.1,180.0,75.5,14.5,424.0,8.6,2.5
140275,0.0,53,3.49,92.7,178.0,87.9,13.5,259.0,6.7,1.45
140276,0.0,63,3.43,106.9,220.0,100.7,12.4,186.0,6.8,2.8
140277,0.0,15,2.5,92.7,178.0,87.9,13.5,259.0,6.7,1.45
140278,0.0,26,1.8,92.7,178.0,87.9,13.5,259.0,6.7,1.45
140279,0.0,63,0.55,92.7,178.0,87.9,13.5,259.0,6.7,1.45
140280,0.0,33,1.41,71.6,219.0,94.4,13.2,228.0,4.2,1.57
140281,0.0,69,2.62,101.7,200.0,91.8,12.6,196.0,5.8,1.16
140282,0.0,73,2.71,109.8,200.0,89.7,14.2,269.0,6.9,1.93
140283,0.0,28,1.85,76.2,177.0,76.8,17.0,417.0,9.8,0.24
140284,0.0,17,1.8,92.7,178.0,87.9,13.5,259.0,6.7,1.45
140285,0.0,43,5.0,92.7,181.0,89.8,12.4,359.0,8.7,0.66
140286,0.0,58,5.0,92.7,173.0,92.5,12.8,128.0,4.6,1.31
140287,0.0,35,0.85,92.7,178.0,87.9,13.5,259.0,6.7,1.45
140288,0.0,34,1.85,116.1,167.0,86.6,15.8,201.0,8.6,13.84
140289,0.0,71,5.0,92.7,178.0,87.9,13.5,259.0,6.7,1.45
140290,0.0,14,2.5,92.7,178.0,87.9,13.5,259.0,6.7,1.45
140291,0.0,36,2.1,85.4,187.0,82.1,12.9,163.0,5.6,0.32
140292,0.0,16,3.78,76.1,197.0,86.2,13.6,247.0,5.9,0.44
140293,0.0,63,3.04,98.7,246.0,91.3,13.2,325.0,7.2,1.37
140294,0.0,55,3.96,92.7,178.0,87.9,13.5,259.0,6.7,1.45
140295,0.0,14,1.85,111.5,144.0,86.8,13.2,232.0,6.9,3.02
140296,0.0,17,2.28,92.7,178.0,87.9,13.5,259.0,6.7,1.45
140297,0.0,18,0.0,92.7,178.0,87.9,13.5,259.0,6.7,1.45
140298,0.0,35,3.47,112.0,204.0,90.5,13.2,217.0,8.2,2.73
140299,0.0,25,3.57,133.0,186.0,81.7,13.5,286.0,10.0,6.02
140300,0.0,38,1.52,92.7,178.0,87.9,13.5,259.0,6.7,1.45
140301,0.0,10,1.39,96.8,146.0,77.1,14.8,300.0,5.3,4.25
140302,1.0,69,0.56,103.8,147.0,90.7,13.0,218.0,6.6,0.87
140303,0.0,69,2.43,110.7,165.0,91.6,14.1,241.0,4.8,0.82
140304,0.0,33,4.54,115.4,184.0,88.6,13.2,343.0,11.0,3.83
140305,0.0,65,4.37,92.7,178.0,87.9,13.5,259.0,6.7,1.45
140306,0.0,45,2.61,92.7,178.0,87.9,13.5,259.0,6.7,1.45
140307,0.0,73,5.0,92.7,178.0,87.9,13.5,259.0,6.7,1.45
140308,0.0,19,0.11,92.7,178.0,87.9,13.5,259.0,6.7,1.45
140309,0.0,16,0.43,95.2,178.0,87.9,13.5,259.0,6.7,1.45
140311,0.0,25,1.47,121.7,125.0,88.6,15.3,260.0,7.9,5.03
140312,0.0,2,4.26,92.7,178.0,87.9,13.5,259.0,6.7,1.45
140313,0.0,31,2.5,97.5,207.0,101.6,13.1,211.0,5.6,0.31
140314,1.0,64,5.0,155.5,150.0,84.4,14.3,269.0,15.1,13.71
140315,0.0,33,5.0,92.8,192.0,93.7,12.8,281.0,4.9,0.31
140316,0.0,44,2.77,109.7,158.0,85.7,15.1,249.0,5.1,3.24
140317,0.0,38,2.5,84.1,110.0,90.3,13.7,215.0,6.1,0.63
140318,0.0,69,2.5,92.7,178.0,87.9,13.5,259.0,6.7,1.45
140319,0.0,65,2.5,121.3,165.0,96.6,12.5,245.0,10.9,2.47
140320,0.0,67,5.0,90.0,198.0,91.2,13.0,234.0,5.8,0.25
140321,0.0,76,2.23,118.4,153.0,87.2,13.5,232.0,8.1,3.1
140322,0.0,29,3.68,123.2,174.0,89.3,14.5,299.0,10.8,46.18
140323,1.0,62,1.82,92.7,178.0,87.9,13.5,259.0,6.7,1.45
140324,0.0,9,2.5,66.3,149.0,85.0,12.5,445.0,8.2,0.33
140325,0.0,76,2.58,92.7,178.0,87.9,13.5,259.0,6.7,1.45
140326,0.0,77,2.5,92.7,178.0,87.9,13.5,259.0,6.7,1.45
140327,0.0,63,5.0,88.7,268.0,89.7,13.0,198.0,5.7,0.91
140328,0.0,75,3.28,122.0,142.0,94.5,15.8,213.0,8.0,0.77
140329,0.0,16,0.46,68.3,177.0,70.5,15.7,425.0,8.2,0.49
140330,1.0,80,5.0,92.9,152.0,89.6,12.9,195.0,6.2,1.13
140331,0.0,24,0.38,92.7,178.0,87.9,13.5,259.0,6.7,1.45
140332,1.0,64,2.46,117.0,215.0,95.0,15.1,136.0,3.4,1.25
140333,0.0,42,5.0,94.3,198.0,90.8,12.7,275.0,8.6,2.98
140334,0.0,79,2.5,92.7,178.0,87.9,13.5,259.0,6.7,1.45
140335,0.0,16,5.0,92.7,178.0,87.9,13.5,259.0,6.7,1.45
140336,0.0,41,5.0,98.1,178.0,88.3,12.8,291.0,6.1,1.45
140337,0.0,4,1.3,55.0,178.0,80.0,13.5,370.0,5.9,2.91
140338,0.0,9,0.48,68.4,178.0,87.9,13.5,259.0,6.7,1.45
140339,0.0,57,2.87,92.7,178.0,87.9,13.5,259.0,6.7,1.45
140340,0.0,9,5.0,92.7,178.0,87.9,13.5,259.0,6.7,1.45
140341,0.0,64,2.5,122.4,294.0,90.2,13.9,244.0,6.6,6.53
140342,0.0,61,2.5,92.7,178.0,87.9,13.5,259.0,6.7,1.45
140343,0.0,75,5.0,92.7,178.0,87.9,13.5,259.0,6.7,1.45
140344,0.0,1,2.5,92.7,178.0,87.9,13.5,259.0,6.7,1.45
140345,1.0,71,1.15,155.0,178.0,93.2,14.0,211.0,7.8,1.45
140346,0.0,34,2.5,97.5,144.0,85.1,14.4,212.0,3.8,2.47
140347,0.0,34,2.33,97.3,179.0,87.6,14.6,234.0,11.0,2.49
140348,0.0,45,5.0,92.7,178.0,87.9,13.5,259.0,6.7,1.45
140349,0.0,4,2.5,92.7,178.0,87.9,13.5,259.0,6.7,1.45
140350,1.0,50,5.0,107.7,131.0,92.1,13.4,242.0,7.3,1.21
140351,0.0,9,0.41,74.3,161.0,81.0,13.2,271.0,8.9,1.12
140352,0.0,20,4.44,80.3,221.0,84.7,13.2,221.0,8.2,7.89
140353,1.0,67,5.0,93.5,158.0,86.9,13.1,197.0,7.4,1.93
140354,0.0,49,2.54,102.2,159.0,83.2,12.9,207.0,3.8,6.06
140355,0.0,79,4.72,119.5,199.0,90.9,14.5,236.0,5.8,0.55
140356,0.0,73,2.5,92.7,178.0,87.9,13.5,259.0,6.7,1.45
140357,0.0,76,2.87,130.5,235.0,95.6,13.0,248.0,5.2,5.54
140358,0.0,31,3.42,121.3,178.0,87.9,13.5,259.0,6.7,1.45
140359,0.0,19,2.16,92.7,178.0,87.9,13.5,259.0,6.7,1.45
140360,0.0,22,0.99,107.6,197.0,76.2,15.0,264.0,8.0,1.56
140361,0.0,5,1.68,48.7,178.0,87.9,13.5,259.0,6.7,1.45
140362,0.0,54,0.08,105.0,240.0,91.2,12.9,291.0,7.1,1.15
140363,0.0,13,2.77,74.2,133.0,83.2,12.4,315.0,4.5,0.65
140364,0.0,24,5.0,83.5,225.0,87.1,12.4,248.0,5.6,0.19
140365,0.0,5,1.34,48.6,178.0,82.2,13.0,491.0,12.5,0.37
140366,0.0,12,0.23,92.7,178.0,87.9,13.5,259.0,6.7,1.45
140367,0.0,19,2.5,92.7,178.0,87.9,13.5,259.0,6.7,1.45
140368,0.0,67,4.12,92.7,178.0,87.9,13.5,259.0,6.7,1.45
140369,0.0,76,3.82,92.7,192.0,94.8,14.1,197.0,5.3,2.97
140370,0.0,3,1.07,92.7,178.0,87.9,13.5,259.0,6.7,1.45
140371,0.0,31,5.0,83.2,214.0,90.2,13.4,254.0,5.1,3.54
140372,0.0,34,2.5,92.7,178.0,87.9,13.5,259.0,6.7,1.45
140373,0.0,68,1.55,92.7,178.0,87.9,13.5,259.0,6.7,1.45
140374,1.0,33,2.5,92.7,178.0,87.9,13.5,259.0,6.7,1.45
140375,1.0,67,5.0,92.7,178.0,87.9,13.5,259.0,6.7,1.45
140376,0.0,5,1.54,92.7,178.0,87.9,13.5,259.0,6.7,1.45
140377,0.0,30,2.5,92.7,178.0,87.9,13.5,259.0,6.7,1.45
140378,0.0,6,4.68,92.7,178.0,87.9,13.5,259.0,6.7,1.45
140379,0.0,39,0.87,88.3,222.0,86.6,14.6,420.0,7.5,4.61
140380,0.0,68,0.97,128.5,133.0,85.8,14.1,246.0,7.6,1.83
140381,0.0,62,1.53,104.2,157.0,87.4,14.0,259.0,6.2,1.9
140382,0.0,57,2.21,93.7,244.0,80.3,16.6,316.0,6.3,0.91
140383,0.0,14,5.0,92.7,178.0,87.9,13.5,259.0,6.7,1.45
140384,0.0,62,2.25,109.8,223.0,72.5,15.5,193.0,6.4,5.8
140385,0.0,77,1.8,115.4,163.0,84.8,15.1,242.0,5.6,2.18
140386,0.0,38,2.77,101.7,158.0,86.1,12.4,262.0,7.5,0.97
140387,0.0,57,5.0,112.4,219.0,82.3,14.0,259.0,7.0,13.57
140388,0.0,8,1.67,92.7,178.0,87.9,13.5,259.0,6.7,1.45
140389,0.0,24,0.0,92.7,178.0,87.9,13.5,259.0,6.7,1.45
140390,0.0,59,5.0,101.9,201.0,86.5,14.4,209.0,6.7,2.2
140391,0.0,5,2.5,92.7,178.0,87.9,13.5,259.0,6.7,1.45
140392,0.0,49,5.0,96.0,252.0,85.8,13.5,270.0,6.5,9.27
140393,0.0,9,0.21,92.7,178.0,87.9,13.5,259.0,6.7,1.45
140394,0.0,33,0.96,92.7,178.0,87.9,13.5,259.0,6.7,1.45
140395,1.0,80,2.5,92.7,178.0,87.9,13.5,259.0,6.7,1.45
140396,0.0,72,2.5,92.7,178.0,87.9,13.5,259.0,6.7,1.45
140397,0.0,59,2.5,92.7,178.0,87.9,13.5,259.0,6.7,1.45
140398,0.0,44,2.5,79.5,234.0,90.8,13.4,238.0,4.4,0.76
140399,0.0,79,3.28,107.1,272.0,93.1,13.7,176.0,8.8,1.24
140400,0.0,37,1.17,91.6,193.0,89.1,14.1,278.0,5.4,0.22
140401,0.0,16,2.92,64.5,196.0,96.9,12.6,318.0,7.1,2.55
140402,0.0,6,5.0,64.0,158.0,79.9,13.3,349.0,5.7,0.11
140403,1.0,76,4.34,92.7,207.0,91.9,12.8,142.0,4.9,1.3
140404,0.0,70,0.91,80.3,86.0,87.5,19.4,401.0,5.5,1.32
140405,1.0,53,2.5,102.0,186.0,93.2,13.5,250.0,6.7,1.3
140406,1.0,64,0.71,109.0,200.0,90.0,15.8,337.0,8.9,8.2
140407,0.0,40,3.22,92.7,178.0,87.9,13.5,259.0,6.7,1.45
140408,0.0,19,0.7,73.1,103.0,90.2,13.6,219.0,6.2,0.32
140409,0.0,30,5.0,91.0,190.0,90.2,12.9,233.0,7.2,0.24
140410,0.0,15,2.54,75.8,135.0,87.0,12.9,226.0,4.6,0.73
140411,0.0,73,5.0,92.7,178.0,87.9,13.5,259.0,6.7,1.45
140412,0.0,55,4.94,106.6,236.0,91.2,13.4,265.0,6.3,1.26
140413,0.0,9,1.85,66.6,217.0,83.5,12.8,422.0,8.8,0.94
140414,0.0,42,0.88,92.7,178.0,87.9,13.5,259.0,6.7,1.45
140415,0.0,4,5.0,92.7,178.0,87.9,13.5,259.0,6.7,1.45
140416,0.0,49,4.11,92.7,178.0,87.9,13.5,259.0,6.7,1.45
140417,0.0,56,2.79,92.7,208.0,90.1,12.1,287.0,6.0,0.31
140418,0.0,78,2.5,92.7,178.0,89.8,12.9,266.0,6.2,1.6
140419,0.0,54,2.5,92.7,178.0,87.9,13.5,259.0,6.7,1.45
140420,0.0,18,2.16,89.6,217.0,86.2,13.3,265.0,11.9,9.25
140421,1.0,80,3.33,105.3,157.0,91.7,13.7,219.0,6.8,0.61
140422,0.0,24,2.4,69.2,144.0,92.2,12.7,233.0,6.3,0.6
140423,0.0,51,5.0,102.4,203.0,91.5,12.6,346.0,5.9,8.24
140424,0.0,61,5.0,89.0,156.0,89.5,14.4,258.0,6.0,2.56
140425,0.0,66,2.5,88.4,118.0,75.6,14.1,477.0,9.2,13.87
140426,0.0,41,0.35,117.5,268.0,87.2,14.0,391.0,5.7,2.66
140427,0.0,80,0.61,92.7,178.0,87.9,13.5,259.0,6.7,1.45
140428,0.0,28,5.0,100.3,194.0,91.7,12.4,242.0,9.3,1.03
140429,0.0,11,5.0,68.1,135.0,85.9,15.2,186.0,4.0,0.11
140430,0.0,48,5.0,86.8,210.0,90.6,13.6,309.0,7.3,4.29
140431,0.0,2,2.88,48.0,178.0,87.9,13.5,259.0,6.7,1.45
140432,0.0,5,0.94,62.0,178.0,83.3,14.4,235.0,8.7,0.38
140433,1.0,68,1.51,85.2,186.0,94.9,13.4,261.0,8.3,0.98
140434,0.0,2,1.37,67.2,178.0,87.9,13.5,259.0,6.7,1.45
140435,0.0,42,4.34,91.9,206.0,83.4,14.1,265.0,9.2,11.98
140436,0.0,26,2.94,92.4,178.0,82.5,13.2,280.0,6.9,5.01
140437,0.0,80,3.8,94.5,195.0,93.7,13.5,169.0,7.6,0.94
140438,0.0,69,2.5,92.7,178.0,87.9,13.5,259.0,6.7,1.45
140439,0.0,10,2.5,76.8,178.0,87.9,13.5,259.0,6.7,1.45
140440,0.0,60,1.61,92.7,178.0,87.9,13.5,259.0,6.7,1.45
140441,0.0,1,2.85,92.7,178.0,75.9,14.3,408.0,8.1,0.71
140442,1.0,74,2.5,92.7,178.0,87.9,13.5,259.0,6.7,1.45
140443,0.0,47,2.48,102.4,269.0,93.8,13.0,268.0,6.3,2.83
140444,0.0,47,3.6,113.9,228.0,83.5,12.9,311.0,5.3,0.7
140445,0.0,47,3.13,83.6,197.0,87.7,14.5,172.0,4.8,0.87
140446,0.0,47,1.09,87.0,167.0,86.3,14.5,295.0,5.0,1.96
140447,0.0,54,1.52,92.7,178.0,87.9,13.5,259.0,6.7,1.45
140448,0.0,2,1.75,45.9,178.0,87.9,13.5,259.0,6.7,1.45
140449,0.0,35,1.95,107.1,192.0,85.4,13.5,289.0,7.8,0.98
140450,0.0,5,2.5,50.9,178.0,87.9,13.5,259.0,6.7,1.45
140451,0.0,73,1.2,101.3,119.0,98.4,12.7,166.0,7.9,0.54
140452,0.0,13,4.3,92.7,178.0,87.9,13.5,259.0,6.7,1.45
140453,0.0,2,0.82,53.6,178.0,87.9,13.5,259.0,6.7,1.45
140454,0.0,10,3.71,64.4,131.0,82.8,13.3,223.0,4.2,0.11
140455,0.0,31,1.51,95.6,151.0,87.4,14.8,279.0,7.7,1.33
140456,1.0,80,2.5,126.9,151.0,94.8,12.8,230.0,8.4,0.52
140457,0.0,15,1.71,77.7,140.0,87.3,14.2,153.0,8.5,0.61
140458,0.0,22,0.03,82.3,200.0,88.4,13.1,212.0,7.3,9.81
140459,0.0,60,0.93,92.6,166.0,88.0,13.8,282.0,7.0,1.29
140460,0.0,71,2.18,121.8,219.0,92.4,14.0,279.0,8.9,4.27
140461,0.0,13,2.69,67.5,178.0,87.9,13.5,259.0,6.7,1.45
140462,0.0,8,2.26,92.7,178.0,87.9,13.5,259.0,6.7,1.45
140463,0.0,2,2.29,48.2,178.0,75.6,14.0,333.0,9.8,1.45
140464,0.0,55,2.5,92.7,178.0,87.9,13.5,259.0,6.7,1.45
140465,0.0,9,1.07,92.7,178.0,87.9,13.5,259.0,6.7,1.45
140466,1.0,61,0.88,75.1,182.0,97.5,13.7,185.0,5.9,0.88
140467,0.0,57,3.22,80.4,238.0,91.1,12.9,288.0,6.9,1.09
140468,0.0,4,3.22,50.8,178.0,77.4,13.4,217.0,5.1,0.32
140469,0.0,2,5.0,92.7,178.0,87.9,13.5,259.0,6.7,1.45
140470,0.0,45,1.83,93.4,170.0,94.9,13.3,227.0,7.0,0.61
140471,0.0,57,5.0,84.4,145.0,84.6,13.6,229.0,6.5,0.76
140472,0.0,76,5.0,108.3,220.0,87.1,14.0,265.0,7.1,1.19
140473,0.0,53,4.86,93.0,169.0,85.2,15.6,314.0,5.5,32.89
140474,0.0,64,4.21,99.6,234.0,91.0,15.0,167.0,4.2,2.51
140475,1.0,69,2.76,96.6,132.0,91.6,14.4,244.0,6.1,0.24
140476,0.0,76,2.5,96.5,187.0,98.9,15.7,319.0,8.1,1.79
140477,0.0,61,1.47,81.2,198.0,95.0,15.3,251.0,6.7,1.49
140478,0.0,43,1.3,99.6,179.0,80.1,14.6,280.0,7.0,3.84
140479,0.0,58,0.66,137.7,135.0,85.3,14.2,301.0,9.2,19.77
140480,0.0,45,4.37,92.7,148.0,89.4,13.4,155.0,6.9,24.18
140481,0.0,4,1.17,92.7,178.0,87.9,13.5,259.0,6.7,1.45
140482,0.0,55,5.0,77.7,186.0,90.9,14.4,198.0,6.1,4.63
140483,0.0,80,2.58,110.9,194.0,94.3,14.8,84.0,4.3,1.77
140484,0.0,80,0.73,92.7,178.0,87.9,13.5,259.0,6.7,1.45
140485,0.0,78,3.31,105.5,202.0,91.2,14.1,208.0,5.7,1.97
140486,0.0,62,5.0,126.8,225.0,89.4,13.5,295.0,13.2,0.88
140487,0.0,10,2.5,92.7,178.0,87.9,13.5,259.0,6.7,1.45
140488,0.0,11,3.08,92.7,178.0,87.9,13.5,259.0,6.7,1.45
140489,0.0,9,0.3,54.5,149.0,84.3,12.8,287.0,9.9,0.11
140490,0.0,65,2.95,139.8,205.0,91.8,13.3,209.0,5.1,11.95
140491,1.0,62,2.5,92.7,178.0,87.9,13.5,259.0,6.7,1.45
140492,0.0,46,5.0,82.9,201.0,91.4,13.2,432.0,8.0,1.97
140493,0.0,63,3.04,105.3,213.0,88.1,13.9,260.0,5.2,2.55
140494,0.0,30,5.0,91.8,228.0,89.9,12.9,249.0,4.6,0.59
140495,0.0,45,5.0,113.5,143.0,81.7,15.5,270.0,5.7,3.16
140496,0.0,7,2.5,92.7,178.0,87.9,13.5,259.0,6.7,1.45
140497,0.0,1,2.55,92.7,178.0,82.8,11.9,294.0,7.9,4.92
140498,0.0,56,2.87,99.8,229.0,85.5,12.8,316.0,7.6,5.61
140499,0.0,57,0.99,118.6,173.0,81.3,16.8,327.0,8.8,18.66
140500,0.0,6,2.85,56.8,143.0,83.0,12.4,273.0,8.1,0.26
140501,0.0,8,1.01,92.7,178.0,87.9,13.5,259.0,6.7,1.45
140502,0.0,54,2.94,124.3,178.0,95.8,13.4,82.0,5.3,5.34
140503,0.0,10,1.27,62.9,169.0,82.5,13.2,417.0,7.0,0.34
140504,0.0,13,1.07,92.7,178.0,87.9,13.5,259.0,6.7,1.45
140505,0.0,53,5.0,100.1,154.0,81.1,14.8,273.0,8.6,9.5
140506,1.0,80,2.5,92.7,81.0,116.7,15.6,326.0,10.2,7.51
140507,0.0,22,4.05,105.5,190.0,86.7,12.6,273.0,8.8,0.9
140508,0.0,27,5.0,107.4,193.0,90.6,13.0,164.0,5.7,1.76
140509,0.0,68,0.86,99.1,156.0,90.6,14.3,173.0,4.9,0.59
140510,0.0,15,2.41,134.5,178.0,87.9,13.5,259.0,6.7,1.45
140511,1.0,80,2.5,103.0,156.0,98.3,12.8,171.0,5.3,0.44
140512,0.0,36,1.74,73.3,170.0,94.6,12.7,191.0,6.2,1.1
140513,0.0,9,1.49,76.1,178.0,87.9,13.5,259.0,6.7,1.45
140514,0.0,43,0.98,87.1,118.0,90.8,14.2,183.0,5.9,0.26
140515,0.0,1,0.79,92.7,178.0,87.9,13.5,259.0,6.7,1.45
140516,0.0,8,2.86,66.5,178.0,87.9,13.5,259.0,6.7,1.45
140517,1.0,66,5.0,97.1,127.0,92.7,14.6,187.0,7.2,1.18
140518,0.0,60,0.76,105.5,214.0,91.1,13.0,195.0,4.6,1.14
140519,0.0,5,2.5,50.8,178.0,87.9,13.5,259.0,6.7,1.45
140520,0.0,23,5.0,92.7,178.0,87.9,13.5,259.0,6.7,1.45
140521,0.0,23,2.79,79.0,227.0,82.6,14.3,284.0,6.0,2.6
140522,0.0,10,5.0,61.0,178.0,87.9,13.5,259.0,6.7,1.45
140523,0.0,49,2.57,96.1,267.0,79.1,13.5,242.0,9.3,7.25
140524,0.0,33,5.0,94.8,194.0,83.0,12.7,201.0,9.3,9.51
140525,0.0,23,1.68,89.6,216.0,85.9,13.0,254.0,6.1,0.98
140526,0.0,17,2.19,92.1,157.0,85.5,13.6,273.0,5.5,3.48
140527,0.0,68,2.5,81.5,189.0,89.3,13.3,224.0,5.5,5.35
140528,0.0,39,2.5,92.7,178.0,87.9,13.5,259.0,6.7,1.45
140529,0.0,41,4.5,122.0,138.0,86.7,13.4,248.0,10.2,3.52
140530,0.0,25,2.5,92.7,177.0,65.1,16.6,407.0,10.8,13.05
140531,1.0,58,5.0,119.6,225.0,89.1,13.5,345.0,7.3,7.33
140532,0.0,29,2.5,89.6,178.0,87.9,13.5,259.0,6.7,1.45
140533,0.0,27,5.0,77.4,193.0,90.3,12.5,286.0,4.9,0.63
140534,0.0,32,2.5,92.7,178.0,87.9,13.5,259.0,6.7,1.45
140535,0.0,52,1.86,92.7,178.0,87.9,13.5,259.0,6.7,1.45
140536,0.0,1,1.71,92.7,178.0,81.7,15.5,507.0,9.7,0.67
140537,0.0,5,2.61,92.7,178.0,87.9,13.5,259.0,6.7,1.45
140538,0.0,59,1.64,102.5,178.0,69.6,17.5,262.0,8.1,1.45
140539,0.0,41,4.63,95.8,181.0,93.5,13.4,172.0,5.5,1.25
140540,0.0,38,3.26,134.6,145.0,91.5,12.6,250.0,7.3,0.69
140541,0.0,57,5.0,95.0,222.0,86.3,12.8,233.0,8.0,0.86
140542,0.0,7,0.65,92.7,178.0,87.9,13.5,259.0,6.7,1.45
140543,0.0,65,5.0,107.0,216.0,87.9,13.4,227.0,4.2,1.68
140544,0.0,77,2.5,92.7,178.0,87.9,13.5,259.0,6.7,1.45
140545,0.0,54,4.12,92.7,178.0,87.9,13.5,259.0,6.7,1.45
140546,0.0,42,2.5,92.7,178.0,87.9,13.5,259.0,6.7,1.45
140547,0.0,39,1.59,153.3,147.0,64.8,19.2,381.0,7.7,19.54
140548,0.0,60,5.0,89.2,215.0,92.0,14.2,201.0,6.5,0.5
140549,0.0,36,4.02,92.7,178.0,87.9,13.5,259.0,6.7,1.45
140550,0.0,63,5.0,81.8,255.0,100.6,13.0,192.0,7.0,1.77
140551,0.0,9,1.42,63.3,196.0,84.6,12.3,323.0,5.1,0.11
140552,0.0,59,0.77,110.0,204.0,87.9,16.6,338.0,4.3,1.13
140553,0.0,27,3.09,92.7,178.0,87.9,13.5,259.0,6.7,1.45
140554,0.0,75,5.0,114.5,179.0,102.3,18.5,233.0,5.8,2.9
140555,0.0,61,3.0,94.1,215.0,94.8,13.3,263.0,8.3,1.18
140556,0.0,69,5.0,108.7,176.0,98.2,13.4,198.0,7.3,4.58
140557,0.0,16,4.44,68.0,123.0,87.5,13.5,188.0,7.8,0.11
140558,0.0,59,1.69,96.0,200.0,97.3,15.1,267.0,4.7,0.43
140559,0.0,24,0.2,92.7,162.0,89.9,13.0,165.0,7.0,3.77
140560,0.0,15,1.02,92.7,178.0,87.9,13.5,259.0,6.7,1.45
140561,0.0,59,4.1,94.7,207.0,97.3,13.0,163.0,5.6,0.95
140562,0.0,65,4.02,83.0,208.0,91.6,12.8,219.0,4.8,0.84
140563,0.0,34,0.86,92.7,216.0,82.5,14.2,169.0,11.1,14.05
140564,0.0,60,2.79,115.3,173.0,86.2,13.2,219.0,6.8,2.96
140565,0.0,22,2.5,92.7,178.0,87.9,13.5,259.0,6.7,1.45
140566,0.0,29,5.0,92.7,167.0,83.6,14.6,272.0,8.9,0.45
140567,0.0,65,2.5,92.7,178.0,87.9,13.5,259.0,6.7,1.45
140568,0.0,70,5.0,86.5,202.0,93.6,12.7,209.0,5.7,0.94
140569,0.0,75,2.5,92.7,178.0,87.9,13.5,259.0,6.7,1.45
140570,0.0,60,0.57,165.2,178.0,87.9,13.5,259.0,6.7,1.45
140571,0.0,22,1.23,75.8,132.0,86.5,12.9,313.0,7.6,0.18
140572,0.0,61,2.54,92.7,178.0,87.9,13.5,259.0,6.7,1.45
140573,0.0,8,3.87,92.7,178.0,87.9,13.5,259.0,6.7,1.45
140574,0.0,14,0.7,68.1,178.0,87.9,13.5,259.0,6.7,1.45
140575,0.0,11,4.29,71.4,178.0,87.9,13.5,259.0,6.7,1.45
140576,0.0,80,1.23,89.8,144.0,103.3,15.2,294.0,8.5,12.71
140577,0.0,3,5.0,46.5,178.0,80.7,13.4,274.0,7.2,1.45
140578,0.0,68,2.95,81.8,200.0,92.3,13.8,340.0,5.0,0.88
140579,0.0,27,4.8,77.3,191.0,87.8,12.9,226.0,4.5,0.26
140580,0.0,70,2.5,107.1,289.0,94.2,15.2,230.0,8.7,1.12
140581,1.0,75,3.44,119.9,139.0,85.7,15.4,291.0,8.4,1.32
140582,0.0,61,4.27,96.1,218.0,94.2,14.2,174.0,5.8,2.28
140583,0.0,31,5.0,114.4,180.0,90.2,12.9,309.0,11.2,5.0
140584,0.0,62,5.0,103.6,178.0,89.3,12.4,363.0,9.2,1.02
140585,0.0,1,5.0,92.7,178.0,87.9,13.5,259.0,6.7,1.45
140586,0.0,27,4.34,95.2,166.0,89.1,13.2,295.0,6.5,0.31
140587,0.0,22,0.0,92.7,178.0,87.9,13.5,259.0,6.7,1.45
140588,0.0,19,4.93,92.7,178.0,87.9,13.5,259.0,6.7,1.45
140589,0.0,46,1.48,124.1,178.0,82.3,16.9,303.0,6.1,1.8
140590,1.0,80,1.72,120.9,137.0,80.0,23.4,280.0,6.0,1.62
140591,0.0,1,0.58,92.7,178.0,87.9,13.5,259.0,6.7,1.45
140592,0.0,70,2.5,108.0,182.0,88.1,13.8,211.0,6.2,0.98
140593,0.0,9,2.09,59.4,147.0,85.0,13.5,343.0,8.5,0.47
140595,0.0,29,5.0,92.0,188.0,86.5,14.5,237.0,6.5,1.99
140596,1.0,62,0.44,108.5,194.0,88.6,12.9,162.0,5.6,0.33
140597,0.0,4,1.71,92.7,178.0,87.9,13.5,259.0,6.7,1.45
140598,0.0,25,2.05,92.7,178.0,87.9,13.5,259.0,6.7,1.45
140599,0.0,80,2.5,92.7,178.0,87.9,13.5,259.0,6.7,1.45
140600,0.0,17,2.5,74.4,178.0,87.9,13.5,259.0,6.7,1.45
140601,1.0,76,2.5,92.7,178.0,87.9,13.5,259.0,6.7,1.45
140602,0.0,11,0.35,97.5,178.0,87.9,13.5,259.0,6.7,1.45
140603,0.0,62,2.5,92.7,178.0,87.9,13.5,259.0,6.7,1.45
140604,0.0,67,0.7,104.3,127.0,85.3,13.9,209.0,6.2,0.27
140605,0.0,43,1.61,92.7,178.0,87.9,13.5,259.0,6.7,1.45
140606,0.0,64,2.5,92.7,178.0,87.9,13.5,259.0,6.7,1.45
140607,1.0,71,5.0,105.6,109.0,93.6,14.8,176.0,6.9,0.95
140608,0.0,35,3.76,134.8,173.0,86.6,12.8,232.0,5.6,1.62
140609,0.0,21,1.47,95.4,148.0,88.3,13.2,310.0,9.2,2.46
140610,0.0,80,3.47,92.7,178.0,87.9,13.5,259.0,6.7,1.45
140611,0.0,67,2.5,92.7,255.0,92.0,12.7,235.0,8.8,0.93
140612,0.0,19,1.37,92.7,178.0,87.9,13.5,259.0,6.7,1.45
140613,0.0,34,2.5,96.1,159.0,88.7,12.9,200.0,5.0,0.55
140614,0.0,35,2.5,119.7,152.0,87.2,14.5,302.0,6.8,1.33
140615,0.0,40,3.31,106.5,184.0,86.0,14.2,199.0,6.2,0.45
140616,1.0,42,1.17,114.8,175.0,99.6,11.8,203.0,6.1,6.51
140617,0.0,52,2.5,92.7,178.0,87.9,13.5,259.0,6.7,1.45
140618,0.0,24,2.74,81.1,142.0,73.5,14.8,183.0,7.5,0.32
140619,1.0,78,0.09,92.7,178.0,87.9,13.5,259.0,6.7,1.45
140620,0.0,63,5.0,97.5,229.0,81.9,14.2,189.0,3.7,3.89
140621,0.0,65,3.8,84.5,239.0,89.5,12.6,302.0,10.8,4.12
140622,0.0,32,1.21,92.7,178.0,87.9,13.5,259.0,6.7,1.45
140623,0.0,53,3.47,92.7,178.0,87.9,13.5,259.0,6.7,1.45
140624,0.0,8,1.52,61.8,156.0,81.6,12.7,268.0,7.8,1.47
140625,0.0,19,0.44,85.7,149.0,93.5,12.5,211.0,5.4,0.43
140626,0.0,65,1.32,105.6,207.0,89.8,14.3,193.0,7.5,2.59
140627,1.0,70,1.71,91.4,200.0,85.5,13.4,211.0,4.1,0.65
140628,0.0,71,5.0,78.7,230.0,88.2,13.7,326.0,6.2,0.25
140629,0.0,69,5.0,87.2,242.0,91.1,14.1,212.0,4.0,0.39
140630,0.0,57,0.0,74.8,214.0,91.3,12.8,294.0,5.6,1.41
140631,0.0,34,4.1,80.0,172.0,89.5,14.3,274.0,5.4,2.75
140632,0.0,3,0.89,63.6,178.0,75.5,14.3,283.0,8.2,13.34
140633,0.0,39,2.5,87.3,218.0,87.2,13.4,222.0,5.1,1.1
140634,0.0,10,0.85,101.1,153.0,82.0,14.5,269.0,8.3,0.69
140635,0.0,44,2.5,75.4,208.0,85.9,14.4,191.0,3.9,0.6
140636,0.0,53,0.04,133.5,311.0,103.5,14.9,309.0,4.0,0.33
140637,1.0,71,2.81,104.9,214.0,101.3,12.5,274.0,8.4,0.46
140638,0.0,10,2.72,86.4,184.0,79.9,13.3,348.0,6.8,42.66
140639,0.0,61,2.58,95.1,207.0,86.6,13.1,218.0,6.6,5.77
140640,0.0,40,2.5,72.0,156.0,100.1,13.7,177.0,3.5,0.9
140641,0.0,43,3.47,104.1,186.0,94.2,12.5,252.0,7.7,1.32
140642,0.0,10,1.57,55.6,138.0,73.1,14.5,255.0,6.9,0.11
140643,0.0,80,2.5,92.7,178.0,87.9,13.5,259.0,6.7,1.45
140644,0.0,21,3.69,115.9,142.0,73.2,18.9,309.0,11.2,18.92
140645,1.0,68,2.5,98.9,228.0,92.1,12.9,252.0,7.8,0.81
140646,0.0,73,2.46,116.3,153.0,81.0,14.4,335.0,7.9,5.25
140647,0.0,5,1.09,57.5,178.0,87.9,13.5,259.0,6.7,1.45
140648,0.0,22,1.42,102.4,210.0,89.5,12.5,261.0,9.5,1.89
140649,0.0,59,0.96,106.1,285.0,90.7,13.1,274.0,12.1,1.56
140650,0.0,47,0.38,95.7,203.0,90.8,15.6,321.0,9.6,3.05
140651,0.0,80,2.54,114.9,178.0,87.9,13.5,259.0,6.7,1.45
140652,0.0,6,3.37,55.8,125.0,81.1,13.2,364.0,7.6,0.26
140653,0.0,53,4.12,92.7,178.0,87.9,13.5,259.0,6.7,1.45
140654,0.0,1,0.65,92.7,178.0,73.5,13.7,427.0,9.4,1.45
140655,0.0,50,2.5,92.7,178.0,87.9,13.5,259.0,6.7,1.45
140657,0.0,13,2.5,73.4,151.0,89.2,13.4,286.0,5.3,0.17
140658,0.0,79,1.8,86.3,305.0,91.2,16.0,347.0,7.5,5.89
140659,1.0,72,3.9,104.0,142.0,90.4,14.1,192.0,6.3,2.02
140660,0.0,80,3.82,92.7,142.0,95.4,13.8,174.0,5.1,0.69
140661,0.0,71,3.14,114.7,178.0,89.3,13.8,313.0,7.5,1.45
140662,0.0,2,2.5,92.7,178.0,87.9,13.5,259.0,6.7,1.45
140663,0.0,19,3.97,92.8,145.0,84.2,13.8,269.0,6.3,7.01
140664,1.0,74,2.5,113.0,185.0,87.7,13.6,272.0,7.2,5.58
140665,1.0,59,5.0,113.0,194.0,93.8,14.1,192.0,4.2,3.35
140666,0.0,80,3.14,98.3,156.0,87.8,14.2,193.0,5.4,1.55
140667,0.0,67,1.75,107.9,156.0,96.2,14.1,198.0,6.1,5.67
140668,0.0,2,5.0,46.6,178.0,69.8,16.5,316.0,6.9,0.11
140669,0.0,12,2.5,67.9,178.0,87.9,13.5,259.0,6.7,1.45
140670,0.0,72,1.27,102.8,178.0,87.9,13.5,259.0,6.7,1.45
140671,0.0,7,2.5,92.7,178.0,87.9,13.5,259.0,6.7,1.45
140672,0.0,29,5.0,80.5,166.0,87.2,14.0,279.0,12.2,1.78
140673,0.0,67,3.82,112.0,174.0,90.8,13.6,333.0,9.3,3.21
140674,1.0,53,3.04,120.8,262.0,89.6,12.8,254.0,5.0,3.08
140675,0.0,15,2.5,68.0,178.0,87.9,13.5,259.0,6.7,1.45
140676,0.0,24,2.8,92.7,178.0,87.9,13.5,259.0,6.7,1.45
140677,0.0,61,3.02,108.0,220.0,92.2,14.2,246.0,7.0,1.99
140678,0.0,71,1.1,92.7,178.0,87.9,13.5,259.0,6.7,1.45
140679,0.0,1,2.5,92.7,178.0,87.9,13.5,259.0,6.7,1.45
140680,0.0,80,2.5,86.1,198.0,86.6,14.0,156.0,7.2,1.1
140681,0.0,55,2.5,92.7,178.0,87.9,13.5,259.0,6.7,1.45
140682,0.0,52,3.25,112.1,201.0,80.3,14.9,335.0,6.0,13.38
140683,0.0,44,0.0,82.2,215.0,94.7,13.2,248.0,6.8,2.93
140684,0.0,75,0.57,91.5,228.0,92.9,14.4,147.0,3.6,2.2
140685,0.0,60,2.5,92.7,178.0,87.9,13.5,259.0,6.7,1.45
140686,0.0,67,5.0,81.7,210.0,92.9,12.8,171.0,6.5,6.13
140687,0.0,44,2.5,92.7,178.0,87.9,13.5,259.0,6.7,1.45
140688,0.0,14,1.01,92.7,178.0,87.9,13.5,259.0,6.7,1.45
140689,0.0,63,5.0,127.1,186.0,89.3,14.5,189.0,6.6,8.33
140690,0.0,36,4.0,108.7,197.0,88.2,12.9,296.0,8.4,1.12
140691,0.0,15,3.23,68.2,178.0,88.6,12.8,214.0,4.2,0.71
140692,1.0,53,1.33,127.4,178.0,84.4,14.7,243.0,6.6,18.75
140693,0.0,80,1.34,92.7,178.0,87.9,13.5,259.0,6.7,1.45
140694,0.0,70,4.67,106.0,206.0,94.4,12.5,185.0,3.6,0.28
140695,0.0,5,2.5,92.7,178.0,87.9,13.5,259.0,6.7,1.45
140696,0.0,67,0.4,116.7,149.0,87.7,14.9,207.0,5.6,8.32
140697,0.0,49,2.41,91.7,165.0,88.7,14.7,307.0,9.7,7.02
140698,0.0,21,1.47,77.8,133.0,89.7,13.3,167.0,5.8,0.42
140699,1.0,66,4.06,88.2,130.0,95.0,18.1,358.0,6.2,4.9
140700,0.0,11,2.5,55.3,186.0,78.4,14.7,268.0,6.1,0.2
140701,0.0,10,2.5,92.7,178.0,87.9,13.5,259.0,6.7,1.45
140702,0.0,80,2.5,108.9,173.0,84.9,14.3,229.0,6.7,5.29
140703,0.0,40,1.85,72.4,129.0,89.4,13.9,203.0,8.4,1.59
140704,0.0,57,2.5,92.7,178.0,87.9,13.5,259.0,6.7,1.45
140705,0.0,5,1.01,92.7,178.0,87.9,13.5,259.0,6.7,1.45
140706,0.0,30,4.44,81.9,192.0,82.2,13.5,287.0,4.9,2.39
140707,0.0,16,0.7,82.7,121.0,86.9,13.7,306.0,7.5,2.88
140708,0.0,34,1.84,98.5,321.0,87.7,12.6,271.0,6.3,2.92
140709,1.0,80,4.51,113.5,132.0,90.5,13.4,248.0,6.1,1.19
140710,0.0,46,5.0,118.3,179.0,85.5,14.9,360.0,9.2,7.77
140711,1.0,58,2.14,86.0,152.0,94.0,13.5,187.0,4.2,0.54
140712,0.0,15,2.5,67.4,178.0,82.6,16.0,280.0,5.9,0.26
140713,0.0,27,5.0,92.7,178.0,87.9,13.5,259.0,6.7,1.45
140714,0.0,63,4.1,92.7,84.0,99.0,13.1,214.0,6.8,0.98
140715,0.0,6,5.0,92.7,178.0,87.9,13.5,259.0,6.7,1.45
140716,0.0,27,1.42,92.7,178.0,87.9,13.5,259.0,6.7,1.45
140717,0.0,10,1.39,55.1,178.0,87.9,13.5,259.0,6.7,1.45
140718,0.0,61,4.78,120.9,178.0,89.4,14.5,253.0,8.2,3.07
140720,1.0,61,0.46,111.4,207.0,85.7,14.0,393.0,6.6,5.3
140721,0.0,12,5.0,92.7,213.0,78.2,14.4,296.0,6.0,0.97
140722,0.0,13,2.5,92.7,178.0,87.9,13.5,259.0,6.7,1.45
140723,0.0,65,4.92,115.8,178.0,87.9,13.5,259.0,6.7,1.45
140724,0.0,46,2.5,115.2,221.0,85.4,12.6,244.0,6.8,3.31
140725,0.0,11,4.32,79.7,164.0,88.0,12.9,267.0,4.4,0.23
140726,0.0,24,0.71,110.7,252.0,85.9,12.8,341.0,9.2,3.36
140727,0.0,45,2.5,88.5,213.0,90.7,14.2,336.0,6.9,3.65
140728,0.0,38,4.68,89.6,218.0,93.5,13.3,298.0,5.3,0.51
140729,0.0,65,5.0,76.4,250.0,88.2,13.2,243.0,7.1,0.33
140730,0.0,65,5.0,94.7,154.0,88.6,13.6,176.0,4.8,1.11
140731,0.0,42,1.37,85.8,149.0,87.9,13.6,341.0,7.4,0.99
140732,0.0,19,1.01,92.7,178.0,87.9,13.5,259.0,6.7,1.45
140733,0.0,14,1.91,92.3,178.0,87.9,13.5,259.0,6.7,1.45
140734,0.0,6,5.0,54.2,178.0,87.9,13.5,259.0,6.7,1.45
140735,0.0,38,5.0,98.0,227.0,89.0,13.1,199.0,5.0,0.89
140736,1.0,80,0.88,92.7,169.0,91.5,14.3,118.0,6.8,0.27
140737,0.0,2,2.5,92.7,178.0,87.9,13.5,259.0,6.7,1.45
140738,0.0,80,1.03,92.7,178.0,87.9,13.5,259.0,6.7,1.45
140739,1.0,66,2.5,92.7,178.0,87.9,13.5,259.0,6.7,1.45
140740,0.0,49,2.4,112.0,145.0,92.6,13.0,273.0,7.5,1.46
140741,0.0,14,2.5,66.6,129.0,82.9,12.9,394.0,5.7,6.56
140742,0.0,65,2.78,113.9,177.0,84.5,14.1,248.0,6.9,4.23
140743,0.0,34,4.6,92.7,178.0,87.9,13.5,259.0,6.7,1.45
140744,0.0,18,0.48,92.7,178.0,87.9,13.5,259.0,6.7,1.45
140745,0.0,57,2.5,136.0,90.0,93.7,14.5,199.0,6.5,11.22
140746,0.0,50,2.5,98.5,243.0,61.6,20.6,433.0,8.9,1.27
140747,0.0,8,0.91,92.7,178.0,87.9,13.5,259.0,6.7,1.45
140748,0.0,76,2.5,117.9,207.0,81.3,16.7,285.0,7.2,4.14
140749,0.0,71,3.8,100.5,208.0,88.3,13.9,255.0,8.1,0.7
140750,0.0,4,0.54,50.8,178.0,79.3,12.7,302.0,6.5,0.18
140751,0.0,5,2.48,59.0,178.0,79.6,12.8,290.0,7.6,0.49
140752,0.0,77,1.44,121.8,234.0,84.2,15.6,492.0,9.8,11.71
140753,0.0,36,1.37,70.3,165.0,95.8,13.6,225.0,7.1,1.03
140754,1.0,65,5.0,108.3,129.0,96.9,12.8,274.0,5.1,2.08
140755,0.0,40,2.5,92.7,178.0,87.9,13.5,259.0,6.7,1.45
140756,0.0,48,3.76,106.2,264.0,84.2,13.3,233.0,4.9,1.17
140757,0.0,58,0.74,94.7,291.0,97.3,13.6,249.0,6.1,1.58
140758,0.0,35,1.98,98.7,189.0,84.8,14.0,316.0,10.1,3.02
140759,0.0,5,5.0,45.5,178.0,87.9,13.5,259.0,6.7,1.45
140760,0.0,75,3.8,110.0,202.0,93.3,12.5,376.0,9.1,7.89
140761,1.0,80,1.06,93.2,143.0,95.3,13.5,106.0,4.5,0.28
140762,0.0,56,5.0,109.9,171.0,77.4,15.5,374.0,6.9,0.94
140763,0.0,56,5.0,92.7,178.0,87.9,13.5,259.0,6.7,1.45
140764,0.0,13,0.05,92.7,178.0,87.9,13.5,259.0,6.7,1.45
140765,0.0,18,2.5,92.7,178.0,87.9,13.5,259.0,6.7,1.45
140766,0.0,62,4.54,123.7,227.0,92.7,14.4,131.0,4.3,2.16
140767,0.0,14,2.5,87.0,137.0,88.1,12.8,349.0,5.7,0.24
140768,0.0,13,0.31,92.7,178.0,87.9,13.5,259.0,6.7,1.45
140769,0.0,70,2.5,92.7,178.0,87.9,13.5,259.0,6.7,1.45
140770,0.0,77,2.5,92.7,178.0,87.9,13.5,259.0,6.7,1.45
140771,0.0,34,4.78,88.1,181.0,84.4,12.4,282.0,7.9,0.87
140772,0.0,5,2.05,66.0,178.0,87.9,13.5,259.0,6.7,1.45
140773,0.0,60,5.0,96.8,189.0,91.7,14.0,241.0,6.4,2.09
140774,0.0,6,2.15,58.9,178.0,87.9,13.5,259.0,6.7,1.45
140775,0.0,41,5.0,92.7,214.0,88.2,13.7,203.0,7.0,3.21
140776,0.0,64,3.17,104.6,139.0,92.6,13.2,234.0,4.3,1.36
140777,0.0,53,3.75,108.2,86.0,91.7,14.1,283.0,8.1,1.4
140778,0.0,12,2.5,92.7,178.0,87.9,13.5,259.0,6.7,1.45
140779,0.0,35,2.5,92.7,178.0,87.9,13.5,259.0,6.7,1.45
140780,0.0,4,5.0,48.9,178.0,82.7,13.1,245.0,5.7,0.11
140781,0.0,39,3.13,104.6,211.0,86.0,12.1,290.0,7.6,35.52
140782,0.0,26,3.11,92.7,178.0,87.9,13.5,259.0,6.7,1.45
140783,0.0,41,3.69,101.8,265.0,90.3,11.9,217.0,5.2,1.26
140784,0.0,29,4.42,92.7,178.0,87.9,13.5,259.0,6.7,1.45
140785,0.0,62,3.01,92.7,178.0,87.9,13.5,259.0,6.7,1.45
140786,0.0,34,5.0,85.1,201.0,86.6,12.6,219.0,4.5,0.31
140787,0.0,33,1.62,126.6,226.0,85.1,12.7,230.0,6.2,2.44
140788,0.0,64,0.82,106.1,199.0,92.9,14.9,177.0,10.0,3.0
140789,0.0,16,5.0,92.7,178.0,87.9,13.5,259.0,6.7,1.45
140790,0.0,72,2.28,105.6,197.0,90.7,13.5,184.0,7.9,1.42
140791,0.0,1,5.0,92.7,178.0,77.8,14.2,420.0,8.7,0.48
140792,0.0,56,1.62,92.7,214.0,96.4,13.8,346.0,6.8,1.4
140793,0.0,6,1.08,77.6,178.0,87.9,13.5,259.0,6.7,1.45
140794,0.0,23,2.5,108.0,165.0,91.7,13.0,255.0,6.4,1.62
140795,1.0,70,3.28,120.5,113.0,91.6,13.7,219.0,7.0,1.93
140796,0.0,33,1.08,86.0,139.0,83.8,14.1,278.0,2.1,1.73
140797,0.0,20,3.75,83.8,157.0,88.5,12.6,281.0,5.1,2.62
140798,0.0,6,0.19,58.7,178.0,87.9,13.5,259.0,6.7,1.45
140799,0.0,64,0.1,92.7,190.0,95.2,12.6,201.0,9.5,1.18
140800,0.0,13,1.14,75.2,178.0,85.8,14.8,267.0,7.0,1.45
140801,0.0,58,4.31,98.2,184.0,95.0,12.4,169.0,7.4,1.76
140802,0.0,2,2.5,49.2,178.0,72.7,16.5,337.0,8.1,1.45
140803,0.0,57,5.0,80.1,259.0,97.2,14.4,216.0,7.3,0.58
140804,0.0,30,5.0,96.9,216.0,88.3,12.9,225.0,7.8,0.66
140805,0.0,59,2.49,85.7,216.0,86.1,13.3,225.0,3.8,0.32
140806,0.0,13,3.93,93.6,136.0,84.1,12.7,391.0,9.0,2.08
140807,0.0,53,5.0,118.2,212.0,83.5,14.1,301.0,7.7,1.4
140808,0.0,27,5.0,84.4,178.0,87.9,13.5,259.0,6.7,1.45
140809,0.0,14,2.5,92.7,178.0,87.9,13.5,259.0,6.7,1.45
140810,0.0,57,2.5,92.7,178.0,87.9,13.5,259.0,6.7,1.45
140811,0.0,37,0.39,92.7,178.0,87.9,13.5,259.0,6.7,1.45
140812,0.0,63,5.0,121.0,187.0,91.2,13.6,358.0,7.7,0.63
140813,0.0,75,1.12,75.1,161.0,93.2,14.8,194.0,7.1,0.21
140814,0.0,7,1.31,56.3,178.0,83.3,14.0,286.0,7.5,1.45
140815,0.0,19,2.25,76.6,178.0,81.5,14.8,218.0,6.1,3.04
140816,0.0,35,3.58,92.7,178.0,87.9,13.5,259.0,6.7,1.45
140817,0.0,44,5.0,90.3,287.0,88.8,13.5,287.0,5.2,0.68
140818,0.0,79,5.0,91.0,152.0,93.3,13.8,185.0,5.2,1.17
140819,0.0,13,3.69,92.7,178.0,87.9,13.5,259.0,6.7,1.45
140820,0.0,6,5.0,49.4,178.0,87.9,13.5,259.0,6.7,1.45
140821,0.0,80,1.3,81.5,201.0,94.8,14.3,305.0,8.5,0.54
140822,0.0,8,2.5,64.5,227.0,83.1,13.1,335.0,4.5,0.52
140823,0.0,26,5.0,91.2,205.0,94.8,11.5,221.0,6.7,1.34
140824,0.0,24,3.68,70.5,172.0,89.1,12.6,158.0,5.5,0.17
140825,0.0,59,2.5,92.7,178.0,87.9,13.5,259.0,6.7,1.45
140826,0.0,11,5.0,65.4,141.0,84.1,13.3,286.0,4.0,0.48
140827,0.0,57,2.5,70.7,263.0,85.2,13.0,279.0,4.1,0.22
140828,0.0,5,2.45,51.4,178.0,79.1,14.0,410.0,7.9,1.46
140829,0.0,33,4.32,96.8,208.0,87.6,13.1,278.0,6.8,1.54
140830,0.0,33,1.05,99.8,178.0,89.0,13.2,297.0,11.2,6.53
140831,0.0,41,3.42,105.1,221.0,93.7,12.7,194.0,4.7,0.34
140832,0.0,60,2.45,119.5,273.0,89.8,15.4,195.0,4.5,1.44
140833,0.0,62,2.3,102.3,242.0,88.7,13.9,418.0,6.5,3.9
140834,0.0,73,5.0,101.5,263.0,93.5,13.4,175.0,6.4,4.58
140835,0.0,17,2.03,92.7,160.0,87.8,12.8,266.0,4.5,0.64
140836,0.0,52,5.0,138.6,235.0,88.4,13.4,358.0,7.0,8.19
140837,0.0,11,1.41,69.3,178.0,87.9,13.5,259.0,6.7,1.45
140838,0.0,80,2.38,122.6,169.0,85.3,13.8,265.0,10.0,2.35
140839,0.0,4,1.25,51.8,178.0,78.9,13.6,364.0,7.9,0.25
140840,0.0,1,3.91,92.7,178.0,77.6,14.7,356.0,9.2,1.45
140841,0.0,54,1.53,85.7,178.0,87.9,13.5,259.0,6.7,1.45
140842,0.0,11,2.5,110.0,178.0,87.9,13.5,259.0,6.7,1.45
140843,1.0,58,2.5,92.7,178.0,87.9,13.5,259.0,6.7,1.45
140844,0.0,72,1.51,92.7,122.0,94.6,13.3,204.0,7.6,6.51
140845,0.0,39,3.14,89.5,178.0,87.9,13.5,259.0,6.7,1.45
140846,0.0,2,1.05,41.8,178.0,87.9,13.5,259.0,6.7,1.45
140847,0.0,45,0.12,92.7,178.0,87.9,13.5,259.0,6.7,1.45
140848,1.0,50,2.18,92.7,178.0,87.9,13.5,259.0,6.7,1.45
140849,0.0,10,2.75,68.7,178.0,87.9,13.5,259.0,6.7,1.45
140850,0.0,31,2.5,108.6,186.0,81.7,13.9,329.0,5.3,0.85
140851,0.0,26,1.01,95.1,213.0,88.5,12.6,223.0,5.2,3.13
140852,0.0,80,5.0,90.3,188.0,88.8,13.2,186.0,7.2,1.11
140853,0.0,18,4.44,72.6,149.0,86.2,13.0,251.0,7.3,0.52
140854,0.0,64,5.0,81.0,216.0,94.6,12.3,161.0,3.1,0.38
140855,0.0,27,2.5,153.4,135.0,87.1,13.7,283.0,12.3,11.14
140856,0.0,66,2.43,107.0,224.0,81.1,15.6,254.0,5.6,1.38
140857,0.0,9,1.05,74.1,154.0,78.9,14.0,347.0,10.0,0.76
140858,0.0,70,0.93,94.0,178.0,91.0,13.1,194.0,2.7,1.45
140859,0.0,15,2.5,92.7,178.0,87.9,13.5,259.0,6.7,1.45
140860,0.0,32,2.5,92.7,178.0,87.9,13.5,259.0,6.7,1.45
140861,0.0,8,1.8,92.7,178.0,87.9,13.5,259.0,6.7,1.45
140862,0.0,33,3.02,69.5,181.0,89.0,13.6,219.0,6.3,0.11
140863,0.0,50,2.5,92.7,178.0,87.9,13.5,259.0,6.7,1.45
140864,0.0,72,0.74,98.4,156.0,88.4,13.1,148.0,3.5,1.48
140865,0.0,32,2.33,88.1,178.0,81.3,14.7,208.0,6.7,1.45
140866,0.0,5,2.28,59.3,178.0,84.5,12.7,398.0,9.2,1.14
140867,0.0,39,1.65,123.5,152.0,93.9,13.3,257.0,7.2,3.56
140868,0.0,5,4.33,55.8,178.0,87.9,13.5,259.0,6.7,1.45
140869,0.0,19,3.96,72.8,194.0,81.8,12.9,355.0,7.3,9.67
140870,0.0,44,2.74,107.4,286.0,89.1,15.1,396.0,9.9,7.2
140871,0.0,47,5.0,76.6,128.0,91.2,13.1,253.0,7.0,0.73
140872,0.0,2,0.47,92.7,178.0,87.9,13.5,259.0,6.7,1.45
140873,0.0,66,1.67,115.6,190.0,93.3,13.2,201.0,5.0,2.54
140874,0.0,34,4.8,92.7,178.0,87.9,13.5,259.0,6.7,1.45
140875,0.0,25,1.38,72.2,178.0,87.9,13.5,259.0,6.7,1.45
140876,0.0,40,3.13,97.2,156.0,89.3,13.0,152.0,7.9,1.21
140877,0.0,17,2.5,79.8,171.0,87.7,13.6,296.0,4.2,1.84
140878,0.0,64,2.5,68.7,198.0,80.7,13.5,150.0,4.1,0.22
140879,0.0,72,2.5,98.1,290.0,89.5,13.1,183.0,4.4,8.08
140880,0.0,54,1.02,92.7,178.0,87.9,13.5,259.0,6.7,1.45
140881,0.0,9,2.5,62.1,178.0,87.9,13.5,259.0,6.7,1.45
140882,0.0,4,5.0,92.7,178.0,87.9,13.5,259.0,6.7,1.45
140883,0.0,80,2.5,92.7,178.0,87.9,13.5,259.0,6.7,1.45
140884,0.0,18,0.58,85.8,198.0,83.1,13.7,261.0,5.0,1.45
140885,0.0,7,2.5,92.7,178.0,87.9,13.5,259.0,6.7,1.45
140886,1.0,80,1.93,92.7,178.0,87.9,13.5,259.0,6.7,1.45
140887,0.0,74,1.69,108.9,262.0,95.2,13.8,271.0,8.7,3.15
140888,0.0,46,1.47,100.1,144.0,102.6,13.9,177.0,5.7,6.69
140889,0.0,2,2.5,92.7,178.0,87.9,13.5,259.0,6.7,1.45
140890,0.0,26,1.67,92.7,178.0,87.9,13.5,259.0,6.7,1.45
140891,0.0,12,2.5,92.7,178.0,87.9,13.5,259.0,6.7,1.45
140892,0.0,41,4.12,82.7,198.0,96.0,13.4,216.0,8.5,2.47
140893,0.0,32,2.5,89.5,159.0,87.3,13.4,267.0,7.3,0.4
140894,0.0,46,1.94,100.3,179.0,95.2,12.9,263.0,5.9,3.01
140895,0.0,62,4.92,92.0,243.0,88.2,13.1,207.0,5.5,1.13
140896,0.0,5,5.0,46.8,178.0,85.0,14.0,302.0,7.6,0.33
140897,0.0,60,5.0,106.3,191.0,77.0,13.4,297.0,8.2,3.94
140898,0.0,42,5.0,102.9,243.0,97.3,12.3,379.0,9.3,5.04
140899,0.0,11,3.23,84.5,205.0,78.4,15.1,325.0,8.1,3.35
140900,0.0,11,2.74,92.7,178.0,87.9,13.5,259.0,6.7,1.45
140901,0.0,6,2.5,58.2,178.0,81.3,13.7,349.0,10.0,0.26
140902,0.0,31,0.0,87.0,153.0,96.0,13.3,228.0,5.2,3.83
140903,0.0,17,4.68,97.5,191.0,85.0,13.1,311.0,8.3,2.53
140904,1.0,59,5.0,117.0,169.0,95.1,13.5,344.0,7.2,0.59
140905,0.0,68,3.28,104.0,156.0,91.0,14.0,256.0,5.5,5.45
140906,0.0,50,1.55,122.9,165.0,74.7,17.0,336.0,10.0,11.16
140907,1.0,80,2.5,92.7,146.0,93.5,14.8,147.0,5.8,1.44
140908,0.0,10,1.99,61.7,158.0,80.1,13.1,373.0,8.1,0.24
140909,0.0,65,2.94,96.7,174.0,94.4,12.0,295.0,5.0,1.68
140910,0.0,67,1.47,77.8,168.0,94.6,12.8,176.0,4.7,0.18
140911,0.0,19,2.05,92.7,178.0,87.9,13.5,259.0,6.7,1.45
140912,0.0,31,2.32,92.8,249.0,88.6,12.5,342.0,6.6,2.17
140913,0.0,45,2.46,92.8,166.0,88.5,12.6,214.0,5.8,0.81
140914,1.0,78,1.19,76.7,226.0,93.1,13.2,280.0,9.6,0.92
140915,0.0,67,1.46,87.6,220.0,95.4,12.9,199.0,4.8,1.52
140916,0.0,63,0.0,82.2,178.0,87.9,13.5,259.0,6.7,1.45
140917,0.0,7,2.5,79.3,165.0,78.2,13.4,423.0,9.2,0.75
140918,0.0,53,0.66,119.3,172.0,86.8,13.8,179.0,7.6,2.38
140919,0.0,67,2.5,83.0,173.0,70.3,15.5,250.0,4.7,0.44
140920,0.0,41,3.78,120.5,247.0,87.4,13.6,341.0,6.1,1.15
140921,0.0,4,1.86,92.7,178.0,84.4,12.9,321.0,5.0,0.37
140922,0.0,31,4.1,92.7,178.0,87.9,13.5,259.0,6.7,1.45
140923,0.0,13,0.8,92.7,178.0,87.9,13.5,259.0,6.7,1.45
140924,0.0,60,5.0,108.4,251.0,91.8,13.7,251.0,9.2,2.53
140925,0.0,54,1.03,129.0,145.0,65.8,16.0,195.0,8.2,16.39
140926,0.0,5,5.0,52.5,178.0,87.9,13.5,259.0,6.7,1.45
140927,0.0,6,3.06,92.7,178.0,87.9,13.5,259.0,6.7,1.45
140928,0.0,80,2.28,92.7,174.0,91.7,12.6,198.0,6.0,0.35
140929,0.0,12,0.43,82.5,178.0,87.9,13.5,259.0,6.7,1.45
140930,0.0,26,3.6,91.5,190.0,89.7,12.6,145.0,4.0,1.34
140931,0.0,66,5.0,110.8,190.0,86.3,15.5,172.0,4.9,4.08
140932,0.0,3,4.68,92.7,178.0,87.9,13.5,259.0,6.7,1.45
140933,0.0,67,2.5,104.6,178.0,87.9,13.5,259.0,6.7,1.45
140934,1.0,64,5.0,113.8,115.0,85.2,14.1,238.0,9.5,1.3
140935,0.0,52,2.5,125.0,242.0,88.0,12.6,402.0,10.0,14.09
140936,0.0,22,2.5,92.7,178.0,87.9,13.5,259.0,6.7,1.45
140937,0.0,63,4.92,129.7,245.0,85.4,14.1,279.0,8.0,5.1
140938,0.0,12,2.58,84.7,122.0,70.9,15.6,335.0,5.9,2.36
140939,0.0,10,3.42,92.7,178.0,87.9,13.5,259.0,6.7,1.45
140940,0.0,7,2.73,92.7,178.0,87.9,13.5,259.0,6.7,1.45
140941,0.0,18,1.17,105.9,150.0,88.2,12.4,230.0,8.4,0.95
140942,0.0,55,1.8,95.8,244.0,92.1,13.3,290.0,5.6,1.38
140943,0.0,80,2.5,92.7,178.0,87.9,13.5,259.0,6.7,1.45
140944,0.0,8,0.61,54.9,178.0,87.9,13.5,259.0,6.7,1.45
140945,0.0,76,5.0,108.3,151.0,99.8,13.8,325.0,5.9,1.56
140946,0.0,56,5.0,115.1,255.0,92.1,12.7,216.0,4.3,0.74
140947,0.0,50,3.69,83.3,142.0,88.6,14.5,191.0,4.1,4.79
140948,0.0,19,2.5,86.6,158.0,68.0,17.9,182.0,6.6,1.6
140949,0.0,19,0.14,92.7,178.0,87.9,13.5,259.0,6.7,1.45
140950,0.0,25,2.47,90.3,235.0,81.1,12.9,264.0,8.6,7.64
140951,1.0,73,2.36,98.7,178.0,87.9,13.5,259.0,6.7,1.45
140952,0.0,13,3.21,92.7,178.0,87.9,13.5,259.0,6.7,1.45
140953,0.0,40,0.43,81.0,132.0,85.3,14.1,210.0,5.8,3.16
140954,0.0,58,4.56,92.7,178.0,87.9,13.5,259.0,6.7,1.45
140955,0.0,12,1.09,58.4,129.0,90.7,13.3,185.0,3.8,0.11
140956,0.0,28,3.43,85.0,198.0,90.0,12.8,233.0,6.0,0.53
140957,0.0,20,0.8,92.7,178.0,87.9,13.5,259.0,6.7,1.45
140958,1.0,69,0.83,92.7,178.0,87.9,13.5,259.0,6.7,1.45
140959,0.0,10,5.0,70.6,165.0,81.9,13.6,305.0,8.2,0.11
140960,0.0,32,1.62,120.7,157.0,78.0,14.2,195.0,8.8,4.26
140961,0.0,68,3.53,109.6,212.0,83.5,13.4,265.0,7.8,0.64
140962,0.0,17,3.08,92.6,113.0,84.8,12.8,267.0,5.8,0.54
140963,0.0,10,2.4,74.6,178.0,87.9,13.5,259.0,6.7,1.45
140964,1.0,79,1.99,92.7,188.0,98.6,15.2,240.0,9.5,5.65
140965,0.0,52,1.26,99.8,178.0,89.9,14.0,318.0,5.1,3.54
140966,0.0,14,0.61,92.7,153.0,77.0,16.7,199.0,5.1,0.48
140967,0.0,13,5.0,92.7,178.0,87.9,13.5,259.0,6.7,1.45
140968,0.0,34,1.66,115.1,170.0,88.4,13.0,377.0,7.6,4.99
140969,0.0,72,5.0,92.7,178.0,87.9,13.5,259.0,6.7,1.45
140970,0.0,66,2.43,108.2,135.0,94.9,13.8,196.0,7.5,1.61
140971,0.0,43,0.0,142.2,178.0,87.9,13.5,259.0,6.7,1.45
140972,0.0,10,0.96,73.8,147.0,88.5,12.6,332.0,11.0,1.39
140973,0.0,6,2.5,61.1,178.0,87.9,13.5,259.0,6.7,1.45
140974,0.0,18,2.5,92.7,178.0,87.9,13.5,259.0,6.7,1.45
140975,0.0,62,0.16,103.2,256.0,87.4,14.5,252.0,6.2,8.18
140976,0.0,16,0.52,69.5,100.0,90.8,11.9,239.0,4.9,0.34
140977,0.0,38,5.0,92.7,178.0,87.9,13.5,259.0,6.7,1.45
140978,0.0,59,1.43,138.1,187.0,88.7,15.9,124.0,7.0,33.38
140979,0.0,51,4.71,92.7,178.0,87.9,13.5,259.0,6.7,1.45
140980,0.0,63,5.0,103.2,124.0,89.6,14.0,228.0,4.2,1.1
140981,0.0,6,4.83,47.1,178.0,87.9,13.5,259.0,6.7,1.45
140982,0.0,7,3.0,68.1,178.0,87.9,13.5,259.0,6.7,1.45
140983,0.0,48,2.5,92.7,178.0,87.9,13.5,259.0,6.7,1.45
140984,0.0,17,0.98,97.6,125.0,93.4,12.8,182.0,5.4,1.25
140985,1.0,75,1.15,112.6,178.0,91.9,12.8,264.0,3.0,1.45
140986,0.0,42,2.67,85.1,242.0,85.8,12.7,295.0,4.8,1.0
140987,1.0,70,2.5,113.4,196.0,94.7,13.3,208.0,7.9,2.77
140988,0.0,9,5.0,73.0,175.0,77.8,13.7,255.0,10.0,0.35
140989,0.0,43,0.58,75.7,182.0,93.5,12.7,276.0,10.1,8.26
140990,0.0,61,1.47,79.8,178.0,87.9,13.5,259.0,6.7,1.45
140991,0.0,42,2.5,71.9,169.0,88.6,12.9,240.0,6.9,0.15
140992,1.0,80,1.75,131.9,161.0,89.4,14.1,201.0,9.4,1.64
140993,0.0,68,5.0,92.7,178.0,87.9,13.5,259.0,6.7,1.45
140994,0.0,31,1.99,92.7,178.0,87.9,13.5,259.0,6.7,1.45
140995,0.0,41,0.06,95.0,228.0,89.6,12.3,307.0,6.7,10.7
140996,0.0,73,2.28,117.2,204.0,91.2,13.7,269.0,10.8,4.79
140997,0.0,52,2.31,125.7,248.0,97.3,13.7,268.0,7.6,5.69
140998,0.0,14,5.0,80.6,178.0,87.9,13.5,259.0,6.7,1.45
140999,0.0,10,5.0,62.8,183.0,81.8,13.0,195.0,5.0,0.16
141000,0.0,56,2.5,92.7,178.0,87.9,13.5,259.0,6.7,1.45
141001,0.0,32,0.13,112.0,207.0,93.6,12.7,185.0,7.5,1.4
141002,0.0,6,1.67,92.7,178.0,87.9,13.5,259.0,6.7,1.45
141003,0.0,30,5.0,128.2,275.0,84.5,13.6,275.0,7.3,7.97
141004,0.0,1,2.03,92.7,178.0,78.8,13.7,150.0,4.9,2.77
141005,0.0,11,3.33,115.3,168.0,83.1,12.4,355.0,7.0,3.08
141006,0.0,80,3.82,95.6,186.0,102.0,14.3,143.0,4.4,0.96
141007,0.0,17,2.5,79.1,113.0,86.4,13.6,273.0,8.5,0.76
141008,0.0,58,2.5,86.4,168.0,89.0,14.5,231.0,8.5,5.02
141010,0.0,72,3.28,100.5,95.0,92.0,14.8,177.0,6.3,0.26
141011,0.0,61,2.5,85.9,194.0,84.7,15.0,318.0,10.4,8.95
141012,0.0,36,5.0,78.0,178.0,95.5,12.9,207.0,7.2,0.27
141013,0.0,6,2.5,58.0,178.0,87.9,13.5,259.0,6.7,1.45
141014,0.0,61,5.0,95.9,189.0,89.0,13.4,177.0,4.5,0.44
141015,0.0,72,1.41,90.3,113.0,85.1,16.3,220.0,5.8,11.48
141016,0.0,14,2.42,92.7,178.0,87.9,13.5,259.0,6.7,1.45
141017,0.0,14,2.5,83.2,195.0,81.4,14.1,230.0,4.5,0.11
141018,0.0,25,1.69,92.7,178.0,87.9,13.5,259.0,6.7,1.45
141019,0.0,70,3.42,92.7,178.0,87.9,13.5,259.0,6.7,1.45
141020,0.0,9,0.47,92.7,178.0,87.9,13.5,259.0,6.7,1.45
141021,0.0,54,1.23,88.5,225.0,91.9,13.1,200.0,4.6,0.64
141022,0.0,12,2.54,66.7,152.0,88.5,12.1,258.0,6.7,0.24
141023,0.0,40,2.5,92.7,178.0,87.9,13.5,259.0,6.7,1.45
141024,1.0,49,5.0,105.0,142.0,88.3,12.7,210.0,8.6,1.58
141025,0.0,19,2.49,61.4,178.0,89.0,12.8,339.0,7.0,1.45
141026,0.0,38,1.55,92.7,178.0,87.9,13.5,259.0,6.7,1.45
141027,0.0,59,5.0,94.2,203.0,87.7,13.7,205.0,5.5,0.88
141028,0.0,59,0.29,103.4,230.0,77.3,15.8,246.0,8.0,7.07
141029,1.0,80,0.03,92.7,178.0,87.9,13.5,259.0,6.7,1.45
141030,0.0,18,3.22,68.3,142.0,89.0,13.4,311.0,7.5,0.44
141031,0.0,49,5.0,98.5,170.0,87.8,14.1,198.0,6.5,0.85
141032,0.0,45,5.0,84.0,217.0,94.0,11.6,194.0,3.0,0.6
141033,0.0,70,2.5,113.0,191.0,93.8,13.5,291.0,6.7,1.13
141034,0.0,2,1.74,53.4,178.0,78.8,13.7,391.0,10.1,1.45
141035,0.0,8,1.16,92.7,178.0,87.9,13.5,259.0,6.7,1.45
141036,0.0,7,1.0,92.7,178.0,87.9,13.5,259.0,6.7,1.45
141037,0.0,27,1.28,104.0,178.0,85.8,12.5,304.0,4.0,1.45
141038,0.0,15,0.72,100.4,202.0,84.5,14.2,273.0,11.1,1.16
141039,1.0,80,4.46,90.5,153.0,97.1,13.1,164.0,5.3,0.56
141040,0.0,28,3.31,129.9,166.0,97.1,13.5,164.0,6.0,6.44
141041,0.0,55,0.43,99.4,278.0,87.8,13.3,285.0,6.2,4.58
141042,0.0,8,1.13,64.1,167.0,76.9,12.6,323.0,2.9,0.5
141043,0.0,16,0.0,118.0,180.0,80.7,14.0,156.0,5.5,2.0
141044,0.0,3,1.09,50.6,178.0,87.9,13.5,259.0,6.7,1.45
141045,0.0,1,2.43,92.7,178.0,87.9,13.5,259.0,6.7,1.45
141046,0.0,36,2.5,92.7,178.0,87.9,13.5,259.0,6.7,1.45
141047,0.0,80,2.94,110.0,163.0,86.0,15.6,246.0,7.4,4.36
141048,0.0,60,1.1,85.9,171.0,89.7,12.5,223.0,4.7,4.95
141049,0.0,61,2.57,76.8,184.0,87.7,16.4,240.0,6.5,0.92
141050,0.0,62,5.0,117.3,208.0,94.4,13.1,271.0,5.2,2.68
141051,0.0,68,3.3,127.0,226.0,89.7,14.3,214.0,4.5,0.94
141052,0.0,15,1.56,74.5,146.0,83.1,13.1,244.0,6.8,0.29
141053,0.0,18,1.39,96.4,129.0,82.7,13.6,222.0,7.2,0.53
141054,0.0,38,1.44,92.7,178.0,87.9,13.5,259.0,6.7,1.45
141055,0.0,13,0.36,91.1,106.0,81.8,14.0,164.0,7.3,1.1
141056,0.0,8,0.48,92.7,178.0,87.9,13.5,259.0,6.7,1.45
141057,0.0,4,0.54,48.4,178.0,87.9,13.5,259.0,6.7,1.45
141058,0.0,42,5.0,88.2,253.0,91.4,12.5,196.0,5.2,1.36
141059,0.0,46,3.0,92.7,178.0,87.9,13.5,259.0,6.7,1.45
141060,0.0,65,5.0,85.4,216.0,89.2,14.3,275.0,4.5,2.38
141061,0.0,44,2.85,86.2,149.0,87.5,12.5,248.0,4.7,0.29
141062,0.0,63,2.5,86.8,178.0,93.1,13.1,260.0,8.3,0.99
141063,0.0,4,2.96,57.7,178.0,87.9,13.5,259.0,6.7,1.45
141064,0.0,5,5.0,92.7,178.0,87.9,13.5,259.0,6.7,1.45
141065,0.0,50,1.26,105.0,193.0,88.1,13.0,280.0,7.6,2.51
141066,1.0,74,5.0,105.4,107.0,92.5,13.5,213.0,6.5,0.3
141067,0.0,17,0.67,77.4,91.0,81.1,13.8,190.0,5.5,0.88
141068,0.0,75,4.42,97.1,148.0,84.9,14.8,276.0,6.4,0.5
141069,0.0,41,3.33,88.0,215.0,94.5,12.9,246.0,5.6,0.56
141070,0.0,29,0.03,97.2,157.0,82.5,15.7,327.0,7.0,6.54
141071,0.0,42,2.06,100.5,221.0,84.8,14.1,265.0,5.7,0.82
141072,0.0,19,2.58,88.0,195.0,90.3,13.6,255.0,4.1,0.63
141073,0.0,72,1.78,88.4,152.0,90.2,13.0,228.0,6.6,0.27
141074,0.0,29,5.0,92.7,178.0,87.9,13.5,259.0,6.7,1.45
141075,0.0,61,5.0,107.3,211.0,89.6,13.2,261.0,5.8,0.59
141076,0.0,10,0.3,58.0,135.0,74.9,14.3,400.0,3.4,0.11
141077,0.0,58,3.02,127.2,117.0,85.6,13.2,176.0,6.9,3.12
141078,0.0,5,2.5,54.2,178.0,80.0,14.7,268.0,4.8,0.7
141079,0.0,77,2.02,99.5,154.0,82.1,14.9,241.0,4.9,1.09
141080,0.0,44,2.5,92.7,178.0,87.9,13.5,259.0,6.7,1.45
141081,0.0,70,1.23,111.7,205.0,81.5,14.9,167.0,3.8,0.66
141082,0.0,1,2.5,92.7,178.0,87.9,13.5,259.0,6.7,1.45
141083,0.0,8,1.15,81.3,164.0,79.0,12.9,286.0,13.5,2.76
141084,0.0,66,1.71,94.4,178.0,87.9,13.5,259.0,6.7,1.45
141085,1.0,80,2.32,129.1,119.0,88.4,14.5,144.0,7.0,6.67
141086,0.0,38,2.5,86.1,178.0,87.9,13.5,259.0,6.7,1.45
141087,0.0,10,1.0,92.7,178.0,87.9,13.5,259.0,6.7,1.45
141088,0.0,58,0.72,105.5,223.0,93.8,13.4,322.0,7.8,3.27
141089,0.0,54,1.42,87.8,200.0,88.3,12.8,333.0,6.3,0.84
141090,0.0,17,5.0,70.1,136.0,90.6,13.1,181.0,4.5,0.39
141091,0.0,7,2.5,60.2,178.0,87.9,13.5,259.0,6.7,1.45
141092,0.0,18,2.5,92.7,143.0,87.1,12.8,403.0,6.0,0.57
141093,0.0,22,0.88,69.3,135.0,89.1,12.4,270.0,8.2,0.23
141094,0.0,9,1.55,78.9,178.0,87.9,13.5,259.0,6.7,1.45
141095,0.0,38,2.5,81.0,176.0,93.0,12.4,255.0,8.8,13.37
141096,0.0,34,2.5,80.0,187.0,90.2,12.0,274.0,4.9,0.28
141097,0.0,60,5.0,100.7,229.0,89.4,14.1,223.0,6.9,5.0
141098,0.0,3,2.86,92.7,178.0,87.9,13.5,259.0,6.7,1.45
141099,0.0,11,4.31,58.4,178.0,87.9,13.5,259.0,6.7,1.45
141100,0.0,56,5.0,151.9,169.0,86.6,14.1,244.0,7.5,5.47
141101,0.0,59,5.0,107.1,280.0,93.9,14.3,272.0,5.7,0.69
141102,0.0,16,2.5,110.0,163.0,79.3,13.1,445.0,3.8,3.48
141103,0.0,13,0.62,101.0,172.0,86.2,12.9,261.0,6.7,0.33
141104,1.0,80,0.99,84.7,178.0,87.9,13.5,259.0,6.7,1.45
141105,0.0,46,2.5,92.7,178.0,87.9,13.5,259.0,6.7,1.45
141106,0.0,15,2.5,105.7,135.0,82.2,14.0,242.0,5.3,6.6
141107,1.0,75,3.55,92.7,178.0,87.9,13.5,259.0,6.7,1.45
141108,0.0,41,3.15,92.7,178.0,87.9,13.5,259.0,6.7,1.45
141109,0.0,10,2.5,89.0,167.0,83.1,13.5,402.0,8.4,0.82
141110,0.0,65,5.0,92.0,138.0,92.6,13.2,220.0,7.3,0.24
141111,0.0,4,2.0,92.7,178.0,87.9,13.5,259.0,6.7,1.45
141112,0.0,9,2.5,70.3,178.0,87.9,13.5,259.0,6.7,1.45
141113,0.0,49,3.06,89.6,170.0,93.8,14.7,293.0,6.2,1.12
141114,0.0,65,1.06,99.5,214.0,90.2,13.9,316.0,7.8,2.58
141115,0.0,33,2.5,86.4,201.0,87.3,12.8,296.0,5.8,1.9
141116,0.0,53,1.03,96.9,148.0,95.3,12.8,173.0,3.3,0.77
141117,0.0,34,0.75,117.3,184.0,83.7,14.1,322.0,8.7,7.81
141118,0.0,59,1.03,92.7,178.0,87.9,13.5,259.0,6.7,1.45
141119,0.0,7,4.32,55.0,178.0,73.2,14.9,192.0,8.2,1.45
141120,0.0,53,1.52,67.6,173.0,85.4,14.0,210.0,4.7,0.51
141121,0.0,30,2.35,94.7,110.0,89.5,13.6,162.0,7.7,1.47
141122,0.0,46,5.0,105.3,237.0,91.2,13.6,265.0,5.7,1.68
141123,0.0,54,0.03,81.7,122.0,93.4,12.5,413.0,8.3,0.27
141124,0.0,45,4.3,92.7,178.0,87.9,13.5,259.0,6.7,1.45
141125,0.0,11,5.0,70.7,231.0,79.9,13.5,279.0,5.1,2.76
141126,0.0,55,1.01,80.1,178.0,91.5,13.5,312.0,7.2,0.49
141127,0.0,71,5.0,105.3,216.0,94.4,13.6,291.0,6.1,3.31
141128,0.0,15,0.66,92.7,178.0,87.9,13.5,259.0,6.7,1.45
141129,1.0,61,1.47,92.7,198.0,103.2,12.7,171.0,4.0,0.66
141130,0.0,59,2.5,103.5,178.0,83.4,14.1,334.0,7.5,6.62
141131,0.0,19,2.83,101.5,171.0,93.1,12.6,336.0,6.8,0.85
141132,0.0,6,3.77,67.9,178.0,87.9,13.5,259.0,6.7,1.45
141133,0.0,55,5.0,103.9,211.0,91.4,13.3,219.0,5.8,0.62
141134,0.0,70,0.88,88.4,175.0,87.9,14.7,150.0,3.7,10.84
141135,0.0,68,0.55,97.2,166.0,91.5,15.1,276.0,5.5,12.68
141136,0.0,28,2.5,99.1,148.0,92.8,12.2,278.0,5.4,1.21
141137,0.0,10,2.0,92.7,178.0,87.9,13.5,259.0,6.7,1.45
141138,0.0,4,1.71,49.9,178.0,77.5,13.5,299.0,5.8,0.22
141139,0.0,30,2.5,103.2,171.0,88.6,13.5,271.0,7.5,1.73
141140,0.0,7,0.05,70.3,125.0,80.4,12.9,240.0,7.8,0.35
141141,0.0,51,2.5,82.4,143.0,93.4,13.2,268.0,7.3,3.68
141142,0.0,11,5.0,64.1,124.0,86.2,13.5,293.0,7.3,0.57
141143,0.0,15,1.61,92.7,178.0,87.9,13.5,259.0,6.7,1.45
141144,0.0,80,2.5,107.6,186.0,82.4,14.0,183.0,6.5,2.72
141145,0.0,61,1.52,94.8,222.0,91.1,14.1,252.0,6.4,13.01
141146,0.0,29,1.04,84.8,127.0,90.1,13.8,148.0,4.8,1.3
141147,0.0,79,3.7,97.0,178.0,87.9,13.5,259.0,6.7,1.45
141148,0.0,48,5.0,124.7,163.0,93.1,12.9,316.0,8.3,1.22
141149,0.0,48,3.73,92.7,178.0,87.9,13.5,259.0,6.7,1.45
141150,0.0,35,0.66,74.8,147.0,90.3,12.8,189.0,5.8,0.32
141151,0.0,52,2.92,107.4,168.0,81.8,13.6,265.0,13.0,1.15
141152,0.0,4,1.01,51.0,178.0,87.9,13.5,259.0,6.7,1.45
141153,0.0,50,2.5,92.7,178.0,87.9,13.5,259.0,6.7,1.45
141154,0.0,64,2.5,100.8,178.0,87.9,13.5,259.0,6.7,1.45
141155,0.0,12,5.0,62.0,170.0,86.6,13.2,314.0,8.9,0.16
141156,0.0,34,1.9,92.7,178.0,87.9,13.5,259.0,6.7,1.45
141157,0.0,43,1.17,92.7,178.0,87.9,13.5,259.0,6.7,1.45
141158,0.0,12,1.34,92.7,178.0,87.9,13.5,259.0,6.7,1.45
141159,0.0,71,5.0,98.9,159.0,102.7,16.1,248.0,6.6,4.48
141160,0.0,6,2.69,59.2,178.0,87.9,13.5,259.0,6.7,1.45
141161,0.0,34,5.0,91.0,178.0,87.9,13.5,259.0,6.7,1.45
141162,0.0,49,2.5,92.7,178.0,87.9,13.5,259.0,6.7,1.45
141163,0.0,20,3.24,98.6,178.0,91.1,12.3,245.0,7.5,1.0
141164,0.0,5,5.0,51.2,178.0,87.9,13.5,259.0,6.7,1.45
141165,0.0,58,5.0,91.9,255.0,93.2,12.8,219.0,5.2,1.05
141166,0.0,39,0.26,89.3,175.0,87.4,14.2,296.0,7.2,5.01
141167,0.0,30,2.5,72.0,146.0,89.0,14.0,270.0,4.9,0.43
141168,0.0,34,0.93,100.4,253.0,72.8,15.3,187.0,4.8,4.62
141169,0.0,39,1.37,92.7,178.0,67.6,16.8,303.0,4.8,1.45
141170,0.0,70,5.0,121.5,129.0,93.1,13.8,135.0,5.3,3.92
141171,0.0,49,4.12,92.7,178.0,87.9,13.5,259.0,6.7,1.45
141172,0.0,29,2.43,101.0,172.0,93.9,13.6,225.0,7.3,2.22
141173,0.0,50,0.61,108.4,178.0,87.9,13.5,259.0,6.7,1.45
141174,0.0,64,0.02,104.7,179.0,91.9,12.8,228.0,4.5,2.71
141175,0.0,33,2.5,92.7,178.0,87.9,13.5,259.0,6.7,1.45
141176,0.0,73,5.0,109.6,195.0,86.8,13.8,201.0,7.5,1.7
141177,1.0,70,4.88,106.5,269.0,89.2,13.9,281.0,5.4,0.17
141178,0.0,59,5.0,103.9,252.0,84.5,16.0,352.0,5.6,2.73
141179,0.0,55,2.85,91.6,178.0,90.0,13.4,189.0,5.2,2.69
141180,0.0,57,1.64,131.4,142.0,98.9,13.4,202.0,13.3,8.84
141181,0.0,14,2.5,64.0,163.0,81.9,14.3,536.0,7.5,0.16
141182,0.0,42,5.0,102.1,178.0,87.9,13.0,292.0,5.7,1.45
141183,0.0,30,5.0,76.2,122.0,90.0,12.2,269.0,6.4,0.46
141184,0.0,79,2.74,118.9,135.0,88.5,14.4,325.0,9.0,0.89
141185,0.0,42,4.46,141.8,178.0,80.2,14.6,392.0,9.2,1.45
141186,0.0,71,0.92,125.4,119.0,80.1,17.0,154.0,16.0,1.66
141187,0.0,74,5.0,119.9,199.0,88.8,14.9,184.0,7.0,0.48
141188,1.0,80,2.5,120.5,178.0,100.8,14.3,233.0,7.0,1.45
141189,0.0,34,1.1,90.7,222.0,89.8,16.0,207.0,6.8,0.69
141190,0.0,3,2.5,46.3,178.0,87.8,12.8,460.0,8.4,1.45
141191,0.0,3,0.52,47.3,178.0,70.0,15.6,612.0,20.8,8.77
141193,0.0,37,0.83,110.4,112.0,113.3,18.2,383.0,14.1,2.99
141194,0.0,57,3.44,103.0,193.0,92.4,13.2,406.0,9.1,3.42
141195,0.0,28,0.86,92.7,178.0,87.9,13.5,259.0,6.7,1.45
141196,0.0,54,5.0,99.1,237.0,88.2,13.0,358.0,6.4,0.85
141197,0.0,39,2.19,134.1,226.0,80.6,13.0,351.0,12.3,9.53
141198,0.0,9,2.5,60.9,170.0,84.2,12.6,220.0,4.0,0.23
141199,1.0,68,2.5,104.5,205.0,86.8,13.8,266.0,9.1,0.67
141200,0.0,13,2.16,68.3,178.0,87.9,13.5,259.0,6.7,1.45
141201,1.0,80,2.5,90.7,99.0,107.6,15.2,163.0,6.0,19.84
141202,0.0,8,1.24,56.4,178.0,82.3,13.8,276.0,6.0,1.45
141203,0.0,12,2.17,89.5,181.0,87.4,12.9,273.0,8.0,0.48
141204,0.0,20,2.5,77.7,178.0,87.9,13.5,259.0,6.7,1.45
141205,0.0,71,4.1,92.2,243.0,85.7,13.7,352.0,7.7,2.25
141206,0.0,24,1.85,92.7,178.0,87.9,13.5,259.0,6.7,1.45
141207,1.0,80,5.0,92.7,178.0,87.9,13.5,259.0,6.7,1.45
141208,0.0,59,5.0,97.4,221.0,86.9,13.0,266.0,6.5,0.41
141209,0.0,38,0.77,92.7,178.0,87.9,13.5,259.0,6.7,1.45
141210,1.0,80,2.58,102.6,135.0,89.4,14.8,195.0,6.1,0.9
141211,0.0,78,4.42,85.5,288.0,90.1,13.0,312.0,6.7,1.67
141212,0.0,73,3.0,92.7,178.0,87.9,13.5,259.0,6.7,1.45
141213,0.0,41,5.0,110.5,153.0,95.6,13.1,316.0,6.6,1.53
141214,0.0,18,0.91,71.3,159.0,82.1,16.3,269.0,7.4,0.49
141215,0.0,55,2.94,114.0,178.0,87.9,13.5,259.0,6.7,1.45
141216,0.0,32,4.31,101.9,178.0,87.9,13.5,259.0,6.7,1.45
141217,0.0,10,1.99,90.0,162.0,85.2,14.1,333.0,9.9,1.38
141218,0.0,72,0.05,95.6,222.0,88.5,14.1,201.0,5.4,0.96
141219,0.0,24,1.21,92.7,178.0,87.9,13.5,259.0,6.7,1.45
141220,0.0,10,2.5,92.7,178.0,87.9,13.5,259.0,6.7,1.45
141221,0.0,18,0.29,99.0,229.0,86.4,14.0,325.0,9.1,12.85
141223,0.0,18,5.0,82.7,156.0,85.0,13.0,299.0,7.4,7.57
141224,0.0,33,1.13,92.1,206.0,83.1,14.3,287.0,8.5,2.54
141225,1.0,67,0.63,111.8,195.0,79.2,16.7,214.0,8.0,8.22
141226,0.0,9,0.58,53.3,178.0,87.9,13.5,259.0,6.7,1.45
141227,0.0,50,0.57,123.3,119.0,86.9,14.6,454.0,10.5,15.37
141228,0.0,3,1.14,92.7,178.0,87.9,13.5,259.0,6.7,1.45
141229,0.0,50,5.0,92.7,178.0,87.9,13.5,259.0,6.7,1.45
141230,0.0,32,5.0,89.0,245.0,91.1,13.4,187.0,4.6,0.65
141231,0.0,20,2.5,92.7,178.0,87.9,13.5,259.0,6.7,1.45
141232,0.0,53,1.13,99.0,232.0,81.6,14.9,267.0,6.6,1.41
141233,0.0,15,0.27,92.7,178.0,87.9,13.5,259.0,6.7,1.45
141234,0.0,49,1.71,91.9,160.0,88.2,13.2,210.0,4.6,7.18
141235,0.0,12,2.5,92.7,178.0,87.9,13.5,259.0,6.7,1.45
141236,0.0,72,3.53,98.4,252.0,94.2,15.0,245.0,6.5,1.61
141237,0.0,12,1.85,86.9,178.0,87.9,13.5,259.0,6.7,1.45
141238,0.0,50,2.5,105.5,217.0,78.5,15.2,308.0,10.2,1.7
141239,0.0,41,3.82,92.7,178.0,87.9,13.5,259.0,6.7,1.45
141240,0.0,19,0.0,69.6,143.0,91.6,13.5,190.0,5.6,0.33
141241,0.0,22,4.45,92.7,178.0,87.9,13.5,259.0,6.7,1.45
141242,0.0,12,5.0,84.0,143.0,81.2,13.4,258.0,4.7,0.36
141243,0.0,11,2.52,77.8,178.0,87.9,13.5,259.0,6.7,1.45
141244,0.0,53,0.76,77.0,178.0,93.4,12.9,249.0,7.5,1.45
141245,0.0,3,2.5,92.7,178.0,87.9,13.5,259.0,6.7,1.45
141246,0.0,18,2.16,68.4,178.0,80.1,13.6,197.0,3.5,1.45
141247,0.0,55,4.59,121.1,207.0,99.0,13.0,222.0,6.3,0.63
141248,0.0,15,2.28,91.4,168.0,83.3,13.3,397.0,5.4,3.74
141249,0.0,45,2.5,104.2,208.0,90.5,14.2,244.0,9.5,1.17
141250,0.0,69,2.5,87.9,276.0,87.1,14.0,226.0,5.7,1.31
141251,0.0,80,1.91,87.1,178.0,92.6,19.1,167.0,6.4,1.45
141252,0.0,56,1.01,136.3,250.0,88.3,14.0,248.0,9.6,18.26
141253,1.0,53,1.13,101.1,136.0,94.1,13.7,210.0,9.7,1.61
141254,0.0,57,2.73,92.7,178.0,87.9,13.5,259.0,6.7,1.45
141255,0.0,10,2.5,72.8,178.0,87.9,13.5,259.0,6.7,1.45
141256,0.0,7,2.12,59.1,178.0,87.9,13.5,259.0,6.7,1.45
141257,0.0,2,0.98,92.7,178.0,87.9,13.5,259.0,6.7,1.45
141258,0.0,1,2.5,92.7,178.0,77.4,13.5,367.0,9.1,1.44
141259,0.0,14,1.58,63.0,151.0,87.2,14.1,253.0,5.9,0.11
141260,0.0,80,2.5,120.8,187.0,94.5,14.5,224.0,4.8,1.45
141261,1.0,51,2.33,98.0,344.0,91.5,14.0,252.0,7.7,1.17
141262,0.0,42,3.42,89.4,178.0,69.3,16.7,315.0,5.8,1.45
141263,0.0,31,5.0,77.7,150.0,92.3,12.2,173.0,3.4,0.22
141264,1.0,50,2.47,103.5,233.0,85.5,14.5,255.0,13.4,12.17
141265,0.0,4,5.0,59.4,178.0,87.9,13.5,259.0,6.7,1.45
141266,0.0,3,0.9,92.7,178.0,87.9,13.5,259.0,6.7,1.45
141267,1.0,55,2.5,119.5,178.0,89.2,17.4,198.0,7.9,1.45
141269,0.0,48,4.0,107.7,247.0,92.1,13.2,232.0,5.8,2.92
141270,0.0,67,5.0,88.3,179.0,89.1,12.8,224.0,4.7,0.89
141271,0.0,75,5.0,102.6,167.0,88.3,13.7,227.0,6.1,2.44
141272,0.0,18,0.66,77.4,177.0,84.0,13.2,297.0,6.7,0.42
141273,0.0,47,2.86,100.0,264.0,89.7,12.9,401.0,11.7,4.64
141274,0.0,28,4.04,87.4,198.0,89.3,12.5,219.0,5.2,3.6
141275,0.0,61,3.6,82.1,256.0,85.0,13.2,133.0,4.3,0.92
141276,0.0,31,5.0,102.4,300.0,87.3,12.9,346.0,7.9,0.78
141277,0.0,65,1.85,110.5,270.0,83.6,13.3,336.0,10.7,3.27
141278,0.0,38,3.33,92.7,178.0,87.9,13.5,259.0,6.7,1.45
141279,0.0,15,0.77,92.7,178.0,87.9,13.5,259.0,6.7,1.45
141280,0.0,5,4.25,59.4,178.0,87.9,13.5,259.0,6.7,1.45
141281,0.0,75,5.0,92.7,178.0,87.9,13.5,259.0,6.7,1.45
141282,0.0,58,4.46,157.4,158.0,91.1,13.7,274.0,5.4,2.66
141283,0.0,61,5.0,107.8,166.0,99.7,13.1,264.0,5.8,3.59
141284,0.0,9,2.5,92.7,178.0,87.9,13.5,259.0,6.7,1.45
141285,0.0,38,5.0,90.4,158.0,87.8,13.3,348.0,6.4,1.71
141286,0.0,2,5.0,49.8,178.0,76.3,13.2,341.0,6.1,3.02
141287,0.0,71,2.18,92.7,230.0,88.9,14.8,213.0,5.6,1.63
141288,0.0,3,2.61,92.7,178.0,87.9,13.5,259.0,6.7,1.45
141289,0.0,80,1.91,96.0,155.0,92.8,14.4,221.0,5.3,1.27
141290,0.0,62,5.0,102.8,256.0,93.1,13.4,212.0,4.5,0.9
141291,0.0,64,0.69,111.7,142.0,92.8,13.3,148.0,8.0,4.11
141292,0.0,13,0.56,94.0,185.0,85.1,15.1,279.0,6.4,1.14
141293,0.0,23,4.67,76.8,146.0,90.2,12.3,195.0,5.3,1.12
141294,0.0,68,4.1,90.4,121.0,82.4,17.2,323.0,11.6,2.64
141295,0.0,61,1.03,83.0,205.0,98.9,12.7,319.0,5.9,4.35
141296,0.0,50,5.0,110.9,189.0,90.0,13.8,219.0,4.4,3.08
141297,0.0,33,5.0,97.9,156.0,87.1,13.3,258.0,5.5,0.58
141298,0.0,49,1.31,73.9,147.0,97.9,13.8,136.0,4.7,0.32
141299,0.0,32,3.68,92.7,178.0,87.9,13.5,259.0,6.7,1.45
141300,0.0,31,5.0,92.7,221.0,86.7,13.0,213.0,8.3,6.14
141301,0.0,70,2.5,116.0,178.0,88.5,13.5,170.0,4.0,3.39
141302,1.0,77,2.86,98.9,149.0,88.2,13.5,259.0,5.7,0.77
141303,1.0,62,2.92,128.7,114.0,84.1,14.3,249.0,7.7,3.19
141304,0.0,12,0.3,54.6,178.0,87.9,13.5,259.0,6.7,1.45
141305,0.0,71,2.5,102.1,204.0,88.8,13.5,215.0,5.9,1.59
141306,0.0,45,0.11,108.0,209.0,91.0,14.2,217.0,4.7,1.8
141307,0.0,66,3.22,102.5,264.0,92.8,12.7,243.0,4.5,1.23
141308,0.0,11,0.25,88.6,183.0,72.5,13.9,364.0,7.8,6.23
141309,0.0,55,5.0,102.0,207.0,98.7,13.5,170.0,4.4,2.89
141310,0.0,34,2.5,92.7,178.0,87.9,13.5,259.0,6.7,1.45
141311,0.0,74,2.18,99.0,173.0,97.5,12.9,239.0,4.7,0.56
141312,0.0,63,1.94,119.2,154.0,93.4,12.8,253.0,10.5,3.92
141313,0.0,57,3.82,92.7,178.0,87.9,13.5,259.0,6.7,1.45
141314,0.0,45,1.51,92.7,178.0,87.9,13.5,259.0,6.7,1.45
141315,1.0,47,1.52,131.5,180.0,89.0,14.0,261.0,9.2,1.97
141316,1.0,62,0.35,92.7,178.0,87.9,13.5,259.0,6.7,1.45
141317,0.0,61,2.5,120.8,120.0,82.8,14.0,213.0,6.3,7.99
141318,0.0,30,1.03,99.7,178.0,82.3,13.5,251.0,7.3,1.45
141319,0.0,24,2.85,97.2,137.0,67.3,17.8,246.0,9.4,8.6
141320,0.0,6,1.23,92.7,178.0,87.9,13.5,259.0,6.7,1.45
141321,0.0,10,2.46,92.7,178.0,87.9,13.5,259.0,6.7,1.45
141322,0.0,6,1.13,63.5,109.0,77.5,12.5,222.0,3.8,0.24
141323,0.0,71,4.42,154.6,122.0,91.7,14.3,181.0,6.9,0.55
141324,0.0,26,3.69,104.5,97.0,87.6,13.2,233.0,8.1,3.6
141325,0.0,30,1.14,97.6,183.0,83.9,16.3,494.0,7.2,18.67
141326,1.0,63,1.42,92.7,178.0,87.9,13.5,259.0,6.7,1.45
141327,0.0,42,2.5,92.7,178.0,87.9,13.5,259.0,6.7,1.45
141328,0.0,61,5.0,69.6,236.0,95.2,13.0,198.0,3.7,0.5
141329,0.0,32,5.0,82.2,177.0,88.3,12.3,313.0,9.1,0.43
141330,0.0,61,3.47,114.5,159.0,87.8,13.2,172.0,6.2,0.98
141331,0.0,4,0.03,55.7,178.0,71.3,15.0,352.0,5.0,0.16
141332,0.0,11,4.11,81.7,145.0,87.9,13.5,259.0,6.7,0.32
141333,0.0,10,1.08,58.9,178.0,87.9,13.5,259.0,6.7,1.45
141334,0.0,79,2.5,109.3,147.0,91.7,14.2,189.0,6.0,0.75
141335,0.0,71,5.0,103.0,189.0,95.8,13.7,232.0,5.2,0.98
141336,0.0,17,1.93,65.2,186.0,85.3,13.3,263.0,4.8,0.33
141337,0.0,32,0.52,103.8,175.0,91.7,13.0,220.0,5.4,0.74
141338,0.0,42,1.26,92.7,178.0,87.9,13.5,259.0,6.7,1.45
141339,0.0,18,0.15,83.5,165.0,88.6,12.6,343.0,6.1,1.47
141340,0.0,11,1.71,93.0,178.0,87.9,13.5,259.0,6.7,1.45
141341,1.0,67,1.86,92.7,178.0,87.9,13.5,259.0,6.7,1.45
141342,1.0,80,0.04,92.7,178.0,87.9,13.5,259.0,6.7,1.45
141343,0.0,3,1.09,92.7,178.0,87.9,13.5,259.0,6.7,1.45
141344,0.0,55,2.5,92.7,178.0,87.9,13.5,259.0,6.7,1.45
141345,0.0,31,0.94,87.5,126.0,85.1,12.9,206.0,5.5,0.87
141346,0.0,13,2.5,92.7,178.0,87.9,13.5,259.0,6.7,1.45
141347,0.0,39,2.5,73.0,162.0,85.2,15.5,219.0,5.9,0.74
141348,0.0,69,1.47,113.8,178.0,88.0,14.3,309.0,9.1,1.45
141349,0.0,74,2.03,109.8,162.0,85.1,14.9,150.0,5.3,2.63
141350,0.0,3,0.42,92.7,178.0,87.9,13.5,259.0,6.7,1.45
141352,0.0,12,0.65,92.7,178.0,87.9,13.5,259.0,6.7,1.45
141353,0.0,56,2.13,112.5,229.0,90.6,13.1,244.0,5.5,4.86
141354,0.0,69,1.61,76.5,293.0,95.9,14.1,346.0,7.8,0.72
141355,0.0,12,1.31,79.2,169.0,77.8,16.4,356.0,8.1,0.61
141356,0.0,31,2.77,92.7,178.0,87.9,13.5,259.0,6.7,1.45
141357,0.0,71,2.5,84.7,102.0,71.5,14.4,198.0,8.2,0.2
141358,0.0,67,2.5,90.5,217.0,89.6,13.0,341.0,7.5,3.9
141359,0.0,13,2.5,92.7,178.0,87.9,13.5,259.0,6.7,1.45
141360,0.0,6,2.5,64.5,127.0,72.8,14.2,303.0,7.1,0.5
141361,0.0,17,0.01,90.5,99.0,87.6,13.2,227.0,7.3,0.63
141362,0.0,42,2.03,100.6,206.0,90.0,12.6,362.0,9.2,15.15
141363,0.0,7,5.0,92.7,178.0,87.9,13.5,259.0,6.7,1.45
141364,0.0,22,4.02,92.7,178.0,87.9,13.5,259.0,6.7,1.45
141365,0.0,72,5.0,112.9,274.0,89.8,14.4,502.0,15.0,4.44
141366,0.0,53,5.0,93.2,212.0,83.5,13.5,180.0,9.0,2.25
141367,0.0,13,0.87,77.0,162.0,88.4,13.2,327.0,5.8,0.11
141368,0.0,48,1.85,98.2,287.0,85.9,13.6,292.0,11.0,4.75
141369,0.0,17,2.5,72.6,119.0,94.5,13.3,265.0,4.9,1.32
141370,0.0,75,0.99,92.7,178.0,87.9,13.5,259.0,6.7,1.45
141371,0.0,17,4.1,73.7,119.0,86.4,13.6,217.0,4.7,5.26
141372,0.0,68,2.4,108.0,238.0,93.0,13.2,271.0,4.5,0.78
141373,0.0,53,2.95,92.7,178.0,87.9,13.5,259.0,6.7,1.45
141374,0.0,30,0.58,89.9,198.0,91.0,12.9,278.0,9.7,0.69
141375,0.0,49,0.51,95.7,226.0,90.2,12.4,225.0,8.0,4.2
141376,0.0,61,2.5,92.7,178.0,87.9,13.5,259.0,6.7,1.45
141377,0.0,74,5.0,92.7,175.0,93.2,14.1,273.0,9.9,8.71
141378,0.0,35,2.7,108.4,194.0,92.7,13.4,280.0,6.9,0.98
141379,0.0,34,1.85,100.5,230.0,86.9,13.4,314.0,5.6,1.24
141380,0.0,78,1.06,92.7,178.0,87.9,13.5,259.0,6.7,1.45
141381,0.0,50,2.74,105.7,208.0,91.6,13.9,232.0,5.6,3.26
141382,0.0,10,2.5,56.5,163.0,87.3,12.7,364.0,6.8,0.11
141383,0.0,20,1.94,87.3,178.0,88.4,12.3,213.0,4.7,0.46
141384,0.0,8,0.76,62.1,178.0,87.9,13.5,259.0,6.7,1.45
141385,0.0,23,2.5,68.6,180.0,89.1,13.3,177.0,4.3,0.58
141386,0.0,60,4.1,100.1,196.0,83.9,14.2,240.0,6.8,3.46
141387,0.0,40,2.5,83.5,202.0,87.9,13.5,259.0,6.7,0.36
141388,0.0,7,3.02,92.7,178.0,87.9,13.5,259.0,6.7,1.45
141389,1.0,66,2.31,82.8,148.0,100.7,13.0,232.0,5.9,0.33
141390,0.0,10,1.46,62.3,178.0,87.9,13.5,259.0,6.7,1.45
141391,0.0,15,1.52,60.7,116.0,85.9,13.9,228.0,7.4,0.11
141392,0.0,80,2.5,102.4,145.0,90.3,15.1,145.0,6.3,0.88
141393,0.0,62,5.0,92.2,321.0,91.4,12.9,322.0,4.5,1.41
141394,0.0,11,4.03,93.2,178.0,87.9,13.5,259.0,6.7,1.45
141395,0.0,59,3.43,133.5,122.0,80.4,14.0,243.0,10.5,1.34
141396,0.0,40,2.5,77.1,182.0,93.9,13.5,259.0,9.2,1.17
141397,0.0,18,0.87,75.3,133.0,84.4,14.7,212.0,6.3,0.16
141398,0.0,67,1.05,84.6,178.0,87.9,13.5,259.0,6.7,1.45
141399,0.0,72,4.19,87.5,227.0,95.9,12.8,277.0,7.1,1.62
141400,0.0,58,2.5,92.7,178.0,87.9,13.5,259.0,6.7,1.45
141401,0.0,58,5.0,94.4,236.0,87.3,13.8,191.0,5.0,2.09
141402,1.0,72,0.61,92.7,178.0,87.9,13.5,259.0,6.7,1.45
141403,1.0,55,0.69,95.1,260.0,97.4,13.3,249.0,5.0,0.67
141404,0.0,22,0.84,92.7,178.0,87.9,13.5,259.0,6.7,1.45
141405,0.0,70,1.71,90.5,257.0,95.5,13.6,212.0,5.7,4.18
141406,0.0,17,5.0,92.7,178.0,87.9,13.5,259.0,6.7,1.45
141407,0.0,64,5.0,98.6,228.0,89.2,13.9,277.0,6.1,3.42
141408,0.0,42,2.5,86.5,202.0,94.5,12.4,171.0,5.9,2.77
141409,0.0,60,2.5,92.7,178.0,87.9,13.5,259.0,6.7,1.45
141410,0.0,61,0.75,92.7,178.0,87.9,13.5,259.0,6.7,1.45
141411,0.0,75,5.0,92.7,178.0,87.9,13.5,259.0,6.7,1.45
141412,1.0,63,2.5,146.2,173.0,90.2,13.9,264.0,5.6,3.36
141413,0.0,22,1.14,92.2,134.0,80.0,19.6,336.0,6.8,0.92
141414,0.0,18,0.08,92.7,178.0,87.9,13.5,259.0,6.7,1.45
141415,0.0,68,5.0,115.3,124.0,92.0,16.8,305.0,7.1,3.53
141416,0.0,41,5.0,92.7,178.0,87.9,13.5,259.0,6.7,1.45
141417,0.0,56,4.42,73.4,197.0,92.3,13.0,191.0,5.4,0.24
141418,0.0,32,1.97,137.0,152.0,82.4,14.9,384.0,8.4,7.67
141419,0.0,71,2.94,92.7,178.0,87.9,13.5,259.0,6.7,1.45
141420,0.0,61,5.0,110.9,143.0,92.4,12.9,151.0,4.8,0.59
141421,0.0,9,0.09,92.7,178.0,87.9,13.5,259.0,6.7,1.45
141422,0.0,13,3.08,78.2,158.0,79.7,14.7,284.0,5.1,0.11
141423,0.0,52,2.48,92.7,178.0,87.9,13.5,259.0,6.7,1.45
141424,1.0,71,0.73,93.5,130.0,93.4,13.1,182.0,6.5,0.48
141425,0.0,31,0.05,103.9,178.0,87.9,13.5,259.0,6.7,1.45
141426,0.0,34,1.67,69.8,270.0,89.4,13.5,370.0,5.8,0.47
141427,1.0,64,2.5,92.7,178.0,87.9,13.5,259.0,6.7,1.45
141428,0.0,32,2.94,134.7,208.0,85.7,14.1,226.0,6.4,33.23
141429,0.0,4,1.96,92.7,178.0,87.9,13.5,259.0,6.7,1.45
141430,0.0,37,5.0,92.7,178.0,87.9,13.5,259.0,6.7,1.45
141431,0.0,65,2.5,127.7,138.0,94.5,13.9,230.0,5.6,3.91
141432,0.0,7,2.5,51.0,154.0,84.9,13.6,327.0,4.4,0.22
141433,0.0,2,1.67,92.7,178.0,87.9,13.5,259.0,6.7,1.45
141434,0.0,3,0.82,54.0,178.0,87.9,13.5,259.0,6.7,1.45
141435,0.0,35,2.5,104.0,228.0,89.2,12.7,192.0,6.3,0.73
141436,1.0,80,2.5,92.7,178.0,87.9,13.5,259.0,6.7,1.45
141437,0.0,61,5.0,92.7,178.0,87.9,13.5,259.0,6.7,1.45
141438,0.0,15,2.5,92.7,178.0,87.9,13.5,259.0,6.7,1.45
141439,0.0,57,5.0,103.8,231.0,94.4,13.3,323.0,7.5,2.5
141440,0.0,60,2.5,92.7,178.0,87.9,13.5,259.0,6.7,1.45
141441,0.0,56,3.11,91.1,218.0,99.4,13.8,280.0,6.6,6.27
141442,0.0,29,2.5,78.7,189.0,94.7,13.3,218.0,4.3,0.46
141443,1.0,80,0.91,92.7,178.0,87.9,13.5,259.0,6.7,1.45
141444,0.0,29,2.35,79.0,182.0,86.4,13.4,320.0,11.2,0.31
141445,0.0,49,2.46,77.6,229.0,94.6,13.0,254.0,4.7,0.68
141446,0.0,52,5.0,104.9,191.0,97.6,13.0,300.0,8.4,1.66
141447,0.0,21,2.18,107.7,158.0,85.4,14.2,290.0,7.6,2.89
141448,0.0,80,3.33,69.7,210.0,97.3,17.0,320.0,5.4,3.64
141449,0.0,22,3.31,92.7,178.0,87.9,13.5,259.0,6.7,1.45
141450,0.0,74,5.0,112.0,184.0,86.6,14.9,288.0,6.4,6.14
141451,0.0,44,5.0,92.7,178.0,87.9,13.5,259.0,6.7,1.45
141452,0.0,2,2.5,92.7,178.0,87.9,13.5,259.0,6.7,1.45
141453,0.0,35,5.0,77.4,178.0,87.9,13.5,259.0,6.7,1.45
141454,0.0,25,3.42,74.9,178.0,89.0,13.0,185.0,5.3,0.18
141455,0.0,1,3.33,92.7,178.0,78.4,13.7,329.0,6.9,0.34
141456,0.0,51,2.5,92.7,178.0,87.9,13.5,259.0,6.7,1.45
141457,0.0,2,2.5,44.9,178.0,87.9,13.5,259.0,6.7,1.45
141458,0.0,1,0.41,92.7,178.0,87.9,13.5,259.0,6.7,1.45
141459,1.0,79,5.0,85.4,143.0,93.2,14.0,274.0,8.4,0.28
141460,1.0,74,0.74,92.7,178.0,87.9,13.5,259.0,6.7,1.45
141461,0.0,71,5.0,92.7,178.0,87.9,13.5,259.0,6.7,1.45
141462,0.0,38,5.0,72.7,178.0,96.5,13.3,195.0,6.7,1.45
141463,0.0,64,0.96,92.7,178.0,87.9,13.5,259.0,6.7,1.45
141464,0.0,43,2.5,112.4,157.0,81.2,17.0,91.0,4.1,3.8
141465,1.0,75,2.73,92.7,164.0,97.2,14.4,119.0,4.7,12.23
141466,0.0,67,5.0,92.7,178.0,87.9,13.5,259.0,6.7,1.45
141467,0.0,59,2.5,105.6,308.0,83.9,13.7,358.0,6.6,1.22
141468,0.0,61,5.0,80.8,179.0,93.7,12.9,142.0,6.3,0.42
141469,0.0,64,5.0,112.0,156.0,93.7,14.0,180.0,5.2,1.32
141470,0.0,72,3.77,110.6,178.0,87.9,13.5,259.0,6.7,1.45
141471,0.0,6,1.01,56.1,125.0,84.7,13.4,334.0,5.1,0.17
141472,0.0,9,0.67,108.2,178.0,87.9,13.5,259.0,6.7,1.45
141473,0.0,50,2.4,92.7,178.0,87.9,13.5,259.0,6.7,1.45
141474,0.0,51,2.5,92.7,178.0,87.9,13.5,259.0,6.7,1.45
141475,0.0,6,5.0,92.7,178.0,87.9,13.5,259.0,6.7,1.45
141476,0.0,35,0.9,102.6,182.0,87.7,13.9,404.0,7.4,7.59
141477,0.0,77,4.37,95.9,185.0,84.2,15.6,179.0,7.7,4.92
141478,0.0,40,2.17,86.9,191.0,71.2,16.8,323.0,6.4,1.34
141479,0.0,62,2.35,110.1,197.0,93.4,13.4,187.0,5.9,1.31
141480,0.0,13,1.08,75.0,158.0,92.1,13.1,303.0,8.3,1.86
141481,0.0,15,2.5,92.7,178.0,87.9,13.5,259.0,6.7,1.45
141482,0.0,20,1.05,83.4,137.0,89.2,13.7,170.0,5.0,0.32
141483,0.0,71,2.5,80.4,172.0,94.2,12.9,250.0,3.1,0.58
141484,0.0,36,5.0,99.4,259.0,87.7,13.1,314.0,5.9,0.59
141485,0.0,65,3.28,110.1,229.0,94.6,12.2,218.0,4.6,0.59
141487,0.0,74,1.08,100.2,241.0,94.5,14.0,249.0,8.6,2.68
141488,0.0,80,2.5,131.5,179.0,89.4,14.9,265.0,8.2,1.8
141489,0.0,59,4.13,103.0,179.0,95.6,12.1,274.0,6.0,1.7
141490,0.0,71,0.84,83.0,197.0,89.3,15.7,167.0,3.5,1.04
141491,0.0,25,0.04,92.7,178.0,87.9,13.5,259.0,6.7,1.45
141492,0.0,4,1.23,92.7,178.0,87.9,13.5,259.0,6.7,1.45
141493,0.0,56,2.5,92.7,178.0,87.9,13.5,259.0,6.7,1.45
141494,0.0,15,2.5,92.7,178.0,87.9,13.5,259.0,6.7,1.45
141495,0.0,74,2.79,113.0,187.0,92.1,13.0,220.0,6.7,1.92
141496,0.0,41,0.7,92.7,193.0,86.2,15.2,346.0,5.9,5.07
141497,0.0,46,2.5,111.3,226.0,83.7,13.8,353.0,9.1,4.67
141498,0.0,44,2.5,92.7,178.0,87.9,13.5,259.0,6.7,1.45
141499,0.0,64,0.66,92.5,252.0,92.8,13.0,283.0,8.1,3.02
141500,0.0,38,2.54,89.4,115.0,91.0,12.5,205.0,5.8,0.75
141501,0.0,32,0.94,123.1,178.0,87.9,13.5,259.0,6.7,1.45
141502,0.0,80,5.0,91.2,136.0,96.2,14.5,163.0,4.9,1.58
141503,0.0,62,5.0,102.4,176.0,91.6,13.3,242.0,7.3,0.74
141504,0.0,9,1.54,92.7,178.0,87.9,13.5,259.0,6.7,1.45
141505,0.0,24,5.0,62.4,218.0,94.2,13.4,293.0,3.8,0.4
141506,0.0,17,5.0,65.6,189.0,90.5,12.9,292.0,9.0,0.19
141507,1.0,41,0.74,120.4,126.0,74.1,20.0,321.0,12.7,3.21
141508,1.0,68,2.58,102.8,119.0,87.3,12.9,256.0,5.4,0.77
141509,0.0,8,2.5,92.7,178.0,87.9,13.5,259.0,6.7,1.45
141510,0.0,35,0.01,93.4,115.0,84.7,13.4,178.0,7.4,1.72
141511,0.0,73,1.81,98.9,175.0,87.9,14.2,258.0,5.3,2.69
141512,0.0,17,1.0,92.5,153.0,86.9,14.2,280.0,6.9,1.02
141513,0.0,14,2.5,92.7,178.0,87.9,13.5,259.0,6.7,1.45
141514,0.0,73,2.15,96.3,196.0,93.2,13.7,178.0,4.4,2.16
141515,0.0,53,2.5,96.3,199.0,88.5,13.1,337.0,9.4,0.59
141516,0.0,5,5.0,53.0,178.0,81.6,13.7,340.0,6.0,0.16
141517,0.0,12,2.5,56.4,178.0,87.9,13.5,259.0,6.7,1.45
141518,0.0,23,2.5,92.7,178.0,87.9,13.5,259.0,6.7,1.45
141519,0.0,18,2.5,92.7,178.0,87.9,13.5,259.0,6.7,1.45
141520,0.0,68,3.72,101.3,178.0,87.9,13.5,259.0,6.7,1.45
141521,0.0,26,1.97,80.2,177.0,70.3,13.7,294.0,5.3,2.0
141522,0.0,8,2.26,92.7,178.0,87.9,13.5,259.0,6.7,1.45
141523,0.0,9,2.5,92.7,178.0,87.9,13.5,259.0,6.7,1.45
141524,0.0,4,4.33,50.9,178.0,87.9,13.5,259.0,6.7,1.45
141525,0.0,31,4.37,96.7,165.0,87.0,12.8,317.0,4.3,0.66
141526,0.0,39,1.99,92.7,174.0,86.8,13.8,244.0,5.0,2.09
141527,0.0,17,5.0,94.1,152.0,81.9,12.8,231.0,7.1,0.55
141528,0.0,26,4.34,85.7,171.0,72.5,15.3,220.0,5.5,0.69
141529,0.0,48,2.5,88.4,355.0,90.1,13.1,282.0,7.6,0.84
141530,0.0,4,2.85,92.7,178.0,87.9,13.5,259.0,6.7,1.45
141531,0.0,2,2.5,92.7,178.0,87.9,13.5,259.0,6.7,1.45
141532,0.0,18,2.16,65.4,178.0,89.9,12.9,287.0,6.1,1.45
141533,0.0,11,0.48,92.7,178.0,87.9,13.5,259.0,6.7,1.45
141534,0.0,12,2.5,92.7,178.0,87.9,13.5,259.0,6.7,1.45
141535,0.0,18,0.3,73.0,128.0,89.7,13.6,185.0,3.3,0.11
141536,0.0,4,4.0,45.9,178.0,87.9,13.5,259.0,6.7,1.45
141537,0.0,42,2.94,74.6,247.0,81.4,14.0,308.0,4.3,0.22
141538,0.0,70,3.24,122.6,172.0,88.7,13.3,256.0,8.0,7.64
141539,0.0,16,2.74,103.2,148.0,85.4,13.4,162.0,6.6,2.12
141540,1.0,74,2.5,112.4,148.0,83.7,16.8,298.0,6.9,1.56
141541,0.0,38,5.0,92.7,178.0,87.9,13.5,259.0,6.7,1.45
141542,0.0,14,2.09,92.7,178.0,87.9,13.5,259.0,6.7,1.45
141543,0.0,32,2.5,92.7,178.0,87.9,13.5,259.0,6.7,1.45
141544,0.0,6,1.71,53.3,178.0,82.5,13.5,320.0,6.5,1.45
141545,0.0,10,3.23,54.1,184.0,83.2,13.0,239.0,9.7,0.18
141546,0.0,14,2.5,92.7,178.0,87.9,13.5,259.0,6.7,1.45
141547,0.0,53,1.03,89.0,266.0,87.9,13.1,327.0,8.5,1.02
141548,0.0,60,1.01,73.7,161.0,90.2,12.9,330.0,5.7,0.77
141549,0.0,48,2.73,93.0,206.0,89.0,13.9,240.0,8.1,0.52
141550,0.0,34,4.17,104.6,235.0,89.3,13.0,280.0,8.2,1.81
141551,0.0,25,1.09,92.7,178.0,87.9,13.5,259.0,6.7,1.45
141552,0.0,3,2.92,92.7,178.0,87.9,13.5,259.0,6.7,1.45
141553,0.0,24,5.0,63.1,178.0,87.9,13.5,259.0,6.7,1.45
141554,0.0,2,5.0,50.0,178.0,87.9,13.5,259.0,6.7,1.45
141555,0.0,60,0.85,77.3,142.0,89.3,13.9,262.0,7.3,1.46
141557,0.0,59,2.79,93.9,187.0,99.4,13.2,295.0,5.4,0.3
141558,0.0,39,4.1,98.4,139.0,87.1,13.1,303.0,4.9,1.13
141559,0.0,4,1.04,57.0,178.0,71.5,16.8,464.0,9.5,0.45
141560,0.0,37,2.42,92.7,178.0,87.9,13.5,259.0,6.7,1.45
141561,0.0,66,1.13,75.6,206.0,88.0,13.7,333.0,8.1,0.68
141562,0.0,16,0.24,69.5,132.0,87.7,13.4,283.0,3.5,0.44
141563,0.0,16,2.5,80.4,145.0,84.8,12.1,294.0,8.3,1.1
141564,1.0,72,2.87,111.8,187.0,89.4,13.4,209.0,6.3,2.45
141565,0.0,12,0.88,92.7,178.0,87.9,13.5,259.0,6.7,1.45
141566,0.0,70,0.92,92.7,178.0,87.9,13.5,259.0,6.7,1.45
141567,0.0,59,2.5,92.7,118.0,93.7,14.0,243.0,10.9,10.61
141568,0.0,72,2.5,90.8,204.0,92.0,13.8,320.0,5.6,4.44
141569,0.0,64,2.94,92.7,178.0,87.9,13.5,259.0,6.7,1.45
141570,1.0,80,3.8,92.1,163.0,93.7,14.8,233.0,6.1,0.45
141571,0.0,10,0.36,67.3,178.0,87.9,13.5,259.0,6.7,1.45
141572,0.0,4,0.4,92.7,178.0,87.9,13.5,259.0,6.7,1.45
141573,0.0,37,1.13,129.5,167.0,84.8,14.1,364.0,7.3,5.94
141574,0.0,23,2.54,101.5,175.0,85.0,12.9,310.0,8.3,6.53
141575,0.0,26,2.73,88.1,169.0,89.6,12.9,203.0,5.8,3.2
141576,0.0,73,2.21,131.7,187.0,75.5,16.6,314.0,7.2,6.7
141577,0.0,64,5.0,122.3,159.0,87.7,13.4,265.0,6.9,0.8
141578,1.0,60,0.74,88.9,121.0,84.3,14.7,280.0,6.9,6.51
141579,0.0,68,3.03,102.2,145.0,91.1,13.2,184.0,5.0,1.3
141580,1.0,68,3.06,112.4,133.0,95.2,14.0,224.0,5.4,0.41
141581,0.0,62,0.88,125.5,178.0,90.4,12.8,234.0,10.6,1.45
141582,0.0,9,1.31,64.2,153.0,82.9,13.3,381.0,8.5,0.15
141583,0.0,19,3.21,76.2,111.0,80.9,14.9,372.0,6.3,0.9
141584,0.0,69,3.26,92.7,178.0,87.9,13.5,259.0,6.7,1.45
141585,0.0,54,5.0,101.4,246.0,87.5,12.5,229.0,6.4,2.44
141586,0.0,18,0.74,92.7,178.0,87.9,13.5,259.0,6.7,1.45
141587,0.0,9,0.3,65.3,196.0,84.7,13.3,383.0,4.1,0.27
141588,0.0,65,4.02,98.2,173.0,94.0,13.8,316.0,6.4,3.71
141589,0.0,32,1.76,129.6,107.0,80.9,13.1,308.0,9.6,8.49
141590,0.0,19,5.0,97.2,173.0,74.4,15.5,286.0,4.0,0.67
141591,1.0,57,0.0,100.3,151.0,95.5,13.1,219.0,5.2,6.31
141592,0.0,33,3.89,69.3,111.0,81.5,14.6,408.0,7.3,30.24
141593,0.0,61,0.1,84.9,178.0,87.9,13.5,259.0,6.7,1.45
141594,0.0,48,5.0,88.9,194.0,87.5,13.7,216.0,7.1,0.77
141595,0.0,43,2.5,69.0,178.0,91.8,13.4,207.0,4.6,1.45
141596,0.0,71,2.18,93.3,222.0,95.7,12.8,230.0,7.2,0.27
141597,0.0,74,5.0,88.4,213.0,87.9,13.5,259.0,6.7,0.83
141598,0.0,2,0.79,92.7,178.0,87.9,13.5,259.0,6.7,1.45
141599,0.0,8,3.28,67.4,178.0,87.9,13.5,259.0,6.7,1.45
141600,0.0,26,0.18,139.7,216.0,74.5,16.9,393.0,10.1,56.08
141601,0.0,5,1.74,92.7,178.0,87.9,13.5,259.0,6.7,1.45
141602,0.0,32,5.0,70.4,209.0,86.5,13.4,426.0,7.3,0.51
141603,0.0,12,5.0,92.7,178.0,87.9,13.5,259.0,6.7,1.45
141604,0.0,25,1.02,92.7,178.0,87.9,13.5,259.0,6.7,1.45
141605,0.0,5,0.48,55.7,178.0,71.2,14.6,354.0,5.9,0.6
141606,0.0,13,0.73,74.2,149.0,84.8,13.8,211.0,9.0,0.64
141607,0.0,30,4.73,92.7,178.0,87.9,13.5,259.0,6.7,1.45
141608,1.0,62,2.5,149.8,139.0,81.4,16.8,193.0,7.7,1.36
141609,0.0,36,2.5,92.7,178.0,87.9,13.5,259.0,6.7,1.45
141610,0.0,6,0.6,92.7,178.0,87.9,13.5,259.0,6.7,1.45
141611,0.0,16,5.0,85.5,183.0,84.6,14.2,265.0,7.9,2.53
141612,0.0,32,2.5,97.3,187.0,90.3,13.6,335.0,8.2,0.94
141613,0.0,11,1.05,59.1,178.0,87.9,13.5,259.0,6.7,1.45
141614,0.0,52,2.46,90.6,213.0,90.4,14.1,170.0,5.9,1.93
141615,0.0,58,0.31,89.4,188.0,94.1,13.9,198.0,6.2,0.92
141616,0.0,65,5.0,92.7,178.0,87.9,13.5,259.0,6.7,1.45
141617,0.0,27,3.57,75.4,187.0,89.6,12.1,330.0,6.8,0.24
141618,0.0,13,0.89,65.5,110.0,82.0,13.3,361.0,6.1,3.69
141619,0.0,7,2.5,69.9,178.0,84.3,13.4,392.0,7.1,1.03
141621,0.0,58,2.56,96.8,188.0,88.2,13.7,299.0,7.9,2.95
141622,1.0,59,2.5,92.7,178.0,87.9,13.5,259.0,6.7,1.45
141623,0.0,19,2.5,92.7,178.0,87.9,13.5,259.0,6.7,1.45
141624,0.0,11,3.77,62.5,165.0,86.7,13.2,243.0,3.5,0.15
141625,1.0,74,3.82,112.2,183.0,95.3,13.4,320.0,10.2,4.16
141626,0.0,38,4.83,97.5,275.0,90.0,13.2,208.0,5.7,1.85
141627,0.0,72,2.35,109.9,137.0,89.4,12.6,357.0,6.5,9.35
141628,0.0,58,5.0,100.3,203.0,94.9,13.5,281.0,4.7,7.73
141629,0.0,41,0.17,145.4,178.0,92.1,16.3,361.0,11.7,1.45
141630,0.0,38,5.0,92.7,178.0,87.9,13.5,259.0,6.7,1.45
141631,0.0,77,2.79,109.7,158.0,92.1,14.8,188.0,4.5,0.49
141632,0.0,8,1.08,91.0,178.0,87.9,13.5,259.0,6.7,1.45
141633,0.0,1,2.5,92.7,178.0,87.9,13.5,259.0,6.7,1.45
141634,0.0,59,5.0,87.3,303.0,95.4,12.1,239.0,8.9,0.33
141635,0.0,53,1.47,82.0,303.0,91.1,13.8,202.0,7.7,0.79
141636,0.0,75,4.56,89.2,271.0,90.8,14.6,205.0,6.6,0.79
141637,0.0,76,2.18,92.7,178.0,87.9,13.5,259.0,6.7,1.45
141638,0.0,15,2.12,68.8,178.0,87.9,13.5,259.0,6.7,1.45
141639,0.0,14,0.73,92.7,178.0,87.9,13.5,259.0,6.7,1.45
141640,0.0,27,2.19,124.4,182.0,90.5,13.0,355.0,12.9,30.46
141641,0.0,36,5.0,98.4,185.0,81.1,13.6,351.0,7.2,2.4
141642,0.0,67,2.5,118.0,201.0,88.5,16.0,256.0,5.2,30.65
141643,1.0,80,3.09,92.7,178.0,87.9,13.5,259.0,6.7,1.45
141644,0.0,57,2.5,151.7,163.0,88.4,14.1,290.0,9.8,12.61
141645,0.0,69,5.0,117.7,269.0,89.3,13.7,258.0,7.6,1.19
141646,0.0,12,4.28,76.0,153.0,85.1,12.3,280.0,5.5,0.22
141647,0.0,78,5.0,92.7,178.0,87.9,13.5,259.0,6.7,1.45
141648,0.0,33,0.83,90.4,189.0,88.6,13.1,303.0,5.4,6.44
141649,0.0,24,5.0,92.7,178.0,87.9,13.5,259.0,6.7,1.45
141650,0.0,12,2.85,71.0,152.0,82.3,12.6,272.0,5.3,0.11
141651,0.0,10,1.56,61.3,130.0,83.4,13.2,273.0,5.6,0.31
141652,0.0,1,0.96,92.7,178.0,87.9,13.5,259.0,6.7,1.45
141653,0.0,28,2.5,92.7,178.0,87.9,13.5,259.0,6.7,1.45
141654,0.0,62,5.0,90.9,176.0,93.2,13.4,208.0,5.1,4.25
141655,0.0,20,2.5,88.0,160.0,82.6,15.1,322.0,8.6,1.27
141656,0.0,80,2.06,92.7,178.0,87.9,13.5,259.0,6.7,1.45
141657,0.0,80,2.5,92.7,178.0,87.9,13.5,259.0,6.7,1.45
141658,1.0,80,5.0,92.7,178.0,87.9,13.5,259.0,6.7,1.45
141659,0.0,6,0.36,51.1,178.0,87.9,13.5,259.0,6.7,1.45
141660,0.0,67,5.0,105.8,168.0,90.2,13.0,288.0,6.1,2.0
141661,0.0,31,2.69,123.9,178.0,87.9,13.5,259.0,6.7,1.45
141662,0.0,56,5.0,92.7,178.0,87.9,13.5,259.0,6.7,1.45
141663,0.0,80,4.06,101.7,235.0,93.6,13.2,205.0,7.2,2.05
141664,0.0,59,3.58,128.4,165.0,90.7,14.1,262.0,8.0,3.4
141665,0.0,66,5.0,80.6,254.0,92.7,13.6,227.0,5.5,1.27
141666,0.0,14,5.0,92.7,178.0,87.9,13.5,259.0,6.7,1.45
141667,0.0,7,5.0,58.4,178.0,87.1,13.7,260.0,6.2,1.45
141668,0.0,4,3.58,92.7,178.0,87.9,13.5,259.0,6.7,1.45
141669,0.0,30,5.0,77.0,161.0,87.6,13.3,259.0,7.8,0.17
141670,0.0,12,2.77,92.7,178.0,87.9,13.5,259.0,6.7,1.45
141671,0.0,13,3.13,86.9,178.0,87.9,13.5,259.0,6.7,1.45
141672,0.0,46,2.18,73.2,208.0,86.9,14.0,247.0,10.7,1.79
141673,0.0,54,2.5,88.6,181.0,90.2,13.4,215.0,5.0,0.54
141674,0.0,21,2.5,92.7,178.0,87.9,13.5,259.0,6.7,1.45
141675,0.0,68,1.17,110.2,178.0,87.7,13.7,282.0,6.8,10.25
141676,0.0,58,3.55,95.3,224.0,91.4,13.3,278.0,6.2,0.84
141677,1.0,61,3.0,110.5,234.0,87.4,14.1,246.0,9.4,5.55
141678,0.0,55,0.96,119.4,171.0,88.9,14.5,217.0,7.1,8.62
141679,0.0,5,2.5,63.5,178.0,87.9,13.5,259.0,6.7,1.45
141680,1.0,71,1.18,85.5,128.0,86.6,15.4,299.0,5.9,1.75
141681,0.0,39,0.01,75.5,231.0,80.9,16.1,260.0,5.9,0.96
141682,0.0,6,5.0,92.7,178.0,87.9,13.5,259.0,6.7,1.45
141684,0.0,54,3.02,104.0,197.0,86.7,13.8,236.0,7.7,1.62
141685,0.0,3,0.62,92.7,178.0,87.9,13.5,259.0,6.7,1.45
141686,0.0,11,1.48,81.7,128.0,84.0,13.9,372.0,8.5,5.98
141687,0.0,80,3.04,92.7,127.0,97.8,13.7,165.0,9.3,27.15
141688,0.0,29,2.5,92.7,178.0,87.9,13.5,259.0,6.7,1.45
141689,0.0,49,5.0,109.0,317.0,85.8,12.7,297.0,7.4,4.54
141691,0.0,55,5.0,124.2,232.0,87.2,13.9,303.0,7.6,8.67
141692,0.0,45,1.21,92.7,178.0,87.9,13.5,259.0,6.7,1.45
141693,0.0,2,1.1,92.7,178.0,87.9,13.5,259.0,6.7,1.45
141694,0.0,74,3.55,99.4,220.0,86.6,15.0,219.0,5.2,9.05
141695,0.0,1,2.5,92.7,178.0,87.9,13.5,259.0,6.7,1.45
141696,1.0,58,3.0,124.6,113.0,85.7,15.5,236.0,6.5,2.27
141697,0.0,16,1.19,81.1,121.0,89.3,13.7,205.0,5.5,0.45
141698,0.0,80,2.5,92.7,178.0,87.9,13.5,259.0,6.7,1.45
141699,0.0,8,1.8,58.4,150.0,81.3,13.7,206.0,10.1,0.73
141700,0.0,6,2.5,50.3,178.0,87.9,13.5,259.0,6.7,1.45
141701,0.0,63,5.0,109.5,145.0,69.6,16.7,385.0,6.6,11.7
141702,0.0,16,3.0,76.0,160.0,81.9,13.5,192.0,4.0,2.23
141703,0.0,27,4.6,103.0,204.0,86.5,13.2,251.0,8.0,0.5
141704,0.0,79,2.5,92.7,178.0,87.9,13.5,259.0,6.7,1.45
141705,0.0,1,2.5,92.7,178.0,84.6,12.7,363.0,9.7,1.45
141706,0.0,68,5.0,118.0,163.0,89.3,13.5,228.0,7.0,1.02
141707,0.0,10,0.63,95.0,152.0,84.2,13.4,289.0,6.7,3.17
141708,0.0,9,2.56,52.4,135.0,76.6,14.5,320.0,7.8,1.25
141709,0.0,63,5.0,112.3,149.0,78.5,14.8,176.0,4.1,1.06
141710,0.0,72,1.4,92.7,143.0,79.6,17.3,262.0,7.6,6.55
141711,0.0,10,3.42,57.4,137.0,85.8,12.4,222.0,4.6,0.11
141712,0.0,32,0.41,92.7,178.0,87.9,13.5,259.0,6.7,1.45
141713,0.0,59,1.65,80.5,190.0,93.2,14.5,160.0,5.4,0.66
141714,0.0,50,2.87,89.5,168.0,81.3,14.8,308.0,8.2,0.59
141715,0.0,66,0.83,113.0,178.0,87.9,13.5,259.0,6.7,1.45
141716,0.0,1,5.0,92.7,178.0,87.9,13.5,259.0,6.7,1.45
141717,1.0,63,2.5,126.1,144.0,94.1,13.3,159.0,7.8,1.29
141718,0.0,3,0.94,50.0,178.0,87.9,13.5,259.0,6.7,1.45
141719,0.0,80,4.6,91.4,156.0,95.2,12.7,249.0,5.1,0.44
141720,0.0,60,5.0,92.7,178.0,87.9,13.5,259.0,6.7,1.45
141721,0.0,80,1.36,106.6,181.0,90.0,13.4,208.0,6.0,1.41
141722,0.0,19,2.49,85.7,181.0,84.1,14.0,349.0,6.8,3.16
141723,0.0,41,4.83,110.2,189.0,78.6,14.6,355.0,9.2,6.35
141724,0.0,6,4.4,53.0,178.0,87.9,13.5,259.0,6.7,1.45
141725,0.0,49,2.32,92.7,178.0,87.9,13.5,259.0,6.7,1.45
141726,0.0,80,0.59,92.7,178.0,87.9,13.5,259.0,6.7,1.45
141727,0.0,14,1.8,92.7,178.0,87.9,13.5,259.0,6.7,1.45
141728,0.0,47,1.55,117.6,202.0,93.9,13.4,407.0,6.8,6.46
141729,0.0,76,1.07,92.7,178.0,87.9,13.5,259.0,6.7,1.45
141730,1.0,24,3.11,92.7,178.0,87.9,13.5,259.0,6.7,1.45
141731,0.0,68,5.0,101.1,143.0,92.5,12.9,212.0,7.5,0.88
141732,0.0,65,3.77,96.6,245.0,85.7,12.9,412.0,7.9,3.89
141733,0.0,9,0.33,52.8,152.0,83.4,12.8,172.0,3.4,0.17
141734,0.0,75,2.19,98.7,190.0,88.5,14.2,265.0,5.6,2.1
141735,0.0,33,2.73,122.2,165.0,81.2,16.0,307.0,4.8,31.84
141736,0.0,42,2.29,135.3,218.0,86.2,14.3,459.0,8.0,61.3
141737,0.0,51,0.19,124.2,155.0,90.0,13.3,271.0,5.9,6.51
141738,0.0,1,2.5,92.7,178.0,87.9,13.5,259.0,6.7,1.45
141739,0.0,16,2.33,84.5,125.0,88.1,13.8,266.0,8.3,0.38
141740,0.0,27,2.18,92.7,178.0,87.9,13.5,259.0,6.7,1.45
141741,0.0,19,5.0,79.2,179.0,86.0,12.6,214.0,7.5,0.42
141742,0.0,26,3.33,83.2,166.0,83.1,14.6,276.0,5.6,0.37
141743,0.0,75,2.5,92.7,178.0,87.9,13.5,259.0,6.7,1.45
141744,0.0,76,2.72,92.7,178.0,87.9,13.5,259.0,6.7,1.45
141745,0.0,60,5.0,80.5,246.0,93.6,13.3,231.0,5.1,0.6
141746,0.0,80,2.5,106.3,177.0,90.2,13.2,240.0,7.3,1.46
141747,0.0,70,2.5,92.7,178.0,87.9,13.5,259.0,6.7,1.45
141748,0.0,7,2.5,92.7,178.0,87.9,13.5,259.0,6.7,1.45
141749,0.0,16,5.0,80.4,123.0,87.9,13.3,284.0,8.4,2.84
141750,0.0,59,2.39,116.8,190.0,86.8,15.2,202.0,5.0,2.56
141751,0.0,9,3.04,51.4,221.0,86.8,13.7,215.0,4.8,0.27
141752,0.0,54,3.55,92.7,178.0,87.9,13.5,259.0,6.7,1.45
141753,0.0,10,2.5,61.1,115.0,70.8,16.9,245.0,6.7,37.59
141754,0.0,44,0.02,92.7,178.0,87.9,13.5,259.0,6.7,1.45
141755,0.0,56,4.42,92.7,178.0,87.9,13.5,259.0,6.7,1.45
141756,0.0,72,4.56,79.5,199.0,93.6,13.4,183.0,5.6,0.67
141757,0.0,61,3.0,87.0,213.0,92.8,13.4,252.0,4.3,0.85
141758,0.0,14,1.53,92.7,178.0,87.9,13.5,259.0,6.7,1.45
141759,0.0,25,2.5,92.7,178.0,87.9,13.5,259.0,6.7,1.45
141760,0.0,74,1.49,79.1,156.0,79.6,15.6,271.0,8.3,1.14
141761,0.0,69,2.18,92.7,178.0,87.9,13.5,259.0,6.7,1.45
141762,0.0,77,5.0,98.7,182.0,88.6,14.2,224.0,6.5,3.19
141763,0.0,36,0.0,139.7,200.0,91.4,15.0,359.0,10.2,6.23
141764,0.0,62,1.1,91.6,124.0,102.6,14.9,211.0,10.4,5.06
141765,0.0,59,5.0,104.0,253.0,96.2,12.5,288.0,6.4,4.61
141766,0.0,63,2.5,92.7,178.0,87.9,13.5,259.0,6.7,1.45
141767,0.0,10,4.5,94.7,169.0,82.1,13.2,380.0,6.2,0.6
141768,0.0,19,2.5,75.3,195.0,86.5,12.8,325.0,6.4,2.0
141769,0.0,46,4.02,112.5,241.0,94.7,14.0,320.0,5.3,2.01
141770,0.0,36,5.0,97.5,199.0,86.0,15.1,265.0,6.3,1.11
141771,0.0,37,2.06,95.7,151.0,90.5,13.9,183.0,9.0,0.89
141772,0.0,71,5.0,98.0,187.0,94.1,12.4,219.0,9.4,2.87
141773,0.0,64,4.67,105.7,155.0,92.0,13.5,212.0,6.8,12.84
141774,0.0,62,2.09,107.8,152.0,85.2,13.8,202.0,5.1,1.18
141775,0.0,47,3.6,92.7,178.0,87.9,13.5,259.0,6.7,1.45
141776,0.0,9,0.52,74.7,178.0,87.9,13.5,259.0,6.7,1.45
141777,0.0,29,3.17,114.7,203.0,84.6,13.4,240.0,7.8,2.44
141778,0.0,15,0.52,100.2,143.0,82.9,13.9,290.0,8.7,1.4
141779,0.0,8,2.5,61.5,178.0,87.9,13.5,259.0,6.7,1.45
141780,0.0,67,2.5,92.7,178.0,87.9,13.5,259.0,6.7,1.45
141781,1.0,67,1.51,124.5,124.0,84.6,15.2,335.0,5.5,3.11
141782,0.0,16,1.32,67.9,151.0,84.3,13.3,244.0,5.7,0.11
141783,0.0,59,0.18,110.7,147.0,87.0,15.4,276.0,7.9,7.47
141784,0.0,52,5.0,92.7,178.0,87.9,13.5,259.0,6.7,1.45
141785,1.0,64,0.11,125.8,247.0,85.5,15.9,260.0,7.1,4.16
141786,0.0,5,2.02,54.4,178.0,87.9,13.5,259.0,6.7,1.45
141787,0.0,13,1.8,92.7,178.0,68.4,16.8,264.0,6.5,1.45
141788,0.0,7,1.22,55.5,135.0,80.8,12.9,391.0,14.2,0.42
141789,0.0,55,2.5,92.7,178.0,87.9,13.5,259.0,6.7,1.45
141790,0.0,59,0.85,137.6,184.0,91.6,13.8,227.0,5.4,0.96
141791,0.0,60,0.66,101.1,233.0,91.1,13.7,221.0,6.3,5.11
141792,0.0,8,2.16,92.7,188.0,83.9,13.7,459.0,7.1,0.42
141793,0.0,69,2.5,90.4,269.0,80.9,14.6,247.0,6.4,0.21
141795,0.0,39,2.5,104.9,186.0,88.1,12.8,279.0,7.4,11.31
141796,1.0,66,2.5,101.7,120.0,91.7,13.5,176.0,3.8,0.79
141797,0.0,9,5.0,92.7,178.0,87.9,13.5,259.0,6.7,1.45
141798,0.0,15,0.58,109.6,150.0,84.2,13.2,279.0,6.6,3.77
141799,0.0,16,0.46,87.9,166.0,83.4,14.7,282.0,5.7,2.89
141800,0.0,4,2.39,92.7,178.0,87.9,13.5,259.0,6.7,1.45
141801,0.0,19,4.93,81.2,192.0,89.2,13.1,257.0,5.1,0.16
141802,0.0,23,2.72,99.3,227.0,89.6,14.0,294.0,8.1,3.04
141803,0.0,25,0.46,84.0,174.0,98.7,12.5,413.0,11.9,15.89
141804,0.0,11,2.5,86.1,174.0,81.0,13.0,327.0,8.1,3.17
141805,0.0,73,2.46,96.0,148.0,99.6,13.1,259.0,6.5,0.86
141806,0.0,19,0.01,92.7,178.0,87.9,13.5,259.0,6.7,1.45
141807,0.0,2,0.75,92.7,178.0,87.9,13.5,259.0,6.7,1.45
141808,0.0,18,1.51,92.7,178.0,87.9,13.5,259.0,6.7,1.45
141809,0.0,6,1.05,60.9,136.0,81.7,14.5,376.0,7.2,0.73
141810,0.0,14,2.77,92.7,178.0,87.9,13.5,259.0,6.7,1.45
141811,0.0,60,0.88,83.2,105.0,92.0,13.7,186.0,9.5,0.99
141812,0.0,55,5.0,116.8,208.0,83.0,16.1,241.0,6.8,3.42
141813,0.0,44,1.08,82.4,264.0,87.5,12.8,266.0,5.0,0.35
141814,0.0,78,2.3,92.7,178.0,87.9,13.5,259.0,6.7,1.45
141815,1.0,73,5.0,94.8,174.0,97.5,13.9,188.0,4.6,0.8
141816,0.0,51,2.5,92.7,178.0,87.9,13.5,259.0,6.7,1.45
141817,0.0,11,1.99,92.7,178.0,87.9,13.5,259.0,6.7,1.45
141818,0.0,28,4.87,82.7,146.0,79.9,14.5,222.0,7.5,2.07
141819,0.0,18,2.28,74.5,142.0,88.6,13.7,239.0,4.4,0.4
141820,0.0,8,2.5,92.7,178.0,87.9,13.5,259.0,6.7,1.45
141821,0.0,71,5.0,96.4,222.0,88.3,12.6,196.0,6.2,1.35
141823,0.0,27,0.02,92.7,178.0,87.9,13.5,259.0,6.7,1.45
141824,0.0,50,0.0,111.0,176.0,96.0,13.2,303.0,5.7,6.77
141825,0.0,18,5.0,65.0,115.0,85.8,14.1,206.0,6.6,0.23
141826,0.0,68,2.21,102.4,175.0,93.1,13.6,162.0,4.3,1.09
141827,0.0,20,2.17,83.2,176.0,86.5,13.2,212.0,5.5,0.54
141828,0.0,10,2.5,89.7,178.0,81.0,13.6,440.0,9.7,6.95
141829,0.0,10,5.0,71.5,176.0,87.5,12.6,329.0,6.8,0.11
141830,0.0,9,1.33,98.7,178.0,87.9,13.5,259.0,6.7,1.45
141831,0.0,30,0.37,92.7,178.0,87.9,13.5,259.0,6.7,1.45
141832,0.0,50,0.76,80.2,172.0,92.3,13.3,220.0,5.9,0.24
141833,0.0,11,1.3,75.5,159.0,86.9,12.3,355.0,5.7,0.49
141834,0.0,40,2.5,93.8,185.0,84.8,12.8,161.0,5.0,1.35
141835,0.0,62,5.0,92.7,178.0,87.9,13.5,259.0,6.7,1.45
141836,0.0,63,5.0,92.7,178.0,87.9,13.5,259.0,6.7,1.45
141837,0.0,42,2.5,92.7,178.0,87.9,13.5,259.0,6.7,1.45
141838,0.0,20,2.06,92.7,178.0,87.9,13.5,259.0,6.7,1.45
141839,0.0,14,0.72,65.4,115.0,87.4,12.7,238.0,5.7,0.74
141840,0.0,13,0.84,80.4,153.0,87.3,12.9,401.0,8.7,0.25
141841,0.0,3,0.52,57.0,178.0,87.9,13.5,259.0,6.7,1.45
141842,0.0,43,5.0,79.6,187.0,84.6,14.0,202.0,9.4,1.21
141843,1.0,60,0.98,92.7,155.0,90.9,16.6,289.0,9.1,62.27
141844,0.0,45,0.83,100.2,234.0,87.7,13.9,396.0,9.9,1.7
141845,0.0,53,5.0,106.9,183.0,89.0,15.6,288.0,7.8,0.86
141846,0.0,77,2.46,93.4,135.0,82.2,16.5,230.0,5.2,3.09
141847,0.0,59,5.0,134.7,195.0,76.7,17.1,203.0,4.6,15.29
141848,0.0,44,1.57,93.7,236.0,88.4,13.2,250.0,10.5,0.67
141849,0.0,50,4.31,92.7,178.0,87.9,13.5,259.0,6.7,1.45
141850,0.0,70,2.18,88.0,189.0,93.2,13.6,195.0,4.7,0.89
141851,0.0,24,0.74,79.9,145.0,89.4,12.7,163.0,5.7,1.57
141852,0.0,10,3.97,90.7,178.0,87.9,13.5,259.0,6.7,1.45
141853,0.0,11,1.85,92.7,178.0,87.9,13.5,259.0,6.7,1.45
141855,0.0,12,3.19,92.7,178.0,87.9,13.5,259.0,6.7,1.45
141856,0.0,30,5.0,96.0,137.0,89.0,14.0,216.0,8.7,1.56
141857,0.0,11,1.85,97.0,178.0,87.9,13.5,259.0,6.7,1.45
141858,0.0,69,2.5,104.8,178.0,93.2,14.4,171.0,7.8,1.6
141859,0.0,4,5.0,92.7,178.0,87.9,13.5,259.0,6.7,1.45
141860,0.0,62,4.1,105.5,231.0,85.7,13.4,198.0,6.0,1.63
141861,0.0,69,2.13,94.0,178.0,87.9,13.5,259.0,6.7,1.45
141862,0.0,34,3.52,104.9,166.0,82.8,14.0,479.0,11.2,2.92
141863,0.0,25,1.65,120.7,178.0,84.0,13.9,259.0,11.9,1.45
141864,0.0,62,2.5,92.7,178.0,87.9,13.5,259.0,6.7,1.45
141865,0.0,9,1.97,90.7,151.0,82.7,13.5,372.0,7.7,2.79
141866,1.0,72,5.0,108.5,111.0,90.9,13.2,188.0,5.6,1.45
141867,0.0,80,3.57,114.7,173.0,89.8,15.3,261.0,7.3,2.66
141868,0.0,24,3.75,92.7,178.0,87.9,13.5,259.0,6.7,1.45
141869,0.0,44,2.13,97.8,244.0,88.1,13.5,307.0,4.4,0.62
141870,0.0,7,2.09,92.7,178.0,87.9,13.5,259.0,6.7,1.45
141871,0.0,24,2.7,117.0,185.0,83.5,13.7,247.0,7.5,3.52
141872,0.0,35,1.51,89.2,176.0,85.8,13.4,252.0,3.7,2.05
141873,0.0,26,0.92,84.5,200.0,87.2,14.1,355.0,5.8,5.8
141874,0.0,4,4.93,92.7,178.0,87.9,13.5,259.0,6.7,1.45
141875,0.0,54,5.0,114.7,191.0,93.3,12.8,253.0,7.3,7.26
141876,0.0,1,2.15,92.7,178.0,87.9,13.5,259.0,6.7,1.45
141877,0.0,14,0.65,72.4,106.0,76.7,15.9,527.0,5.7,0.94
141878,0.0,19,2.41,91.7,130.0,89.1,13.4,299.0,6.2,1.36
141879,1.0,78,3.96,92.7,122.0,93.1,14.5,185.0,7.1,3.55
141880,0.0,78,5.0,77.8,178.0,87.9,13.5,259.0,6.7,1.45
141881,0.0,1,3.22,92.7,178.0,87.9,13.5,259.0,6.7,1.45
141882,1.0,60,0.69,144.2,136.0,87.9,14.9,274.0,7.8,1.35
141883,0.0,38,1.34,92.7,178.0,87.9,13.5,259.0,6.7,1.45
141884,0.0,47,5.0,99.8,214.0,91.4,13.2,214.0,5.1,1.36
141885,0.0,70,2.5,104.9,137.0,92.1,13.2,224.0,7.4,0.47
141886,0.0,62,4.92,132.8,237.0,90.8,13.9,267.0,6.6,5.64
141888,0.0,4,3.27,55.5,178.0,74.3,13.8,310.0,6.7,12.16
141889,0.0,33,5.0,120.3,289.0,82.0,13.6,240.0,8.4,2.12
141890,0.0,6,5.0,55.2,143.0,84.6,12.9,258.0,7.3,0.41
141891,0.0,6,0.0,92.7,178.0,87.9,13.5,259.0,6.7,1.45
141892,0.0,75,5.0,92.7,178.0,87.9,13.5,259.0,6.7,1.45
141893,0.0,10,2.5,60.6,178.0,87.9,13.5,259.0,6.7,1.45
141894,0.0,80,1.6,90.5,278.0,94.3,15.4,283.0,8.8,6.38
141895,0.0,14,1.42,67.3,144.0,82.0,14.1,286.0,8.3,1.44
141896,0.0,25,4.12,94.7,221.0,87.0,13.7,327.0,6.4,1.72
141897,0.0,16,3.23,65.4,117.0,98.2,11.6,267.0,3.9,0.17
141898,0.0,8,0.37,92.7,178.0,87.9,13.5,259.0,6.7,1.45
141899,0.0,12,2.0,92.5,172.0,78.9,14.6,412.0,10.8,0.84
141900,0.0,6,2.5,92.7,178.0,87.9,13.5,259.0,6.7,1.45
141901,0.0,30,1.71,75.7,193.0,90.4,13.3,231.0,4.6,0.56
141902,0.0,19,5.0,73.1,151.0,87.1,13.2,157.0,5.8,0.11
141903,0.0,56,5.0,93.2,182.0,83.8,13.9,257.0,5.8,5.72
141904,0.0,70,2.5,92.7,178.0,87.9,13.5,259.0,6.7,1.45
141905,0.0,3,2.5,92.7,178.0,87.9,13.5,259.0,6.7,1.45
141906,0.0,17,0.31,79.1,126.0,87.0,12.6,224.0,8.6,0.44
141907,0.0,16,1.85,63.0,178.0,84.4,14.2,332.0,5.4,1.45
141908,1.0,77,4.94,114.2,164.0,83.0,15.7,216.0,10.9,4.84
141909,0.0,9,2.5,67.0,195.0,89.0,14.1,359.0,6.9,0.46
141910,0.0,60,5.0,90.0,204.0,95.6,13.8,211.0,6.6,0.7
141911,0.0,6,5.0,92.7,178.0,87.9,13.5,259.0,6.7,1.45
141912,0.0,60,3.24,155.7,168.0,90.3,13.5,237.0,8.6,8.11
141913,0.0,65,4.6,98.0,272.0,96.2,14.2,175.0,4.7,2.84
141914,0.0,35,5.0,86.8,245.0,88.4,13.0,160.0,5.6,0.7
141915,0.0,79,1.61,105.2,254.0,92.7,13.9,261.0,8.4,2.91
141916,0.0,27,5.0,78.0,188.0,89.1,12.8,206.0,6.8,0.25
141917,1.0,80,2.5,92.7,178.0,87.9,13.5,259.0,6.7,1.45
141918,0.0,67,3.12,95.8,181.0,90.2,13.8,261.0,8.2,0.45
141919,0.0,7,0.47,92.7,178.0,87.9,13.5,259.0,6.7,1.45
141920,0.0,6,0.67,92.7,178.0,87.9,13.5,259.0,6.7,1.45
141921,0.0,64,0.63,101.2,242.0,94.1,13.1,322.0,7.4,3.61
141922,0.0,74,1.8,89.1,258.0,89.5,13.8,361.0,7.9,3.22
141923,0.0,37,5.0,92.2,218.0,88.8,12.9,294.0,5.9,0.38
141924,0.0,34,1.26,88.7,203.0,89.4,12.9,190.0,9.2,1.16
141925,0.0,43,2.5,92.7,178.0,87.9,13.5,259.0,6.7,1.45
141926,1.0,65,3.29,99.0,163.0,94.6,14.6,190.0,7.6,1.16
141927,0.0,16,5.0,85.0,178.0,87.9,13.5,259.0,6.7,1.45
141928,0.0,18,2.5,99.2,109.0,89.4,13.6,197.0,9.3,1.55
141929,0.0,15,1.57,79.6,159.0,81.3,15.0,247.0,7.8,0.39
141930,0.0,2,0.63,43.5,178.0,82.6,13.1,366.0,10.2,1.45
141931,0.0,1,2.85,92.7,178.0,75.9,15.0,238.0,5.4,0.39
141932,0.0,59,5.0,94.5,145.0,91.7,14.2,243.0,6.1,0.79
141933,0.0,34,5.0,96.4,195.0,76.7,12.9,211.0,7.4,0.88
141934,0.0,71,5.0,122.6,226.0,82.6,14.4,331.0,10.0,1.95
141935,0.0,80,2.5,92.7,178.0,87.9,13.5,259.0,6.7,1.45
141936,0.0,58,0.96,92.7,178.0,87.9,13.5,259.0,6.7,1.45
141937,0.0,3,5.0,50.6,178.0,87.9,13.5,259.0,6.7,1.45
141938,0.0,37,4.78,83.5,169.0,92.0,13.3,247.0,4.5,0.3
141939,0.0,52,1.43,92.7,178.0,87.9,13.5,259.0,6.7,1.45
141940,0.0,9,1.14,71.9,178.0,87.9,13.5,259.0,6.7,1.45
141941,0.0,66,2.62,62.8,178.0,95.4,12.4,238.0,3.5,1.45
141942,0.0,52,5.0,92.7,178.0,87.9,13.5,259.0,6.7,1.45
141943,0.0,61,2.5,92.7,178.0,87.9,13.5,259.0,6.7,1.45
141944,0.0,72,2.72,91.0,200.0,84.1,15.0,513.0,7.0,7.45
141945,0.0,5,2.5,49.9,178.0,78.4,14.1,360.0,10.2,0.18
141946,0.0,74,3.44,92.7,178.0,87.9,13.5,259.0,6.7,1.45
141947,0.0,2,1.34,92.7,178.0,87.9,13.5,259.0,6.7,1.45
141948,0.0,3,0.0,51.3,178.0,78.8,13.4,336.0,5.2,1.45
141949,0.0,50,1.52,132.0,225.0,88.8,14.8,393.0,8.5,7.17
141950,0.0,11,2.5,92.7,178.0,87.9,13.5,259.0,6.7,1.45
141951,0.0,60,2.5,93.0,253.0,88.9,12.8,211.0,4.5,3.51
141952,0.0,63,5.0,79.0,227.0,92.8,13.9,303.0,4.9,0.26
141953,0.0,12,0.62,74.7,174.0,84.7,13.3,273.0,8.0,0.29
141954,0.0,16,3.06,72.8,140.0,86.4,13.0,200.0,6.6,0.66
141955,0.0,6,1.55,92.7,178.0,87.9,13.5,259.0,6.7,1.45
141956,0.0,15,5.0,91.2,224.0,85.3,12.5,411.0,8.1,7.4
141957,0.0,64,5.0,113.2,213.0,86.0,14.3,204.0,9.3,12.39
141958,0.0,76,1.26,99.1,190.0,83.8,14.1,219.0,10.1,1.65
141959,0.0,13,2.5,71.2,145.0,84.1,12.9,282.0,6.7,0.11
141960,0.0,41,3.37,103.3,162.0,80.0,13.6,258.0,7.3,2.53
141961,0.0,28,3.6,105.5,191.0,82.6,12.9,314.0,5.6,3.27
141962,0.0,3,0.65,47.7,178.0,82.8,12.9,287.0,5.5,0.11
141963,0.0,80,2.07,120.1,155.0,90.1,13.5,222.0,8.1,1.96
141964,0.0,11,0.72,61.9,126.0,80.9,13.9,324.0,5.1,0.11
141965,0.0,14,4.78,92.7,178.0,87.9,13.5,259.0,6.7,1.45
141966,0.0,62,5.0,143.9,134.0,82.8,15.9,127.0,7.4,2.58
141967,0.0,68,2.5,116.6,211.0,94.0,14.5,289.0,6.3,4.41
141968,0.0,75,2.5,130.2,157.0,81.6,15.5,434.0,6.6,13.29
141969,0.0,80,2.5,100.1,170.0,85.9,12.8,349.0,9.3,8.56
141970,0.0,24,2.5,92.7,178.0,87.9,13.5,259.0,6.7,1.45
141971,1.0,32,0.81,95.4,178.0,87.9,13.5,259.0,6.7,1.45
141972,0.0,21,2.58,92.7,178.0,87.9,13.5,259.0,6.7,1.45
141973,0.0,54,0.85,102.6,178.0,87.9,13.5,259.0,6.7,1.45
141974,0.0,65,2.5,130.0,234.0,91.2,13.7,163.0,7.1,4.76
141975,0.0,70,3.39,113.4,153.0,76.7,14.4,227.0,9.3,0.78
141976,0.0,64,5.0,99.7,154.0,90.6,13.9,190.0,5.0,3.33
141977,0.0,55,0.88,92.0,178.0,87.9,13.5,259.0,6.7,1.45
141978,0.0,2,2.5,92.7,178.0,87.9,13.5,259.0,6.7,1.45
141979,0.0,48,4.64,92.7,184.0,85.4,14.0,347.0,5.9,2.78
141980,0.0,18,0.79,102.5,164.0,88.6,13.1,297.0,7.8,0.9
141981,0.0,21,0.31,88.4,178.0,93.8,12.4,251.0,9.3,0.62
141982,0.0,8,1.76,64.5,178.0,87.9,13.5,259.0,6.7,1.45
141983,0.0,74,4.32,92.7,178.0,87.9,13.5,259.0,6.7,1.45
141984,0.0,18,0.65,92.7,132.0,84.0,13.1,250.0,4.0,0.11
141985,0.0,67,1.01,79.4,142.0,93.5,13.4,273.0,6.9,0.46
141986,0.0,16,1.01,94.5,139.0,73.6,19.7,346.0,7.6,0.9
141987,0.0,37,5.0,86.0,226.0,92.8,13.6,330.0,4.9,0.49
141988,0.0,1,1.8,92.7,178.0,87.9,13.5,259.0,6.7,1.45
141989,1.0,79,1.43,102.2,130.0,92.0,14.6,190.0,5.3,0.19
141990,0.0,10,0.87,63.0,157.0,84.6,14.3,366.0,7.5,3.27
141991,0.0,4,5.0,61.2,178.0,87.9,13.5,259.0,6.7,1.45
141992,0.0,31,2.5,121.0,248.0,85.9,13.7,359.0,11.0,4.65
141993,0.0,58,0.05,108.2,257.0,93.1,13.7,297.0,7.1,3.17
141994,0.0,67,1.25,75.2,233.0,102.7,13.6,281.0,8.2,0.39
141996,0.0,4,3.08,92.7,178.0,87.9,13.5,259.0,6.7,1.45
141997,0.0,9,0.25,55.5,190.0,73.1,13.5,253.0,6.0,0.43
141998,0.0,52,3.97,79.0,163.0,88.6,13.1,271.0,8.2,0.84
141999,0.0,60,2.87,113.1,217.0,94.9,12.7,227.0,7.6,2.86
142000,0.0,80,2.5,92.7,178.0,87.9,13.5,259.0,6.7,1.45
142001,0.0,12,0.47,92.7,178.0,87.9,13.5,259.0,6.7,1.45
142002,0.0,64,4.92,100.0,150.0,84.2,14.2,263.0,3.8,2.99
142003,0.0,8,3.19,92.7,178.0,87.9,13.5,259.0,6.7,1.45
142004,0.0,13,0.58,99.3,183.0,85.2,14.3,276.0,5.8,2.05
142005,0.0,73,2.5,92.7,178.0,87.9,13.5,259.0,6.7,1.45
142006,0.0,34,4.33,92.7,178.0,87.9,13.5,259.0,6.7,1.45
142007,0.0,71,2.5,112.6,126.0,90.5,13.8,191.0,5.8,0.77
142008,0.0,17,3.69,115.3,186.0,75.9,16.2,415.0,10.2,8.12
142009,0.0,37,5.0,92.7,178.0,87.9,13.5,259.0,6.7,1.45
142010,0.0,7,2.5,53.4,153.0,88.8,12.5,254.0,4.9,0.18
142011,0.0,33,2.5,92.7,239.0,80.7,14.6,328.0,9.9,7.37
142012,0.0,39,2.5,92.7,178.0,87.9,13.5,259.0,6.7,1.45
142013,0.0,19,1.13,78.8,183.0,86.0,14.1,264.0,5.5,1.71
142014,0.0,2,0.77,92.7,178.0,87.9,13.5,259.0,6.7,1.45
142015,0.0,73,1.32,101.8,238.0,88.7,14.4,269.0,5.3,1.79
142016,0.0,68,5.0,100.8,171.0,89.1,13.3,172.0,6.7,0.82
142017,0.0,6,1.02,62.3,173.0,81.6,13.1,314.0,7.8,0.23
142018,0.0,57,1.23,92.7,178.0,87.9,13.5,259.0,6.7,1.45
142019,0.0,80,2.94,109.9,179.0,89.8,13.5,266.0,5.2,0.75
142020,0.0,65,5.0,128.0,153.0,79.9,16.2,284.0,9.2,17.52
142021,1.0,80,2.33,111.4,93.0,99.4,14.3,167.0,5.9,1.8
142022,0.0,1,0.32,92.7,178.0,87.9,13.5,259.0,6.7,1.45
142023,0.0,54,5.0,92.7,178.0,87.9,13.5,259.0,6.7,1.45
142024,0.0,74,5.0,103.2,173.0,91.6,14.6,288.0,7.2,1.73
142025,0.0,71,5.0,108.0,185.0,97.5,12.4,236.0,5.4,0.39
142026,0.0,38,2.5,92.7,178.0,87.9,13.5,259.0,6.7,1.45
142027,0.0,74,1.16,92.7,178.0,87.9,13.5,259.0,6.7,1.45
142028,0.0,78,1.1,92.7,178.0,87.9,13.5,259.0,6.7,1.45
142029,0.0,51,2.5,92.7,178.0,87.9,13.5,259.0,6.7,1.45
142030,0.0,24,3.29,121.7,246.0,84.6,14.0,311.0,5.9,1.11
142031,0.0,12,1.87,87.5,178.0,87.9,13.5,259.0,6.7,1.45
142032,0.0,22,1.84,69.2,175.0,87.7,13.2,293.0,7.0,0.76
142033,0.0,78,3.96,117.1,226.0,86.6,13.9,132.0,4.7,1.18
142034,0.0,45,2.5,131.9,280.0,83.8,12.9,278.0,14.3,6.29
142035,0.0,60,0.0,92.7,163.0,79.0,15.8,149.0,4.0,0.41
142036,0.0,67,0.85,136.6,95.0,85.3,13.8,288.0,10.0,10.5
142037,0.0,75,4.12,84.2,131.0,85.1,13.8,259.0,4.9,2.44
142038,0.0,23,1.34,90.8,181.0,91.8,13.4,349.0,6.2,0.36
142039,0.0,58,2.5,88.2,175.0,86.7,14.1,214.0,5.5,0.43
142040,0.0,10,2.48,63.2,186.0,84.4,13.0,321.0,5.3,0.45
142041,0.0,12,3.6,92.7,178.0,87.9,13.5,259.0,6.7,1.45
142042,0.0,19,0.0,67.6,143.0,89.0,14.1,265.0,5.9,1.4
142043,0.0,5,2.5,92.7,178.0,87.9,13.5,259.0,6.7,1.45
142044,0.0,34,2.5,92.7,178.0,87.9,13.5,259.0,6.7,1.45
142045,0.0,13,2.5,56.4,143.0,90.2,13.1,371.0,4.8,0.11
142046,0.0,8,0.03,63.6,196.0,77.7,14.5,341.0,6.0,0.63
142047,0.0,40,4.59,114.3,167.0,79.8,14.1,251.0,6.6,4.56
142048,0.0,21,2.16,82.7,144.0,87.1,12.8,195.0,3.6,0.98
142049,0.0,15,0.57,76.2,172.0,89.5,14.5,324.0,5.5,0.39
142050,0.0,48,1.85,144.9,170.0,87.5,13.2,236.0,7.2,3.05
142051,0.0,51,2.24,102.4,171.0,93.1,13.1,275.0,11.1,4.76
142052,0.0,16,1.62,63.3,161.0,84.0,13.5,209.0,6.5,0.11
142053,0.0,10,2.5,89.1,101.0,72.7,16.6,302.0,11.7,40.24
142054,1.0,77,1.91,92.7,178.0,87.9,13.5,259.0,6.7,1.45
142055,0.0,60,3.02,105.5,157.0,81.8,14.1,424.0,4.8,11.89
142056,0.0,27,2.5,75.5,133.0,91.3,13.2,186.0,4.8,0.26
142057,0.0,33,5.0,92.7,185.0,85.0,12.9,223.0,6.6,0.65
142058,0.0,63,5.0,80.0,204.0,94.5,12.3,301.0,4.6,0.35
142059,0.0,3,0.0,92.7,178.0,87.9,13.5,259.0,6.7,1.45
142060,0.0,43,0.65,105.9,190.0,90.7,13.1,342.0,9.5,2.48
142061,0.0,15,3.4,118.4,178.0,87.9,13.5,259.0,6.7,1.45
142062,1.0,67,1.84,116.4,193.0,88.5,14.2,332.0,7.6,3.92
142063,0.0,33,5.0,110.8,191.0,91.1,12.4,327.0,7.5,6.53
142064,0.0,26,0.21,92.7,178.0,87.9,13.5,259.0,6.7,1.45
142065,0.0,7,4.0,57.5,178.0,87.9,13.5,259.0,6.7,1.45
142066,0.0,64,5.0,112.5,247.0,88.8,13.9,238.0,5.1,4.6
142067,1.0,76,0.93,102.8,155.0,66.5,22.3,203.0,4.9,2.4
142068,0.0,27,1.65,88.7,168.0,90.6,12.4,181.0,5.8,0.32
142069,1.0,59,0.72,127.7,144.0,95.5,18.4,299.0,10.9,12.57
142070,0.0,16,3.6,71.8,175.0,83.7,13.1,259.0,5.9,0.21
142071,0.0,10,4.33,76.0,161.0,83.3,14.2,315.0,4.9,0.39
142072,0.0,6,2.5,73.1,178.0,81.2,13.6,302.0,8.3,3.3
142073,0.0,13,0.06,88.4,142.0,85.3,13.6,259.0,10.7,2.38
142074,0.0,32,5.0,73.0,161.0,94.9,12.6,173.0,6.4,0.36
142075,0.0,9,2.5,64.6,164.0,66.6,17.3,294.0,7.8,0.25
142076,0.0,77,5.0,101.0,183.0,99.1,12.6,191.0,8.0,1.45
142077,1.0,80,2.22,91.4,171.0,91.6,13.5,206.0,7.5,1.65
142078,1.0,69,2.73,110.5,113.0,86.1,15.0,327.0,7.5,8.83
142079,0.0,56,5.0,145.3,109.0,87.9,13.5,259.0,6.7,2.26
142080,0.0,18,5.0,70.5,175.0,90.8,12.7,197.0,8.4,0.35
142081,0.0,45,2.5,92.7,178.0,87.9,13.5,259.0,6.7,1.45
142082,0.0,8,1.51,62.8,178.0,87.6,13.1,377.0,3.3,0.15
142083,0.0,2,0.94,39.8,178.0,89.2,13.1,366.0,11.8,1.45
142084,0.0,57,5.0,86.8,228.0,91.6,13.3,358.0,6.1,0.55
142085,1.0,80,2.5,82.8,177.0,86.9,13.9,266.0,8.8,8.88
142086,0.0,19,4.93,92.7,178.0,87.9,13.5,259.0,6.7,1.45
142087,0.0,80,2.5,92.7,178.0,87.9,13.5,259.0,6.7,1.45
142088,0.0,47,5.0,87.2,189.0,98.0,14.7,195.0,3.3,0.92
142089,0.0,70,2.5,92.7,178.0,87.9,13.5,259.0,6.7,1.45
142090,0.0,3,1.48,49.0,178.0,87.9,13.5,259.0,6.7,1.45
142091,0.0,35,3.45,79.1,178.0,80.4,13.8,305.0,8.2,1.45
142092,0.0,7,2.56,55.6,178.0,87.9,13.5,259.0,6.7,1.45
142093,0.0,67,2.5,92.7,178.0,87.9,13.5,259.0,6.7,1.45
142094,0.0,16,2.92,92.7,178.0,87.9,13.5,259.0,6.7,1.45
142095,0.0,60,1.03,90.8,161.0,79.2,17.1,506.0,9.9,76.02
142096,0.0,12,0.97,84.2,178.0,87.9,13.5,259.0,6.7,1.45
142097,0.0,13,2.5,92.7,178.0,87.9,13.5,259.0,6.7,1.45
142099,0.0,3,1.71,52.2,178.0,83.5,14.3,348.0,8.6,1.02
142100,0.0,10,4.33,58.2,127.0,81.0,13.7,336.0,4.1,1.2
142101,0.0,80,2.46,92.7,178.0,87.9,13.5,259.0,6.7,1.45
142102,0.0,80,2.5,92.7,178.0,87.9,13.5,259.0,6.7,1.45
142103,0.0,66,0.98,97.0,80.0,105.5,14.2,89.0,3.2,3.4
142104,0.0,9,2.02,59.4,178.0,87.9,13.5,259.0,6.7,1.45
142105,0.0,71,3.24,120.4,153.0,82.0,16.1,280.0,14.9,5.89
142106,0.0,40,4.32,110.5,218.0,92.3,12.5,300.0,6.0,1.23
142107,0.0,61,2.5,107.9,184.0,84.9,13.8,158.0,4.4,8.13
142108,0.0,11,2.56,63.2,162.0,84.2,15.7,322.0,5.9,0.16
142109,0.0,10,2.5,64.6,144.0,77.3,14.5,297.0,5.1,0.46
142110,0.0,67,0.31,122.9,206.0,85.1,14.1,282.0,10.3,3.14
142111,0.0,10,4.41,62.5,177.0,80.6,13.9,288.0,9.6,0.15
142112,0.0,39,1.62,77.8,195.0,87.5,12.7,286.0,6.5,0.65
142113,0.0,12,0.95,92.5,178.0,87.9,13.5,259.0,6.7,1.45
142114,0.0,9,0.09,92.7,178.0,87.9,13.5,259.0,6.7,1.45
142115,0.0,34,3.17,141.9,127.0,92.5,13.4,255.0,6.9,2.35
142116,0.0,6,3.91,73.0,193.0,81.8,13.9,301.0,9.5,1.16
142117,0.0,29,5.0,90.9,153.0,75.1,18.0,192.0,6.1,5.51
142118,0.0,14,5.0,68.3,138.0,89.0,13.3,330.0,9.3,0.43
142119,0.0,18,4.63,81.3,151.0,85.4,12.9,230.0,6.4,1.55
142120,0.0,21,0.85,134.5,178.0,89.6,14.7,170.0,8.4,1.45
142121,0.0,77,2.5,92.7,178.0,87.9,13.5,259.0,6.7,1.45
142122,0.0,24,2.5,92.7,170.0,80.9,16.4,258.0,3.2,0.11
142123,0.0,61,1.86,92.7,178.0,87.9,13.5,259.0,6.7,1.45
142124,1.0,69,1.82,92.7,178.0,87.9,13.5,259.0,6.7,1.45
142125,0.0,11,1.81,92.7,178.0,87.9,13.5,259.0,6.7,1.45
142126,0.0,39,1.71,92.7,178.0,87.9,13.5,259.0,6.7,1.45
142127,0.0,4,3.56,92.7,178.0,87.9,13.5,259.0,6.7,1.45
142128,0.0,37,1.37,92.7,178.0,87.9,13.5,259.0,6.7,1.45
142129,0.0,24,1.17,107.0,175.0,84.3,12.7,246.0,6.1,0.62
142130,0.0,11,1.62,94.5,124.0,80.2,13.5,300.0,5.7,1.0
142131,1.0,43,0.09,92.7,178.0,87.9,13.5,259.0,6.7,1.45
142132,0.0,62,2.7,86.0,200.0,88.8,14.7,228.0,5.3,3.86
142133,0.0,61,2.18,111.1,225.0,87.3,13.9,247.0,6.4,3.62
142134,0.0,44,4.5,92.7,178.0,87.9,13.5,259.0,6.7,1.45
142135,0.0,5,5.0,56.7,178.0,83.0,14.5,333.0,5.0,0.34
142136,0.0,21,2.5,92.7,178.0,87.9,13.5,259.0,6.7,1.45
142137,0.0,17,0.06,75.5,178.0,87.9,13.5,259.0,6.7,1.45
142138,0.0,53,4.48,92.7,178.0,87.9,13.5,259.0,6.7,1.45
142139,0.0,4,1.02,69.5,178.0,79.7,12.9,346.0,7.5,1.11
142140,0.0,5,0.32,53.5,178.0,86.8,13.0,338.0,9.2,0.33
142141,0.0,31,4.26,92.7,178.0,87.9,13.5,259.0,6.7,1.45
142142,0.0,17,2.77,79.6,153.0,84.5,13.4,172.0,6.5,1.25
142143,0.0,44,2.5,95.7,160.0,90.3,12.9,236.0,5.4,0.65
142144,0.0,1,1.91,92.7,178.0,87.9,13.5,259.0,6.7,1.45
142145,0.0,23,2.22,95.4,215.0,95.9,12.4,215.0,6.6,2.44
142146,0.0,48,4.42,92.7,178.0,87.9,13.5,259.0,6.7,1.45
142147,0.0,26,5.0,92.7,178.0,87.9,13.5,259.0,6.7,1.45
142148,0.0,36,2.5,90.0,211.0,88.7,13.2,227.0,10.2,1.14
142149,0.0,12,2.26,92.7,178.0,87.9,13.5,259.0,6.7,1.45
142150,0.0,50,3.91,92.7,178.0,87.9,13.5,259.0,6.7,1.45
142151,0.0,65,0.48,92.7,270.0,81.6,13.4,286.0,8.2,5.14
142152,0.0,53,4.12,113.9,226.0,88.9,13.2,307.0,6.9,1.22
142153,0.0,9,2.94,85.0,167.0,82.1,13.6,333.0,5.9,0.82
142154,0.0,7,3.41,55.7,178.0,87.9,13.5,259.0,6.7,1.45
142155,0.0,51,1.25,75.7,223.0,89.3,11.8,191.0,3.0,0.17
142156,0.0,17,0.75,76.0,156.0,86.6,13.9,254.0,7.6,0.51
142157,0.0,44,0.32,108.8,205.0,82.7,14.9,209.0,6.0,11.89
142159,0.0,10,1.54,92.7,178.0,87.9,13.5,259.0,6.7,1.45
142160,0.0,2,4.46,41.1,178.0,87.9,13.5,259.0,6.7,1.45
142161,0.0,78,3.0,112.2,183.0,86.5,14.5,231.0,9.5,34.74
142162,1.0,78,3.09,109.5,149.0,98.5,14.3,167.0,5.6,1.73
142163,0.0,69,4.92,92.7,178.0,87.9,13.5,259.0,6.7,1.45
142164,0.0,62,5.0,103.4,167.0,89.6,13.5,253.0,6.6,1.18
142165,0.0,61,2.5,92.7,178.0,87.9,13.5,259.0,6.7,1.45
142166,0.0,2,5.0,50.3,178.0,77.5,13.7,211.0,5.9,0.23
142167,0.0,15,0.5,108.2,178.0,90.3,13.1,438.0,11.4,1.45
142168,0.0,15,3.47,72.0,124.0,91.6,14.2,297.0,8.5,0.34
142169,1.0,65,5.0,119.0,163.0,85.5,13.3,183.0,7.2,1.25
142170,0.0,57,5.0,127.5,197.0,82.3,14.5,236.0,7.3,3.03
142171,0.0,31,2.33,108.6,165.0,88.8,12.9,224.0,5.8,11.14
142172,0.0,75,4.37,81.9,157.0,92.7,13.8,212.0,8.7,0.78
142173,0.0,17,1.71,92.7,178.0,87.9,13.5,259.0,6.7,1.45
142174,0.0,32,5.0,92.7,178.0,87.9,13.5,259.0,6.7,1.45
142175,0.0,5,0.92,47.3,178.0,87.9,13.5,259.0,6.7,1.45
142176,0.0,65,5.0,103.0,212.0,93.2,13.4,174.0,7.3,0.68
142177,0.0,51,2.82,108.0,191.0,83.8,13.8,234.0,8.2,0.8
142178,0.0,42,1.34,85.0,237.0,84.4,12.9,191.0,7.1,1.53
142179,0.0,24,0.21,72.7,155.0,87.6,13.3,260.0,6.2,0.43
142180,0.0,55,0.0,92.7,178.0,87.9,13.5,259.0,6.7,1.45
142181,0.0,4,2.5,92.7,178.0,87.9,13.5,259.0,6.7,1.45
142182,0.0,65,5.0,89.6,178.0,87.9,13.5,259.0,6.7,1.45
142183,0.0,43,2.5,92.7,178.0,87.9,13.5,259.0,6.7,1.45
142184,0.0,1,5.0,92.7,178.0,79.9,13.0,352.0,8.1,0.24
142185,0.0,69,2.54,108.5,210.0,89.7,13.6,299.0,11.2,3.67
142186,0.0,68,2.5,86.0,203.0,94.6,14.4,194.0,5.0,1.17
142187,0.0,12,1.85,103.1,154.0,82.8,13.8,309.0,9.0,1.47
142188,0.0,12,1.67,92.7,178.0,87.9,13.5,259.0,6.7,1.45
142189,0.0,18,3.06,78.8,149.0,87.7,13.0,222.0,6.4,0.4
142190,0.0,8,2.74,55.9,178.0,87.9,13.5,259.0,6.7,1.45
142191,0.0,77,2.32,81.1,138.0,86.7,15.1,190.0,6.4,0.56
142192,0.0,75,4.1,92.7,178.0,87.9,13.5,259.0,6.7,1.45
142193,1.0,66,2.5,108.7,107.0,95.4,13.0,188.0,4.9,0.97
142194,0.0,8,2.09,61.0,142.0,85.2,13.2,298.0,7.0,0.32
142195,0.0,3,1.35,51.6,178.0,82.9,13.2,240.0,6.7,1.45
142196,0.0,80,0.88,83.5,204.0,94.6,13.9,177.0,6.0,2.43
142197,1.0,80,2.07,91.6,178.0,101.0,12.1,323.0,10.5,1.45
142198,0.0,68,1.3,104.8,220.0,88.3,14.1,269.0,7.7,3.69
142199,1.0,70,5.0,75.4,178.0,87.9,13.5,259.0,6.7,1.45
142200,0.0,75,1.94,107.2,174.0,89.8,14.2,173.0,5.4,1.24
142201,0.0,7,1.75,55.5,178.0,81.7,14.4,316.0,9.3,0.34
142202,0.0,1,0.89,92.7,178.0,87.9,13.5,259.0,6.7,1.45
142203,0.0,59,2.02,81.0,188.0,97.0,13.4,204.0,6.0,3.48
142204,0.0,80,2.5,92.7,161.0,90.5,12.8,167.0,5.6,1.29
142205,0.0,57,5.0,108.4,202.0,90.2,13.3,288.0,7.0,2.1
142206,0.0,60,5.0,111.3,133.0,89.3,13.1,246.0,7.0,0.38
142207,0.0,7,5.0,92.7,178.0,87.9,13.5,259.0,6.7,1.45
142208,0.0,28,4.82,104.4,181.0,86.2,12.4,207.0,7.6,6.05
142209,0.0,6,2.5,92.7,178.0,87.9,13.5,259.0,6.7,1.45
142210,0.0,4,2.5,92.7,178.0,78.8,14.2,393.0,8.7,3.41
142211,0.0,50,5.0,100.8,188.0,92.3,12.4,208.0,5.5,0.93
142212,0.0,71,3.04,82.4,265.0,91.5,13.9,226.0,4.5,2.4
142213,0.0,59,5.0,80.2,180.0,88.3,12.5,205.0,4.2,0.31
142214,0.0,61,5.0,89.0,222.0,79.7,15.4,278.0,6.6,1.76
142215,0.0,48,5.0,142.5,163.0,89.3,14.8,219.0,7.9,7.55
142216,0.0,57,3.6,90.1,177.0,92.1,12.9,201.0,5.7,0.39
142217,0.0,3,2.31,92.7,178.0,87.9,13.5,259.0,6.7,1.45
142218,0.0,24,1.08,91.5,148.0,98.1,15.9,218.0,5.4,1.85
142219,0.0,76,5.0,69.0,183.0,97.7,13.0,175.0,5.4,0.63
142220,0.0,6,2.46,92.7,178.0,87.9,13.5,259.0,6.7,1.45
142221,0.0,69,5.0,97.0,176.0,95.4,12.9,176.0,4.6,0.83
142222,0.0,33,2.5,92.7,178.0,87.9,13.5,259.0,6.7,1.45
142223,0.0,59,5.0,92.7,178.0,87.9,13.5,259.0,6.7,1.45
142224,0.0,37,5.0,92.7,178.0,87.9,13.5,259.0,6.7,1.45
142225,0.0,17,1.08,88.2,161.0,79.3,14.3,347.0,7.7,0.48
142226,0.0,46,2.5,122.9,178.0,87.9,13.5,259.0,6.7,1.45
142227,0.0,68,2.58,120.7,196.0,88.9,13.4,347.0,8.8,2.91
142228,1.0,77,2.73,118.7,178.0,87.9,13.5,259.0,6.7,1.45
142229,0.0,4,2.83,92.7,178.0,87.9,13.5,259.0,6.7,1.45
142230,1.0,43,0.0,157.1,178.0,87.9,14.6,267.0,8.1,1.55
142231,0.0,7,0.54,56.6,178.0,87.9,13.5,259.0,6.7,1.45
142232,0.0,62,1.09,86.5,153.0,97.0,12.8,220.0,7.8,6.06
142233,0.0,19,0.57,103.6,180.0,89.0,12.7,410.0,9.2,2.27
142234,0.0,4,0.7,52.5,178.0,87.9,13.5,259.0,6.7,1.45
142235,0.0,74,5.0,92.7,178.0,87.9,13.5,259.0,6.7,1.45
142236,0.0,62,0.36,95.8,258.0,88.0,13.3,241.0,5.3,0.44
142237,0.0,75,5.0,92.7,178.0,87.9,13.5,259.0,6.7,1.45
142238,0.0,8,2.5,92.7,178.0,87.9,13.5,259.0,6.7,1.45
142239,0.0,68,1.09,83.9,178.0,94.3,13.6,211.0,7.9,1.45
142241,1.0,51,4.22,123.5,376.0,97.0,12.5,287.0,7.2,0.78
142242,0.0,70,5.0,74.5,229.0,90.7,13.1,186.0,5.2,0.66
142243,0.0,78,1.77,106.5,143.0,85.8,14.0,309.0,10.5,0.63
142244,0.0,8,3.71,59.8,178.0,87.9,13.5,259.0,6.7,1.45
142245,0.0,67,2.17,83.5,246.0,92.8,13.8,210.0,5.8,1.24
142246,0.0,3,1.91,49.3,178.0,87.9,13.5,259.0,6.7,1.45
142247,0.0,43,2.5,92.0,215.0,91.3,12.7,283.0,7.0,2.14
142249,0.0,54,5.0,116.9,191.0,89.2,13.1,236.0,9.3,11.24
142250,0.0,72,2.5,92.7,178.0,87.9,13.5,259.0,6.7,1.45
142251,0.0,5,0.84,92.7,178.0,87.9,13.5,259.0,6.7,1.45
142252,0.0,61,5.0,92.1,237.0,90.7,13.5,202.0,6.4,0.45
142253,0.0,74,2.74,91.2,180.0,90.3,13.9,222.0,6.9,0.67
142254,0.0,8,2.5,92.7,178.0,87.9,13.5,259.0,6.7,1.45
142255,1.0,70,2.54,90.7,184.0,90.9,14.3,141.0,5.3,1.67
142256,0.0,76,2.5,92.7,178.0,87.9,13.5,259.0,6.7,1.45
142258,1.0,80,2.21,93.0,174.0,90.0,13.0,307.0,6.5,3.34
142259,0.0,64,5.0,120.8,175.0,87.1,13.9,278.0,8.2,2.27
142260,0.0,63,2.5,92.7,178.0,87.9,13.5,259.0,6.7,1.45
142261,0.0,12,5.0,92.7,178.0,87.9,13.5,259.0,6.7,1.45
142262,0.0,8,0.91,73.9,178.0,87.9,13.5,259.0,6.7,1.45
142263,0.0,44,2.5,80.4,191.0,91.7,12.7,210.0,5.0,0.35
142264,0.0,63,2.16,89.3,218.0,94.0,14.2,351.0,7.5,4.65
142265,0.0,6,1.05,62.5,178.0,76.9,13.9,275.0,7.2,0.18
142266,1.0,66,0.91,108.6,178.0,94.5,17.4,236.0,7.7,1.45
142267,0.0,57,4.12,91.6,254.0,86.4,12.6,219.0,6.2,0.42
142268,0.0,32,1.17,88.9,175.0,81.6,13.6,303.0,5.3,3.94
142269,0.0,32,0.74,149.3,269.0,86.6,14.3,387.0,7.5,10.42
142270,1.0,76,5.0,92.7,178.0,87.9,13.5,259.0,6.7,1.45
142271,0.0,9,1.91,56.5,178.0,87.9,13.5,259.0,6.7,1.45
142272,0.0,12,3.41,67.2,145.0,79.9,13.8,158.0,5.9,0.24
142273,0.0,18,1.02,71.5,178.0,87.9,13.5,259.0,6.7,1.45
142274,0.0,7,0.81,55.6,178.0,87.9,13.5,259.0,6.7,1.45
142275,0.0,15,0.01,68.5,167.0,83.5,13.8,308.0,4.8,0.44
142277,0.0,2,0.23,56.0,178.0,78.3,13.4,197.0,10.3,1.07
142278,0.0,51,2.13,111.0,316.0,97.3,14.3,322.0,9.1,0.64
142279,0.0,72,4.37,109.4,164.0,87.2,12.8,249.0,6.5,0.39
142280,0.0,23,1.4,124.1,143.0,84.4,14.2,454.0,8.8,3.76
142281,0.0,3,2.5,92.7,178.0,87.9,13.5,259.0,6.7,1.45
142282,0.0,2,5.0,51.7,178.0,87.9,13.5,259.0,6.7,1.45
142283,0.0,29,1.04,137.2,198.0,77.6,15.2,521.0,13.3,53.63
142284,0.0,57,5.0,99.5,178.0,87.9,13.5,259.0,6.7,1.45
142285,0.0,60,5.0,92.7,178.0,87.9,13.5,259.0,6.7,1.45
142286,1.0,70,2.87,105.7,178.0,87.9,13.5,259.0,6.7,1.45
142287,0.0,70,3.04,88.5,173.0,91.3,14.0,184.0,6.0,2.32
142288,0.0,54,3.42,84.6,175.0,91.7,13.9,242.0,6.9,0.53
142289,0.0,68,2.5,68.6,252.0,93.7,12.6,252.0,4.7,1.18
142290,0.0,60,2.33,113.9,181.0,90.1,12.9,255.0,4.9,3.87
142291,0.0,3,0.02,92.7,178.0,87.9,13.5,259.0,6.7,1.45
142292,0.0,10,0.17,57.7,178.0,87.9,13.5,259.0,6.7,1.45
142293,0.0,44,3.6,102.4,178.0,93.3,13.8,202.0,7.3,1.45
142294,0.0,80,1.47,92.7,178.0,87.9,13.5,259.0,6.7,1.45
142295,0.0,80,4.66,111.2,233.0,95.1,13.1,220.0,5.5,1.37
142296,0.0,1,4.5,92.7,178.0,87.9,13.5,259.0,6.7,1.45
142297,0.0,76,1.18,92.7,178.0,87.9,13.5,259.0,6.7,1.45
142298,0.0,60,2.51,136.3,148.0,85.1,14.4,199.0,6.1,1.32
142299,0.0,33,3.28,121.8,167.0,87.2,14.1,230.0,6.7,8.81
142300,0.0,46,0.68,97.6,167.0,66.6,19.8,231.0,7.0,2.85
142301,0.0,80,1.2,92.7,138.0,89.6,14.7,253.0,9.1,1.11
142302,0.0,70,2.33,79.7,174.0,87.8,13.1,240.0,9.0,0.83
142303,1.0,69,0.98,111.0,110.0,83.2,14.3,284.0,5.3,2.15
142304,0.0,14,2.16,69.6,178.0,87.9,13.5,259.0,6.7,1.45
142305,1.0,76,2.25,89.0,180.0,90.7,13.8,353.0,17.4,2.5
142306,0.0,9,2.01,57.7,178.0,87.9,13.5,259.0,6.7,1.45
142307,0.0,49,2.5,92.7,205.0,95.6,15.1,246.0,7.3,4.3
142308,0.0,50,1.95,98.4,178.0,87.9,13.5,259.0,6.7,1.45
142309,0.0,40,3.11,96.0,255.0,88.7,13.4,230.0,3.5,0.53
142310,0.0,80,5.0,110.8,167.0,95.0,13.6,193.0,6.0,5.7
